run,seed,size,algo,impl,heuristic,dup,shuffle,max_nodes,max_bytes,status,solution_len,optimal,generated,expanded,duplicates,improved,open_max,closed,bytes_peak,hash_probes,iterations,last_iter_generated,max_depth,seconds
0,1,3,astar,fast,zero,gcompare,200,0,0,ok,22,-1,211961,77909,109870,0,24242,102091,5570664,1.663,0,0,0,0.014744000
1,2,3,astar,fast,zero,gcompare,200,0,0,ok,22,-1,241373,90115,129045,0,24209,112328,5898352,1.682,0,0,0,0.016939000
2,3,3,astar,fast,zero,gcompare,200,0,0,ok,20,-1,121907,45042,59147,0,17718,62760,3407936,1.693,0,0,0,0.008352000
3,4,3,astar,fast,zero,gcompare,200,0,0,ok,22,-1,238821,89008,127275,0,24242,111546,5898352,1.683,0,0,0,0.016906000
4,5,3,astar,fast,zero,gcompare,200,0,0,ok,24,-1,354919,131611,202242,0,25083,152677,8585368,1.631,0,0,0,0.026073000
5,6,3,astar,fast,zero,gcompare,200,0,0,ok,22,-1,216651,79872,112847,0,24142,103804,5570664,1.659,0,0,0,0.015932000
6,7,3,astar,fast,zero,gcompare,200,0,0,ok,20,-1,162877,61026,82838,0,19624,80039,4587600,1.631,0,0,0,0.011498000
7,8,3,astar,fast,zero,gcompare,200,0,0,ok,22,-1,207229,76043,107061,0,24126,100168,5570664,1.650,0,0,0,0.014338000
8,9,3,astar,fast,zero,gcompare,200,0,0,ok,20,-1,142447,52650,70194,0,19624,72253,4259912,1.654,0,0,0,0.010013000
9,10,3,astar,fast,zero,gcompare,200,0,0,ok,28,-1,473433,177064,292780,0,24182,180653,9896120,1.581,0,0,0,0.032182000
10,11,3,astar,fast,zero,gcompare,200,0,0,ok,20,-1,143121,52934,70594,0,19624,72527,4259912,1.660,0,0,0,0.010210000
11,12,3,astar,fast,zero,gcompare,200,0,0,ok,22,-1,250501,94028,135568,0,24142,114933,6226040,1.681,0,0,0,0.017760000
12,13,3,astar,fast,zero,gcompare,200,0,0,ok,20,-1,140307,51771,68943,0,19624,71364,4259912,1.655,0,0,0,0.010041000
13,14,3,astar,fast,zero,gcompare,200,0,0,ok,20,-1,134131,49340,65397,0,19395,68734,4259912,1.672,0,0,0,0.009655000
14,15,3,astar,fast,zero,gcompare,200,0,0,ok,24,-1,358971,133327,205161,0,25083,153810,8585368,1.637,0,0,0,0.026682000
15,16,3,astar,fast,zero,gcompare,200,0,0,ok,24,-1,354585,132489,202849,0,24182,151736,8585368,1.654,0,0,0,0.025825000
16,17,3,astar,fast,zero,gcompare,200,0,0,ok,22,-1,245133,90401,130082,0,25083,115051,6226040,1.666,0,0,0,0.017262000
17,18,3,astar,fast,zero,gcompare,200,0,0,ok,20,-1,119063,43969,57557,0,17539,61506,3407936,1.674,0,0,0,0.008040000
18,19,3,astar,fast,zero,gcompare,200,0,0,ok,20,-1,114511,42058,54945,0,17561,59566,3407936,1.654,0,0,0,0.007596000
19,20,3,astar,fast,zero,gcompare,200,0,0,ok,24,-1,357439,133733,205146,0,24242,152293,8585368,1.659,0,0,0,0.026114000
20,21,3,astar,fast,zero,gcompare,200,0,0,ok,22,-1,279177,104868,153939,0,25083,125238,6553728,1.656,0,0,0,0.019532000
21,22,3,astar,fast,zero,gcompare,200,0,0,ok,20,-1,129377,48094,63578,0,17799,65799,4259912,1.709,0,0,0,0.009507000
22,23,3,astar,fast,zero,gcompare,200,0,0,ok,24,-1,320217,118087,178396,0,24242,141821,8257680,1.661,0,0,0,0.023784000
23,24,3,astar,fast,zero,gcompare,200,0,0,ok,16,-1,22659,8358,9683,0,4619,12976,851984,1.481,0,0,0,0.001388000
24,25,3,astar,fast,zero,gcompare,200,0,0,ok,28,-1,476403,178384,295381,0,24209,181022,9896120,1.577,0,0,0,0.032216000
25,26,3,astar,fast,zero,gcompare,200,0,0,ok,20,-1,145837,54125,72255,0,19624,73582,4259912,1.644,0,0,0,0.010389000
26,27,3,astar,fast,zero,gcompare,200,0,0,ok,20,-1,112117,41062,53596,0,17459,58521,3407936,1.648,0,0,0,0.007810000
27,28,3,astar,fast,zero,gcompare,200,0,0,ok,16,-1,30375,11386,13422,0,5567,16953,1310744,1.597,0,0,0,0.002001000
28,29,3,astar,fast,zero,gcompare,200,0,0,ok,20,-1,165233,62011,84372,0,19624,80861,4587600,1.627,0,0,0,0.011919000
29,30,3,astar,fast,zero,gcompare,200,0,0,ok,20,-1,109683,40007,52214,0,17466,57469,3407936,1.630,0,0,0,0.007503000
30,31,3,astar,fast,zero,gcompare,200,0,0,ok,24,-1,317265,116863,176461,0,24209,140804,8257680,1.665,0,0,0,0.023550000
31,32,3,astar,fast,zero,gcompare,200,0,0,ok,20,-1,139645,51489,68536,0,19624,71109,4259912,1.655,0,0,0,0.010314000
32,33,3,astar,fast,zero,gcompare,200,0,0,ok,28,-1,479963,179914,298761,0,25083,181202,9896120,1.565,0,0,0,0.031732000
33,34,3,astar,fast,zero,gcompare,200,0,0,ok,26,-1,438965,164015,264199,0,24182,174766,9568432,1.612,0,0,0,0.029998000
34,35,3,astar,fast,zero,gcompare,200,0,0,ok,28,-1,475687,178065,294728,0,24209,180959,9896120,1.578,0,0,0,0.032001000
35,36,3,astar,fast,zero,gcompare,200,0,0,ok,22,-1,216685,79886,112865,0,24142,103820,5570664,1.664,0,0,0,0.015345000
36,37,3,astar,fast,zero,gcompare,200,0,0,ok,20,-1,143909,54115,72577,0,17788,71332,4259912,1.669,0,0,0,0.010455000
37,38,3,astar,fast,zero,gcompare,200,0,0,ok,22,-1,228027,84457,119925,0,24126,108102,5898352,1.676,0,0,0,0.015927000
38,39,3,astar,fast,zero,gcompare,200,0,0,ok,24,-1,315833,116261,175546,0,24204,140287,8257680,1.667,0,0,0,0.023153000
39,40,3,astar,fast,zero,gcompare,200,0,0,ok,18,-1,73685,27228,34029,0,12428,39656,2293800,1.591,0,0,0,0.005164000
40,41,3,astar,fast,zero,gcompare,200,0,0,ok,22,-1,252937,95065,137327,0,24242,115610,6226040,1.681,0,0,0,0.018125000
41,42,3,astar,fast,zero,gcompare,200,0,0,ok,24,-1,337567,125372,190218,0,24209,147349,8257680,1.657,0,0,0,0.024408000
42,43,3,astar,fast,zero,gcompare,200,0,0,ok,22,-1,222465,82130,116419,0,24242,106046,5570664,1.674,0,0,0,0.015691000
43,44,3,astar,fast,zero,gcompare,200,0,0,ok,28,-1,475987,178190,294995,0,24242,180992,9896120,1.578,0,0,0,0.031674000
44,45,3,astar,fast,zero,gcompare,200,0,0,ok,20,-1,118893,43919,57469,0,17561,61424,3407936,1.677,0,0,0,0.007950000
45,46,3,astar,fast,zero,gcompare,200,0,0,ok,22,-1,214249,78893,111366,0,24142,102883,5570664,1.662,0,0,0,0.015502000
46,47,3,astar,fast,zero,gcompare,200,0,0,ok,18,-1,61815,22767,28018,0,11031,33797,2293800,1.643,0,0,0,0.004338000
47,48,3,astar,fast,zero,gcompare,200,0,0,ok,18,-1,66257,24629,30568,0,11128,35689,2293800,1.626,0,0,0,0.004695000
48,49,3,astar,fast,zero,gcompare,200,0,0,ok,26,-1,444767,166511,269225,0,24242,175542,9568432,1.609,0,0,0,0.030151000
49,50,3,astar,fast,zero,gcompare,200,0,0,ok,26,-1,445709,166909,270010,0,24209,175699,9568432,1.608,0,0,0,0.031142000
50,51,3,astar,fast,zero,gcompare,200,0,0,ok,18,-1,57689,21153,25845,0,10715,31844,1703968,1.649,0,0,0,0.003830000
51,52,3,astar,fast,zero,gcompare,200,0,0,ok,20,-1,115159,42331,55320,0,17561,59839,3407936,1.659,0,0,0,0.007680000
52,53,3,astar,fast,zero,gcompare,200,0,0,ok,24,-1,356249,133228,204211,0,24242,152038,8585368,1.657,0,0,0,0.025707000
53,54,3,astar,fast,zero,gcompare,200,0,0,ok,20,-1,111301,40693,53153,0,17455,58148,3407936,1.643,0,0,0,0.007509000
54,55,3,astar,fast,zero,gcompare,200,0,0,ok,18,-1,81089,30480,38487,0,12428,42602,2621488,1.574,0,0,0,0.005691000
55,56,3,astar,fast,zero,gcompare,200,0,0,ok,18,-1,75847,28173,35298,0,12428,40549,2293800,1.585,0,0,0,0.005295000
56,57,3,astar,fast,zero,gcompare,200,0,0,ok,24,-1,348853,130176,198705,0,24242,150148,8585368,1.657,0,0,0,0.025080000
57,58,3,astar,fast,zero,gcompare,200,0,0,ok,26,-1,452739,169305,275466,0,25083,177273,9568432,1.593,0,0,0,0.030783000
58,59,3,astar,fast,zero,gcompare,200,0,0,ok,20,-1,114959,42269,55218,0,17476,59741,3407936,1.661,0,0,0,0.007793000
59,60,3,astar,fast,zero,gcompare,200,0,0,ok,22,-1,212243,78041,110097,0,24209,102146,5570664,1.661,0,0,0,0.015002000
60,61,3,astar,fast,zero,gcompare,200,0,0,ok,20,-1,112291,41064,53666,0,17563,58625,3407936,1.646,0,0,0,0.007587000
61,62,3,astar,fast,zero,gcompare,200,0,0,ok,20,-1,132373,49455,65471,0,17719,66902,4259912,1.700,0,0,0,0.009678000
62,63,3,astar,fast,zero,gcompare,200,0,0,ok,26,-1,449861,168707,273642,0,24209,176219,9568432,1.605,0,0,0,0.031453000
63,64,3,astar,fast,zero,gcompare,200,0,0,ok,24,-1,357741,133820,205291,0,24204,152450,8585368,1.656,0,0,0,0.026312000
64,65,3,astar,fast,zero,gcompare,200,0,0,ok,20,-1,155327,57903,77956,0,19624,77371,4587600,1.637,0,0,0,0.010735000
65,66,3,astar,fast,zero,gcompare,200,0,0,ok,20,-1,123641,45757,60199,0,17719,63442,3407936,1.689,0,0,0,0.008288000
66,67,3,astar,fast,zero,gcompare,200,0,0,ok,18,-1,57197,20938,25553,0,10714,31644,1703968,1.652,0,0,0,0.003827000
67,68,3,astar,fast,zero,gcompare,200,0,0,ok,26,-1,435437,162551,261284,0,24242,174153,9568432,1.617,0,0,0,0.029742000
68,69,3,astar,fast,zero,gcompare,200,0,0,ok,22,-1,227189,84085,119437,0,24209,107752,5898352,1.680,0,0,0,0.015771000
69,70,3,astar,fast,zero,gcompare,200,0,0,ok,26,-1,435487,162592,261349,0,24204,174138,9568432,1.619,0,0,0,0.030741000
70,71,3,astar,fast,zero,gcompare,200,0,0,ok,22,-1,220987,81535,115497,0,24209,105490,5570664,1.671,0,0,0,0.015475000
71,72,3,astar,fast,zero,gcompare,200,0,0,ok,20,-1,110683,40444,52738,0,17503,57945,3407936,1.643,0,0,0,0.007408000
72,73,3,astar,fast,zero,gcompare,200,0,0,ok,12,-1,3947,1455,1606,0,886,2341,368648,0.868,0,0,0,0.000175000
73,74,3,astar,fast,zero,gcompare,200,0,0,ok,20,-1,118419,43748,57184,0,17491,61235,3407936,1.673,0,0,0,0.007992000
74,75,3,astar,fast,zero,gcompare,200,0,0,ok,16,-1,22921,8477,9812,0,4634,13109,851984,1.482,0,0,0,0.001390000
75,76,3,astar,fast,zero,gcompare,200,0,0,ok,26,-1,444047,165658,268189,0,25083,175858,9568432,1.598,0,0,0,0.030836000
76,77,3,astar,fast,zero,gcompare,200,0,0,ok,14,-1,11835,4398,4983,0,2454,6852,425992,1.348,0,0,0,0.000643000
77,78,3,astar,fast,zero,gcompare,200,0,0,ok,24,-1,318853,117502,177454,0,24204,141399,8257680,1.661,0,0,0,0.024125000
78,79,3,astar,fast,zero,gcompare,200,0,0,ok,22,-1,225593,83393,118377,0,24242,107216,5898352,1.675,0,0,0,0.015953000
79,80,3,astar,fast,zero,gcompare,200,0,0,ok,26,-1,444465,166367,268950,0,24204,175515,9568432,1.609,0,0,0,0.031850000
80,81,3,astar,fast,zero,gcompare,200,0,0,ok,24,-1,385639,144575,225300,0,25083,160339,8913056,1.644,0,0,0,0.027396000
81,82,3,astar,fast,zero,gcompare,200,0,0,ok,16,-1,30377,11387,13423,0,5567,16954,1310744,1.616,0,0,0,0.001955000
82,83,3,astar,fast,zero,gcompare,200,0,0,ok,24,-1,364177,136555,210218,0,24209,153959,8585368,1.653,0,0,0,0.026123000
83,84,3,astar,fast,zero,gcompare,200,0,0,ok,20,-1,152809,56886,76402,0,19624,76407,4587600,1.643,0,0,0,0.010927000
84,85,3,astar,fast,zero,gcompare,200,0,0,ok,24,-1,334267,123991,187838,0,24209,146429,8257680,1.662,0,0,0,0.023955000
85,86,3,astar,fast,zero,gcompare,200,0,0,ok,26,-1,449175,167780,272462,0,25083,176713,9568432,1.598,0,0,0,0.031672000
86,87,3,astar,fast,zero,gcompare,200,0,0,ok,24,-1,321673,118701,179327,0,24182,142346,8257680,1.661,0,0,0,0.023298000
87,88,3,astar,fast,zero,gcompare,200,0,0,ok,20,-1,122897,44727,59561,0,18615,63336,3407936,1.671,0,0,0,0.008542000
88,89,3,astar,fast,zero,gcompare,200,0,0,ok,22,-1,247745,92799,133577,0,24126,114168,5898352,1.681,0,0,0,0.018092000
89,90,3,astar,fast,zero,gcompare,200,0,0,ok,24,-1,371175,139524,215728,0,24209,155447,8585368,1.651,0,0,0,0.026387000
90,91,3,astar,fast,zero,gcompare,200,0,0,ok,18,-1,55751,20334,24787,0,10630,30964,1703968,1.638,0,0,0,0.003601000
91,92,3,astar,fast,zero,gcompare,200,0,0,ok,24,-1,358581,134213,205997,0,24242,152584,8585368,1.657,0,0,0,0.025824000
92,93,3,astar,fast,zero,gcompare,200,0,0,ok,26,-1,459709,172397,281568,0,25083,178141,9568432,1.585,0,0,0,0.030915000
93,94,3,astar,fast,zero,gcompare,200,0,0,ok,22,-1,247319,92639,133229,0,24209,114090,5898352,1.686,0,0,0,0.018186000
94,95,3,astar,fast,zero,gcompare,200,0,0,ok,26,-1,427445,159140,254951,0,24242,172494,9568432,1.625,0,0,0,0.030180000
95,96,3,astar,fast,zero,gcompare,200,0,0,ok,24,-1,338433,125731,190854,0,24182,147579,8585368,1.657,0,0,0,0.024549000
96,97,3,astar,fast,zero,gcompare,200,0,0,ok,26,-1,443501,165957,268129,0,24204,175372,9568432,1.608,0,0,0,0.030400000
97,98,3,astar,fast,zero,gcompare,200,0,0,ok,20,-1,116813,43002,56284,0,17572,60529,3407936,1.668,0,0,0,0.007839000
98,99,3,astar,fast,zero,gcompare,200,0,0,ok,20,-1,128883,47884,63271,0,17799,65612,4259912,1.712,0,0,0,0.009210000
99,100,3,astar,fast,zero,gcompare,200,0,0,ok,24,-1,319061,117587,177620,0,24182,141441,8257680,1.663,0,0,0,0.023136000
100,101,3,astar,fast,zero,gcompare,200,0,0,ok,16,-1,28091,10263,11998,0,5832,16093,851984,1.600,0,0,0,0.001726000
101,102,3,astar,fast,zero,gcompare,200,0,0,ok,26,-1,455711,170608,277991,0,25083,177720,9568432,1.591,0,0,0,0.033116000
102,103,3,astar,fast,zero,gcompare,200,0,0,ok,20,-1,142005,52477,69928,0,19624,72077,4259912,1.658,0,0,0,0.010523000
103,104,3,astar,fast,zero,gcompare,200,0,0,ok,20,-1,112825,41322,53994,0,17514,58831,3407936,1.652,0,0,0,0.007946000
104,105,3,astar,fast,zero,gcompare,200,0,0,ok,24,-1,388149,145646,227274,0,25083,160875,8913056,1.641,0,0,0,0.028498000
105,106,3,astar,fast,zero,gcompare,200,0,0,ok,22,-1,197773,72275,101546,0,23962,96227,5242976,1.639,0,0,0,0.014019000
106,107,3,astar,fast,zero,gcompare,200,0,0,ok,14,-1,11965,4452,5044,0,2469,6921,425992,1.365,0,0,0,0.000691000
107,108,3,astar,fast,zero,gcompare,200,0,0,ok,22,-1,211907,77887,109839,0,24242,102068,5570664,1.657,0,0,0,0.015210000
108,109,3,astar,fast,zero,gcompare,200,0,0,ok,24,-1,346897,129314,197155,0,24209,149742,8585368,1.659,0,0,0,0.026295000
109,110,3,astar,fast,zero,gcompare,200,0,0,ok,20,-1,114397,41972,54899,0,17572,59498,3407936,1.665,0,0,0,0.007889000
110,111,3,astar,fast,zero,gcompare,200,0,0,ok,26,-1,442451,165524,267198,0,24209,175253,9568432,1.611,0,0,0,0.031034000
111,112,3,astar,fast,zero,gcompare,200,0,0,ok,24,-1,379785,142090,220823,0,25083,158962,8913056,1.640,0,0,0,0.027526000
112,113,3,astar,fast,zero,gcompare,200,0,0,ok,18,-1,55005,20022,24434,0,10549,30571,1703968,1.620,0,0,0,0.003548000
113,114,3,astar,fast,zero,gcompare,200,0,0,ok,26,-1,425795,158467,253751,0,24204,172044,9568432,1.626,0,0,0,0.029941000
114,115,3,astar,fast,zero,gcompare,200,0,0,ok,22,-1,225885,83520,118574,0,24242,107311,5898352,1.674,0,0,0,0.016484000
115,116,3,astar,fast,zero,gcompare,200,0,0,ok,20,-1,118559,43792,57285,0,17561,61274,3407936,1.666,0,0,0,0.008309000
116,117,3,astar,fast,zero,gcompare,200,0,0,ok,22,-1,199233,72859,102389,0,23988,96844,5242976,1.637,0,0,0,0.014394000
117,118,3,astar,fast,zero,gcompare,200,0,0,ok,24,-1,344923,128464,195652,0,24209,149271,8585368,1.658,0,0,0,0.026906000
118,119,3,astar,fast,zero,gcompare,200,0,0,ok,24,-1,325721,120390,181984,0,24209,143737,8257680,1.664,0,0,0,0.024323000
119,120,3,astar,fast,zero,gcompare,200,0,0,ok,22,-1,225463,82507,117888,0,25070,107575,5898352,1.654,0,0,0,0.016302000
120,121,3,astar,fast,zero,gcompare,200,0,0,ok,18,-1,64879,24041,29749,0,11127,35130,2293800,1.632,0,0,0,0.004208000
121,122,3,astar,fast,zero,gcompare,200,0,0,ok,16,-1,22297,8198,9485,0,4620,12812,851984,1.466,0,0,0,0.001269000
122,123,3,astar,fast,zero,gcompare,200,0,0,ok,24,-1,325871,120484,182142,0,24242,143729,8257680,1.662,0,0,0,0.023667000
123,124,3,astar,fast,zero,gcompare,200,0,0,ok,22,-1,252355,94832,136893,0,24142,115462,6226040,1.679,0,0,0,0.018204000
124,125,3,astar,fast,zero,gcompare,200,0,0,ok,24,-1,320313,118117,178431,0,24182,141882,8257680,1.662,0,0,0,0.023120000
125,126,3,astar,fast,zero,gcompare,200,0,0,ok,22,-1,249731,92315,133085,0,25083,116646,6226040,1.664,0,0,0,0.017475000
126,127,3,astar,fast,zero,gcompare,200,0,0,ok,22,-1,251771,94578,136492,0,24209,115279,6226040,1.687,0,0,0,0.017737000
127,128,3,astar,fast,zero,gcompare,200,0,0,ok,24,-1,318339,117306,177153,0,24209,141186,8257680,1.660,0,0,0,0.025242000
128,129,3,astar,fast,zero,gcompare,200,0,0,ok,26,-1,435747,162674,261537,0,24209,174210,9568432,1.618,0,0,0,0.031322000
129,130,3,astar,fast,zero,gcompare,200,0,0,ok,20,-1,123335,44924,59795,0,18620,63540,3407936,1.673,0,0,0,0.008531000
130,131,3,astar,fast,zero,gcompare,200,0,0,ok,20,-1,165163,61977,84323,0,19624,80840,4587600,1.628,0,0,0,0.012192000
131,132,3,astar,fast,zero,gcompare,200,0,0,ok,26,-1,439841,163884,264825,0,25083,175016,9568432,1.604,0,0,0,0.032052000
132,133,3,astar,fast,zero,gcompare,200,0,0,ok,20,-1,132241,49349,65401,0,17788,66840,4259912,1.699,0,0,0,0.009518000
133,134,3,astar,fast,zero,gcompare,200,0,0,ok,18,-1,69239,25931,32401,0,11127,36838,2293800,1.605,0,0,0,0.004765000
134,135,3,astar,fast,zero,gcompare,200,0,0,ok,26,-1,434719,162245,260682,0,24242,174037,9568432,1.618,0,0,0,0.030139000
135,136,3,astar,fast,zero,gcompare,200,0,0,ok,24,-1,360381,134932,207289,0,24204,153092,8585368,1.655,0,0,0,0.026166000
136,137,3,astar,fast,zero,gcompare,200,0,0,ok,18,-1,83651,31505,40001,0,12428,43650,2621488,1.567,0,0,0,0.005610000
137,138,3,astar,fast,zero,gcompare,200,0,0,ok,16,-1,32587,12062,14144,0,6382,18443,1310744,1.548,0,0,0,0.002104000
138,139,3,astar,fast,zero,gcompare,200,0,0,ok,26,-1,447903,167844,271933,0,24182,175970,9568432,1.604,0,0,0,0.031155000
139,140,3,astar,fast,zero,gcompare,200,0,0,ok,22,-1,250085,93844,135255,0,24209,114830,6226040,1.680,0,0,0,0.017756000
140,141,3,astar,fast,zero,gcompare,200,0,0,ok,24,-1,334967,124283,188341,0,24209,146626,8257680,1.659,0,0,0,0.024222000
141,142,3,astar,fast,zero,gcompare,200,0,0,ok,22,-1,249535,93599,134890,0,24126,114645,5898352,1.680,0,0,0,0.018004000
142,143,3,astar,fast,zero,gcompare,200,0,0,ok,24,-1,333349,123620,187263,0,24204,146086,8257680,1.661,0,0,0,0.023965000
143,144,3,astar,fast,zero,gcompare,200,0,0,ok,22,-1,215645,79446,112190,0,24209,103455,5570664,1.667,0,0,0,0.015871000
144,145,3,astar,fast,zero,gcompare,200,0,0,ok,20,-1,130969,48803,64595,0,17754,66374,4259912,1.698,0,0,0,0.009801000
145,146,3,astar,fast,zero,gcompare,200,0,0,ok,20,-1,144493,54351,72941,0,17799,71552,4259912,1.670,0,0,0,0.010861000
146,147,3,astar,fast,zero,gcompare,200,0,0,ok,24,-1,349051,130185,198743,0,24209,150308,8585368,1.659,0,0,0,0.025630000
147,148,3,astar,fast,zero,gcompare,200,0,0,ok,26,-1,461559,173232,283257,0,25083,178302,9568432,1.585,0,0,0,0.032088000
148,149,3,astar,fast,zero,gcompare,200,0,0,ok,26,-1,422889,157246,251586,0,24204,171303,9240744,1.630,0,0,0,0.030705000
149,150,3,astar,fast,zero,gcompare,200,0,0,ok,24,-1,355233,132806,203435,0,24242,151798,8585368,1.658,0,0,0,0.026224000
150,151,3,astar,fast,zero,gcompare,200,0,0,ok,22,-1,248417,93098,134071,0,24126,114346,5898352,1.683,0,0,0,0.017715000
151,152,3,astar,fast,zero,gcompare,200,0,0,ok,24,-1,390863,146817,229469,0,25083,161394,8913056,1.639,0,0,0,0.027863000
152,153,3,astar,fast,zero,gcompare,200,0,0,ok,24,-1,316277,116441,175830,0,24204,140447,8257680,1.665,0,0,0,0.023044000
153,154,3,astar,fast,zero,gcompare,200,0,0,ok,22,-1,202349,74092,104189,0,24072,98160,5242976,1.643,0,0,0,0.014101000
154,155,3,astar,fast,zero,gcompare,200,0,0,ok,26,-1,453379,170260,276837,0,24204,176542,9568432,1.600,0,0,0,0.031478000
155,156,3,astar,fast,zero,gcompare,200,0,0,ok,20,-1,159541,59640,80667,0,19624,78874,4587600,1.624,0,0,0,0.011565000
156,157,3,astar,fast,zero,gcompare,200,0,0,ok,26,-1,447643,167741,271710,0,24209,175933,9568432,1.604,0,0,0,0.036159000
157,158,3,astar,fast,zero,gcompare,200,0,0,ok,12,-1,5097,1855,2064,0,1178,3033,376840,1.009,0,0,0,0.000238000
158,159,3,astar,fast,zero,gcompare,200,0,0,ok,24,-1,354557,132531,202950,0,24242,151607,8585368,1.655,0,0,0,0.027444000
159,160,3,astar,fast,zero,gcompare,200,0,0,ok,18,-1,75429,27990,35053,0,12428,40376,2293800,1.571,0,0,0,0.005440000
160,161,3,astar,fast,zero,gcompare,200,0,0,ok,18,-1,54233,19689,24016,0,10529,30217,1703968,1.623,0,0,0,0.003625000
161,162,3,astar,fast,zero,gcompare,200,0,0,ok,12,-1,5221,1908,2123,0,1191,3098,376840,1.035,0,0,0,0.000248000
162,163,3,astar,fast,zero,gcompare,200,0,0,ok,24,-1,357919,133932,205498,0,24242,152421,8585368,1.657,0,0,0,0.028841000
163,164,3,astar,fast,zero,gcompare,200,0,0,ok,22,-1,232935,86530,123172,0,24242,109763,5898352,1.670,0,0,0,0.017286000
164,165,3,astar,fast,zero,gcompare,200,0,0,ok,22,-1,201399,73731,103651,0,24021,97748,5242976,1.638,0,0,0,0.014591000
165,166,3,astar,fast,zero,gcompare,200,0,0,ok,20,-1,124827,46215,60872,0,17753,63955,3407936,1.696,0,0,0,0.009010000
166,167,3,astar,fast,zero,gcompare,200,0,0,ok,26,-1,443483,165416,267717,0,25083,175766,9568432,1.603,0,0,0,0.033434000
167,168,3,astar,fast,zero,gcompare,200,0,0,ok,24,-1,318981,117564,177556,0,24209,141425,8257680,1.667,0,0,0,0.023482000
168,169,3,astar,fast,zero,gcompare,200,0,0,ok,24,-1,317237,116839,176425,0,24204,140812,8257680,1.666,0,0,0,0.023293000
169,170,3,astar,fast,zero,gcompare,200,0,0,ok,22,-1,225543,83373,118346,0,24242,107197,5898352,1.671,0,0,0,0.016203000
170,171,3,astar,fast,zero,gcompare,200,0,0,ok,26,-1,432385,161257,258827,0,24204,173558,9568432,1.620,0,0,0,0.031566000
171,172,3,astar,fast,zero,gcompare,200,0,0,ok,22,-1,211249,77616,109453,0,24242,101796,5570664,1.659,0,0,0,0.014939000
172,173,3,astar,fast,zero,gcompare,200,0,0,ok,20,-1,110375,40316,52633,0,17437,57742,3407936,1.632,0,0,0,0.007688000
173,174,3,astar,fast,zero,gcompare,200,0,0,ok,22,-1,244345,91331,131134,0,24126,113211,5898352,1.680,0,0,0,0.017193000
174,175,3,astar,fast,zero,gcompare,200,0,0,ok,24,-1,370697,139308,215330,0,24209,155367,8585368,1.652,0,0,0,0.028028000
175,176,3,astar,fast,zero,gcompare,200,0,0,ok,26,-1,432457,161277,258854,0,24209,173603,9568432,1.620,0,0,0,0.032823000
176,177,3,astar,fast,zero,gcompare,200,0,0,ok,22,-1,216441,79785,112714,0,24142,103727,5570664,1.663,0,0,0,0.016098000
177,178,3,astar,fast,zero,gcompare,200,0,0,ok,26,-1,451681,169504,275288,0,24209,176393,9568432,1.601,0,0,0,0.031731000
178,179,3,astar,fast,zero,gcompare,200,0,0,ok,20,-1,111725,40905,53396,0,17429,58329,3407936,1.653,0,0,0,0.007547000
179,180,3,astar,fast,zero,gcompare,200,0,0,ok,22,-1,245011,90353,130005,0,25083,115006,6226040,1.668,0,0,0,0.017568000
180,181,3,astar,fast,zero,gcompare,200,0,0,ok,24,-1,369177,138674,214180,0,24204,154997,8585368,1.654,0,0,0,0.026230000
181,182,3,astar,fast,zero,gcompare,200,0,0,ok,22,-1,246603,92327,132701,0,24209,113902,5898352,1.682,0,0,0,0.017451000
182,183,3,astar,fast,zero,gcompare,200,0,0,ok,26,-1,452489,169196,275272,0,25083,177217,9568432,1.590,0,0,0,0.032976000
183,184,3,astar,fast,zero,gcompare,200,0,0,ok,22,-1,221197,81624,115614,0,24242,105583,5570664,1.664,0,0,0,0.015590000
184,185,3,astar,fast,zero,gcompare,200,0,0,ok,14,-1,15047,5650,6455,0,2942,8592,819216,1.490,0,0,0,0.000917000
185,186,3,astar,fast,zero,gcompare,200,0,0,ok,22,-1,199651,73021,102631,0,24010,97020,5242976,1.635,0,0,0,0.013910000
186,187,3,astar,fast,zero,gcompare,200,0,0,ok,22,-1,198537,72576,101985,0,23984,96552,5242976,1.636,0,0,0,0.014169000
187,188,3,astar,fast,zero,gcompare,200,0,0,ok,24,-1,380771,142502,221564,0,25083,159207,8913056,1.639,0,0,0,0.027702000
188,189,3,astar,fast,zero,gcompare,200,0,0,ok,28,-1,478023,179092,296908,0,24204,181115,9896120,1.575,0,0,0,0.031906000
189,190,3,astar,fast,zero,gcompare,200,0,0,ok,26,-1,440877,164827,265840,0,24182,175037,9568432,1.612,0,0,0,0.031659000
190,191,3,astar,fast,zero,gcompare,200,0,0,ok,22,-1,199005,72738,102242,0,24029,96763,5242976,1.640,0,0,0,0.014007000
191,192,3,astar,fast,zero,gcompare,200,0,0,ok,24,-1,327645,121201,183286,0,24209,144359,8257680,1.661,0,0,0,0.024412000
192,193,3,astar,fast,zero,gcompare,200,0,0,ok,24,-1,333409,123648,187319,0,24182,146090,8257680,1.660,0,0,0,0.024323000
193,194,3,astar,fast,zero,gcompare,200,0,0,ok,20,-1,145247,53862,71879,0,19624,73368,4259912,1.647,0,0,0,0.010325000
194,195,3,astar,fast,zero,gcompare,200,0,0,ok,26,-1,456081,170780,278321,0,25083,177760,9568432,1.589,0,0,0,0.031677000
195,196,3,astar,fast,zero,gcompare,200,0,0,ok,18,-1,62841,23182,28586,0,11073,34255,2293800,1.656,0,0,0,0.004468000
196,197,3,astar,fast,zero,gcompare,200,0,0,ok,22,-1,197301,72074,101245,0,23985,96056,5242976,1.632,0,0,0,0.014206000
197,198,3,astar,fast,zero,gcompare,200,0,0,ok,16,-1,30943,11616,13712,0,5615,17231,1310744,1.585,0,0,0,0.002077000
198,199,3,astar,fast,zero,gcompare,200,0,0,ok,20,-1,164739,61793,84043,0,19624,80696,4587600,1.619,0,0,0,0.012060000
199,200,3,astar,fast,zero,gcompare,200,0,0,ok,16,-1,22393,8238,9542,0,4613,12851,851984,1.476,0,0,0,0.001378000
200,201,3,astar,fast,zero,gcompare,200,0,0,ok,28,-1,477557,178863,296613,0,25083,180944,9896120,1.565,0,0,0,0.031703000
201,202,3,astar,fast,zero,gcompare,200,0,0,ok,22,-1,224091,82803,117427,0,24126,106664,5898352,1.677,0,0,0,0.015785000
202,203,3,astar,fast,zero,gcompare,200,0,0,ok,18,-1,51061,18502,22585,0,9974,28476,1703968,1.589,0,0,0,0.003389000
203,204,3,astar,fast,zero,gcompare,200,0,0,ok,24,-1,370577,139265,215269,0,24182,155308,8585368,1.652,0,0,0,0.026708000
204,205,3,astar,fast,zero,gcompare,200,0,0,ok,28,-1,480211,180080,299005,0,24209,181206,9896120,1.572,0,0,0,0.031995000
205,206,3,astar,fast,zero,gcompare,200,0,0,ok,16,-1,22683,8369,9674,0,4642,13009,851984,1.492,0,0,0,0.001370000
206,207,3,astar,fast,zero,gcompare,200,0,0,ok,24,-1,367147,136814,211245,0,25083,155902,8913056,1.638,0,0,0,0.026716000
207,208,3,astar,fast,zero,gcompare,200,0,0,ok,24,-1,323659,119538,180618,0,24209,143041,8257680,1.666,0,0,0,0.023487000
208,209,3,astar,fast,zero,gcompare,200,0,0,ok,22,-1,223329,82463,116945,0,24242,106384,5570664,1.669,0,0,0,0.015760000
209,210,3,astar,fast,zero,gcompare,200,0,0,ok,24,-1,359605,134610,206713,0,24204,152892,8585368,1.655,0,0,0,0.026031000
210,211,3,astar,fast,zero,gcompare,200,0,0,ok,20,-1,115589,42510,55566,0,17561,60023,3407936,1.658,0,0,0,0.008108000
211,212,3,astar,fast,zero,gcompare,200,0,0,ok,22,-1,230097,85309,121297,0,24242,108800,5898352,1.674,0,0,0,0.017327000
212,213,3,astar,fast,zero,gcompare,200,0,0,ok,22,-1,251493,94460,136277,0,24209,115216,6226040,1.681,0,0,0,0.018433000
213,214,3,astar,fast,zero,gcompare,200,0,0,ok,16,-1,29489,10817,12638,0,6034,16851,1310744,1.589,0,0,0,0.001936000
214,215,3,astar,fast,zero,gcompare,200,0,0,ok,22,-1,205405,75271,105908,0,24231,99497,5570664,1.653,0,0,0,0.014475000
215,216,3,astar,fast,zero,gcompare,200,0,0,ok,22,-1,254063,95567,138153,0,24242,115910,6226040,1.678,0,0,0,0.018176000
216,217,3,astar,fast,zero,gcompare,200,0,0,ok,22,-1,249213,93458,134660,0,24126,114553,5898352,1.680,0,0,0,0.017605000
217,218,3,astar,fast,zero,gcompare,200,0,0,ok,28,-1,476449,178406,295424,0,24209,181025,9896120,1.578,0,0,0,0.032043000
218,219,3,astar,fast,zero,gcompare,200,0,0,ok,18,-1,55079,20050,24469,0,10561,30610,1703968,1.616,0,0,0,0.003585000
219,220,3,astar,fast,zero,gcompare,200,0,0,ok,18,-1,68073,24986,31124,0,11967,36949,2293800,1.592,0,0,0,0.004591000
220,221,3,astar,fast,zero,gcompare,200,0,0,ok,24,-1,368989,137589,212634,0,25083,156355,8913056,1.637,0,0,0,0.026614000
221,222,3,astar,fast,zero,gcompare,200,0,0,ok,24,-1,349935,129548,198793,0,25083,151142,8585368,1.633,0,0,0,0.025703000
222,223,3,astar,fast,zero,gcompare,200,0,0,ok,26,-1,422465,157043,251276,0,24242,171189,9240744,1.626,0,0,0,0.029958000
223,224,3,astar,fast,zero,gcompare,200,0,0,ok,14,-1,13489,5068,5739,0,2683,7750,425992,1.482,0,0,0,0.000750000
224,225,3,astar,fast,zero,gcompare,200,0,0,ok,24,-1,347265,129464,197414,0,24182,149851,8585368,1.655,0,0,0,0.025955000
225,226,3,astar,fast,zero,gcompare,200,0,0,ok,24,-1,360371,134912,207254,0,24182,153117,8585368,1.655,0,0,0,0.026769000
226,227,3,astar,fast,zero,gcompare,200,0,0,ok,24,-1,370553,138240,213774,0,25083,156779,8913056,1.639,0,0,0,0.026467000
227,228,3,astar,fast,zero,gcompare,200,0,0,ok,26,-1,453043,170112,276538,0,24182,176505,9568432,1.602,0,0,0,0.030834000
228,229,3,astar,fast,zero,gcompare,200,0,0,ok,18,-1,69089,25412,31677,0,12000,37412,2293800,1.597,0,0,0,0.004672000
229,230,3,astar,fast,zero,gcompare,200,0,0,ok,20,-1,116747,43033,56233,0,17488,60514,3407936,1.669,0,0,0,0.007971000
230,231,3,astar,fast,zero,gcompare,200,0,0,ok,26,-1,425977,158509,253866,0,24242,172111,9568432,1.625,0,0,0,0.030062000
231,232,3,astar,fast,zero,gcompare,200,0,0,ok,22,-1,197261,72061,101233,0,23967,96028,5242976,1.636,0,0,0,0.013852000
232,233,3,astar,fast,zero,gcompare,200,0,0,ok,26,-1,430037,160205,256918,0,24182,173119,9568432,1.624,0,0,0,0.029959000
233,234,3,astar,fast,zero,gcompare,200,0,0,ok,20,-1,162831,61007,82809,0,19624,80022,4587600,1.625,0,0,0,0.011735000
234,235,3,astar,fast,zero,gcompare,200,0,0,ok,22,-1,230431,85453,121519,0,24242,108912,5898352,1.674,0,0,0,0.016762000
235,236,3,astar,fast,zero,gcompare,200,0,0,ok,20,-1,124771,46198,60826,0,17747,63945,3407936,1.701,0,0,0,0.008773000
236,237,3,astar,fast,zero,gcompare,200,0,0,ok,28,-1,476373,178362,295358,0,24182,181015,9896120,1.579,0,0,0,0.032659000
237,238,3,astar,fast,zero,gcompare,200,0,0,ok,20,-1,134003,49289,65323,0,19393,68680,4259912,1.672,0,0,0,0.009751000
238,239,3,astar,fast,zero,gcompare,200,0,0,ok,20,-1,134185,50185,66604,0,17788,67581,4259912,1.691,0,0,0,0.009479000
239,240,3,astar,fast,zero,gcompare,200,0,0,ok,24,-1,345863,128876,196379,0,24209,149484,8585368,1.656,0,0,0,0.026925000
240,241,3,astar,fast,zero,gcompare,200,0,0,ok,20,-1,132295,49420,65420,0,17719,66875,4259912,1.694,0,0,0,0.010250000
241,242,3,astar,fast,zero,gcompare,200,0,0,ok,16,-1,24743,9258,10712,0,4774,14031,851984,1.536,0,0,0,0.001623000
242,243,3,astar,fast,zero,gcompare,200,0,0,ok,22,-1,262077,97458,141438,0,25083,120639,6226040,1.663,0,0,0,0.018550000
243,244,3,astar,fast,zero,gcompare,200,0,0,ok,24,-1,371479,138630,214468,0,25083,157011,8913056,1.639,0,0,0,0.026649000
244,245,3,astar,fast,zero,gcompare,200,0,0,ok,14,-1,16065,6040,6942,0,3083,9123,819216,1.464,0,0,0,0.000964000
245,246,3,astar,fast,zero,gcompare,200,0,0,ok,22,-1,250433,93995,135549,0,24126,114884,6226040,1.681,0,0,0,0.017958000
246,247,3,astar,fast,zero,gcompare,200,0,0,ok,22,-1,209265,76824,108262,0,24209,101003,5570664,1.650,0,0,0,0.014678000
247,248,3,astar,fast,zero,gcompare,200,0,0,ok,28,-1,476955,178621,295887,0,24242,181068,9896120,1.577,0,0,0,0.031869000
248,249,3,astar,fast,zero,gcompare,200,0,0,ok,28,-1,478339,179238,297197,0,24209,181142,9896120,1.574,0,0,0,0.032638000
249,250,3,astar,fast,zero,gcompare,200,0,0,ok,28,-1,475857,178132,294882,0,24242,180975,9896120,1.581,0,0,0,0.032187000
250,251,3,astar,fast,zero,gcompare,200,0,0,ok,26,-1,436927,163182,262503,0,24242,174424,9568432,1.615,0,0,0,0.030385000
251,252,3,astar,fast,zero,gcompare,200,0,0,ok,24,-1,366465,136533,210758,0,25083,155707,8913056,1.639,0,0,0,0.026654000
252,253,3,astar,fast,zero,gcompare,200,0,0,ok,24,-1,348453,128920,197767,0,25083,150686,8585368,1.635,0,0,0,0.025232000
253,254,3,astar,fast,zero,gcompare,200,0,0,ok,22,-1,264825,98571,143324,0,25083,121501,6226040,1.661,0,0,0,0.018645000
254,255,3,astar,fast,zero,gcompare,200,0,0,ok,22,-1,239563,89320,127796,0,24242,111767,5898352,1.684,0,0,0,0.017053000
255,256,3,astar,fast,zero,gcompare,200,0,0,ok,20,-1,112217,41031,53624,0,17563,58593,3407936,1.641,0,0,0,0.007681000
256,257,3,astar,fast,zero,gcompare,200,0,0,ok,20,-1,107745,39219,51173,0,17362,56572,3080248,1.629,0,0,0,0.007212000
257,258,3,astar,fast,zero,gcompare,200,0,0,ok,24,-1,393721,148019,231771,0,25083,161950,8913056,1.638,0,0,0,0.028088000
258,259,3,astar,fast,zero,gcompare,200,0,0,ok,20,-1,108603,39600,51668,0,17339,56935,3080248,1.624,0,0,0,0.007395000
259,260,3,astar,fast,zero,gcompare,200,0,0,ok,28,-1,479635,179813,298447,0,24182,181188,9896120,1.573,0,0,0,0.032398000
260,261,3,astar,fast,zero,gcompare,200,0,0,ok,26,-1,442331,164929,266791,0,25083,175540,9568432,1.601,0,0,0,0.030902000
261,262,3,astar,fast,zero,gcompare,200,0,0,ok,24,-1,367213,137876,212665,0,24242,154548,8585368,1.658,0,0,0,0.026445000
262,263,3,astar,fast,zero,gcompare,200,0,0,ok,22,-1,210521,77339,109055,0,24209,101466,5570664,1.654,0,0,0,0.014717000
263,264,3,astar,fast,zero,gcompare,200,0,0,ok,22,-1,269819,100779,147025,0,25083,122794,6226040,1.656,0,0,0,0.020686000
264,265,3,astar,fast,zero,gcompare,200,0,0,ok,22,-1,247269,92598,133199,0,24142,114070,5898352,1.684,0,0,0,0.018232000
265,266,3,astar,fast,zero,gcompare,200,0,0,ok,26,-1,427027,158937,254617,0,24182,172410,9568432,1.626,0,0,0,0.030530000
266,267,3,astar,fast,zero,gcompare,200,0,0,ok,26,-1,431757,160947,258264,0,24182,173493,9568432,1.621,0,0,0,0.031028000
267,268,3,astar,fast,zero,gcompare,200,0,0,ok,20,-1,116825,43066,56277,0,17488,60548,3407936,1.667,0,0,0,0.007994000
268,269,3,astar,fast,zero,gcompare,200,0,0,ok,24,-1,361421,135371,208078,0,24182,153343,8585368,1.654,0,0,0,0.026214000
269,270,3,astar,fast,zero,gcompare,200,0,0,ok,26,-1,428487,159564,255733,0,24182,172754,9568432,1.624,0,0,0,0.030049000
270,271,3,astar,fast,zero,gcompare,200,0,0,ok,24,-1,352161,130470,200327,0,25083,151834,8585368,1.639,0,0,0,0.025812000
271,272,3,astar,fast,zero,gcompare,200,0,0,ok,18,-1,68659,25689,32067,0,11140,36592,2293800,1.610,0,0,0,0.004681000
272,273,3,astar,fast,zero,gcompare,200,0,0,ok,20,-1,144495,53532,71415,0,19624,73080,4259912,1.645,0,0,0,0.010424000
273,274,3,astar,fast,zero,gcompare,200,0,0,ok,28,-1,478923,179491,297757,0,24204,181166,9896120,1.577,0,0,0,0.032816000
274,275,3,astar,fast,zero,gcompare,200,0,0,ok,18,-1,64543,23513,29244,0,11788,35299,2293800,1.612,0,0,0,0.004351000
275,276,3,astar,fast,zero,gcompare,200,0,0,ok,26,-1,422475,157045,251298,0,24209,171177,9240744,1.629,0,0,0,0.030781000
276,277,3,astar,fast,zero,gcompare,200,0,0,ok,22,-1,241521,90137,129120,0,24142,112401,5898352,1.683,0,0,0,0.017096000
277,278,3,astar,fast,zero,gcompare,200,0,0,ok,24,-1,370409,139195,215136,0,24182,155273,8585368,1.652,0,0,0,0.027242000
278,279,3,astar,fast,zero,gcompare,200,0,0,ok,24,-1,317631,117011,176691,0,24242,140940,8257680,1.666,0,0,0,0.023674000
279,280,3,astar,fast,zero,gcompare,200,0,0,ok,22,-1,213351,78545,110837,0,24126,102514,5570664,1.653,0,0,0,0.015209000
280,281,3,astar,fast,zero,gcompare,200,0,0,ok,22,-1,270469,101060,147501,0,25083,122968,6553728,1.660,0,0,0,0.019600000
281,282,3,astar,fast,zero,gcompare,200,0,0,ok,26,-1,431055,160643,257717,0,24182,173338,9568432,1.624,0,0,0,0.030960000
282,283,3,astar,fast,zero,gcompare,200,0,0,ok,28,-1,480653,180263,299444,0,24182,181209,9896120,1.574,0,0,0,0.032790000
283,284,3,astar,fast,zero,gcompare,200,0,0,ok,28,-1,472245,176552,291787,0,24209,180458,9896120,1.581,0,0,0,0.032305000
284,285,3,astar,fast,zero,gcompare,200,0,0,ok,24,-1,318679,117442,177370,0,24209,141309,8257680,1.661,0,0,0,0.023326000
285,286,3,astar,fast,zero,gcompare,200,0,0,ok,22,-1,197835,72298,101579,0,23962,96256,5242976,1.639,0,0,0,0.013972000
286,287,3,astar,fast,zero,gcompare,200,0,0,ok,20,-1,112593,41229,53814,0,17561,58779,3407936,1.650,0,0,0,0.007881000
287,288,3,astar,fast,zero,gcompare,200,0,0,ok,24,-1,351313,131155,200431,0,24204,150882,8585368,1.657,0,0,0,0.026281000
288,289,3,astar,fast,zero,gcompare,200,0,0,ok,24,-1,386625,144991,226060,0,25083,160565,8913056,1.641,0,0,0,0.028841000
289,290,3,astar,fast,zero,gcompare,200,0,0,ok,20,-1,154937,57738,77700,0,19624,77237,4587600,1.637,0,0,0,0.010890000
290,291,3,astar,fast,zero,gcompare,200,0,0,ok,20,-1,115835,42612,55702,0,17561,60133,3407936,1.663,0,0,0,0.007915000
291,292,3,astar,fast,zero,gcompare,200,0,0,ok,24,-1,362921,136021,209230,0,24209,153691,8585368,1.652,0,0,0,0.026375000
292,293,3,astar,fast,zero,gcompare,200,0,0,ok,24,-1,325013,120091,181510,0,24204,143503,8257680,1.663,0,0,0,0.023671000
293,294,3,astar,fast,zero,gcompare,200,0,0,ok,16,-1,25763,9306,10919,0,5540,14844,851984,1.544,0,0,0,0.001459000
294,295,3,astar,fast,zero,gcompare,200,0,0,ok,20,-1,114441,42028,54902,0,17561,59539,3407936,1.651,0,0,0,0.008031000
295,296,3,astar,fast,zero,gcompare,200,0,0,ok,20,-1,128059,47573,62814,0,17719,65245,3407936,1.710,0,0,0,0.008758000
296,297,3,astar,fast,zero,gcompare,200,0,0,ok,26,-1,449229,168423,273068,0,24209,176161,9568432,1.606,0,0,0,0.031261000
297,298,3,astar,fast,zero,gcompare,200,0,0,ok,22,-1,251013,94246,135975,0,24126,115038,6226040,1.676,0,0,0,0.017839000
298,299,3,astar,fast,zero,gcompare,200,0,0,ok,18,-1,56697,20687,25271,0,10742,31426,1703968,1.636,0,0,0,0.003741000
299,300,3,astar,fast,zero,gcompare,200,0,0,ok,26,-1,422273,156963,251156,0,24209,171117,9240744,1.629,0,0,0,0.030286000
300,301,3,astar,fast,zero,gcompare,200,0,0,ok,18,-1,76739,28570,35838,0,12428,40901,2293800,1.564,0,0,0,0.005220000
301,302,3,astar,fast,zero,gcompare,200,0,0,ok,18,-1,57733,21171,25868,0,10715,31865,1703968,1.667,0,0,0,0.003791000
302,303,3,astar,fast,zero,gcompare,200,0,0,ok,22,-1,233899,86940,123812,0,24126,110087,5898352,1.674,0,0,0,0.017377000
303,304,3,astar,fast,zero,gcompare,200,0,0,ok,26,-1,462121,173491,283783,0,25083,178338,9568432,1.583,0,0,0,0.031430000
304,305,3,astar,fast,zero,gcompare,200,0,0,ok,22,-1,237301,87250,125112,0,25083,112189,5898352,1.657,0,0,0,0.016593000
305,306,3,astar,fast,zero,gcompare,200,0,0,ok,24,-1,361565,135430,208188,0,24182,153377,8585368,1.654,0,0,0,0.025976000
306,307,3,astar,fast,zero,gcompare,200,0,0,ok,20,-1,106953,38919,50784,0,17250,56169,3080248,1.623,0,0,0,0.007554000
307,308,3,astar,fast,zero,gcompare,200,0,0,ok,24,-1,387981,145566,227132,0,25083,160849,8913056,1.641,0,0,0,0.028481000
308,309,3,astar,fast,zero,gcompare,200,0,0,ok,20,-1,132875,49628,65808,0,17754,67067,4259912,1.685,0,0,0,0.009871000
309,310,3,astar,fast,zero,gcompare,200,0,0,ok,22,-1,233573,85777,122848,0,25083,110725,5898352,1.657,0,0,0,0.016365000
310,311,3,astar,fast,zero,gcompare,200,0,0,ok,22,-1,199781,73059,102707,0,24029,97074,5242976,1.642,0,0,0,0.014012000
311,312,3,astar,fast,zero,gcompare,200,0,0,ok,26,-1,443689,166025,268236,0,24182,175453,9568432,1.612,0,0,0,0.031028000
312,313,3,astar,fast,zero,gcompare,200,0,0,ok,18,-1,58067,21319,26043,0,10718,32024,1703968,1.650,0,0,0,0.003891000
313,314,3,astar,fast,zero,gcompare,200,0,0,ok,16,-1,35623,13274,15706,0,6644,19917,1310744,1.539,0,0,0,0.002384000
314,315,3,astar,fast,zero,gcompare,200,0,0,ok,22,-1,257403,95518,138247,0,25083,119156,6226040,1.660,0,0,0,0.018521000
315,316,3,astar,fast,zero,gcompare,200,0,0,ok,28,-1,476021,178210,295034,0,24182,180987,9896120,1.581,0,0,0,0.032617000
316,317,3,astar,fast,zero,gcompare,200,0,0,ok,18,-1,71217,26773,33592,0,11090,37625,2293800,1.593,0,0,0,0.004909000
317,318,3,astar,fast,zero,gcompare,200,0,0,ok,22,-1,217889,80354,113614,0,24142,104275,5570664,1.663,0,0,0,0.015580000
318,319,3,astar,fast,zero,gcompare,200,0,0,ok,18,-1,55507,20213,24677,0,10617,30830,1703968,1.617,0,0,0,0.003680000
319,320,3,astar,fast,zero,gcompare,200,0,0,ok,18,-1,56817,20764,25340,0,10715,31477,1703968,1.647,0,0,0,0.003844000
320,321,3,astar,fast,zero,gcompare,200,0,0,ok,26,-1,427657,159257,255166,0,24204,172491,9568432,1.625,0,0,0,0.031771000
321,322,3,astar,fast,zero,gcompare,200,0,0,ok,24,-1,348819,130089,198575,0,24209,150244,8585368,1.657,0,0,0,0.026101000
322,323,3,astar,fast,zero,gcompare,200,0,0,ok,22,-1,244079,89977,129407,0,25083,114672,5898352,1.663,0,0,0,0.017382000
323,324,3,astar,fast,zero,gcompare,200,0,0,ok,22,-1,260593,96828,140395,0,25083,120198,6226040,1.664,0,0,0,0.018577000
324,325,3,astar,fast,zero,gcompare,200,0,0,ok,18,-1,71957,26535,33140,0,12282,38817,2293800,1.585,0,0,0,0.004926000
325,326,3,astar,fast,zero,gcompare,200,0,0,ok,24,-1,315815,116258,175524,0,24242,140291,8257680,1.665,0,0,0,0.023091000
326,327,3,astar,fast,zero,gcompare,200,0,0,ok,22,-1,218549,80592,114001,0,24209,104548,5570664,1.662,0,0,0,0.015817000
327,328,3,astar,fast,zero,gcompare,200,0,0,ok,20,-1,109379,39912,52075,0,17396,57304,3080248,1.632,0,0,0,0.007505000
328,329,3,astar,fast,zero,gcompare,200,0,0,ok,22,-1,238503,87725,125852,0,25083,112651,5898352,1.662,0,0,0,0.017240000
329,330,3,astar,fast,zero,gcompare,200,0,0,ok,22,-1,281891,106048,155945,0,25083,125946,6553728,1.656,0,0,0,0.020522000
330,331,3,astar,fast,zero,gcompare,200,0,0,ok,18,-1,71957,26535,33140,0,12282,38817,2293800,1.585,0,0,0,0.005102000
331,332,3,astar,fast,zero,gcompare,200,0,0,ok,24,-1,351181,131103,200331,0,24204,150850,8585368,1.654,0,0,0,0.027044000
332,333,3,astar,fast,zero,gcompare,200,0,0,ok,14,-1,15317,5746,6582,0,2989,8735,819216,1.492,0,0,0,0.000984000
333,334,3,astar,fast,zero,gcompare,200,0,0,ok,24,-1,388219,145677,227330,0,25083,160889,8913056,1.640,0,0,0,0.029753000
334,335,3,astar,fast,zero,gcompare,200,0,0,ok,26,-1,434429,162108,260439,0,24209,173990,9568432,1.617,0,0,0,0.031378000
335,336,3,astar,fast,zero,gcompare,200,0,0,ok,20,-1,142919,53730,71981,0,17788,70938,4259912,1.665,0,0,0,0.010427000
336,337,3,astar,fast,zero,gcompare,200,0,0,ok,18,-1,66287,24230,30161,0,11896,36126,2293800,1.601,0,0,0,0.004587000
337,338,3,astar,fast,zero,gcompare,200,0,0,ok,22,-1,214677,79075,111627,0,24142,103050,5570664,1.659,0,0,0,0.015250000
338,339,3,astar,fast,zero,gcompare,200,0,0,ok,22,-1,235817,87758,125143,0,24126,110674,5898352,1.683,0,0,0,0.017097000
339,340,3,astar,fast,zero,gcompare,200,0,0,ok,26,-1,448709,167588,272081,0,25083,176628,9568432,1.594,0,0,0,0.030994000
340,341,3,astar,fast,zero,gcompare,200,0,0,ok,24,-1,323509,119478,180522,0,24209,142987,8257680,1.663,0,0,0,0.023399000
341,342,3,astar,fast,zero,gcompare,200,0,0,ok,22,-1,248761,93266,134300,0,24142,114461,5898352,1.680,0,0,0,0.018117000
342,343,3,astar,fast,zero,gcompare,200,0,0,ok,26,-1,422939,157236,251622,0,24242,171317,9240744,1.633,0,0,0,0.029969000
343,344,3,astar,fast,zero,gcompare,200,0,0,ok,22,-1,254459,95746,138452,0,24126,116007,6226040,1.675,0,0,0,0.018236000
344,345,3,astar,fast,zero,gcompare,200,0,0,ok,26,-1,442739,165100,267116,0,25083,175623,9568432,1.602,0,0,0,0.032110000
345,346,3,astar,fast,zero,gcompare,200,0,0,ok,26,-1,457625,171472,279704,0,25083,177921,9568432,1.589,0,0,0,0.032214000
346,347,3,astar,fast,zero,gcompare,200,0,0,ok,18,-1,50331,18221,22250,0,9861,28081,1703968,1.590,0,0,0,0.003214000
347,348,3,astar,fast,zero,gcompare,200,0,0,ok,22,-1,211309,77707,109577,0,24142,101732,5570664,1.656,0,0,0,0.014979000
348,349,3,astar,fast,zero,gcompare,200,0,0,ok,24,-1,378361,141503,219724,0,25083,158637,8913056,1.643,0,0,0,0.027593000
349,350,3,astar,fast,zero,gcompare,200,0,0,ok,20,-1,146149,54262,72449,0,19624,73700,4259912,1.643,0,0,0,0.010798000
350,351,3,astar,fast,zero,gcompare,200,0,0,ok,26,-1,441793,165245,266677,0,24204,175116,9568432,1.611,0,0,0,0.030500000
351,352,3,astar,fast,zero,gcompare,200,0,0,ok,20,-1,132317,48609,64427,0,19282,67890,4259912,1.675,0,0,0,0.009435000
352,353,3,astar,fast,zero,gcompare,200,0,0,ok,22,-1,225417,83360,118287,0,24126,107130,5898352,1.672,0,0,0,0.016398000
353,354,3,astar,fast,zero,gcompare,200,0,0,ok,24,-1,368685,137460,212400,0,25083,156285,8913056,1.637,0,0,0,0.026749000
354,355,3,astar,fast,zero,gcompare,200,0,0,ok,24,-1,346347,128039,196344,0,25083,150003,8585368,1.637,0,0,0,0.025392000
355,356,3,astar,fast,zero,gcompare,200,0,0,ok,24,-1,318745,117471,177415,0,24209,141330,8257680,1.662,0,0,0,0.023163000
356,357,3,astar,fast,zero,gcompare,200,0,0,ok,22,-1,230145,85355,121327,0,24126,108818,5898352,1.673,0,0,0,0.016230000
357,358,3,astar,fast,zero,gcompare,200,0,0,ok,22,-1,248355,91755,132192,0,25083,116163,6226040,1.668,0,0,0,0.018161000
358,359,3,astar,fast,zero,gcompare,200,0,0,ok,20,-1,114679,42117,55062,0,17514,59617,3407936,1.663,0,0,0,0.008008000
359,360,3,astar,fast,zero,gcompare,200,0,0,ok,22,-1,226479,83792,118984,0,24209,107495,5898352,1.679,0,0,0,0.016414000
360,361,3,astar,fast,zero,gcompare,200,0,0,ok,16,-1,23189,8610,9937,0,4646,13252,851984,1.487,0,0,0,0.001403000
361,362,3,astar,fast,zero,gcompare,200,0,0,ok,24,-1,349835,130552,199336,0,24204,150499,8585368,1.656,0,0,0,0.025230000
362,363,3,astar,fast,zero,gcompare,200,0,0,ok,22,-1,241665,90227,129223,0,24126,112442,5898352,1.678,0,0,0,0.016988000
363,364,3,astar,fast,zero,gcompare,200,0,0,ok,22,-1,209199,76798,108224,0,24209,100975,5570664,1.656,0,0,0,0.014892000
364,365,3,astar,fast,zero,gcompare,200,0,0,ok,26,-1,431955,161071,258475,0,24209,173480,9568432,1.619,0,0,0,0.030602000
365,366,3,astar,fast,zero,gcompare,200,0,0,ok,20,-1,117153,43162,56473,0,17532,60680,3407936,1.666,0,0,0,0.008196000
366,367,3,astar,fast,zero,gcompare,200,0,0,ok,22,-1,238409,88852,126982,0,24209,111427,5898352,1.682,0,0,0,0.017372000
367,368,3,astar,fast,zero,gcompare,200,0,0,ok,20,-1,129809,47619,63134,0,19056,66675,4259912,1.676,0,0,0,0.009491000
368,369,3,astar,fast,zero,gcompare,200,0,0,ok,18,-1,76123,28295,35471,0,12428,40652,2293800,1.580,0,0,0,0.005334000
369,370,3,astar,fast,zero,gcompare,200,0,0,ok,28,-1,479003,179491,297882,0,25083,181121,9896120,1.568,0,0,0,0.033026000
370,371,3,astar,fast,zero,gcompare,200,0,0,ok,18,-1,57905,21247,25964,0,10715,31941,1703968,1.653,0,0,0,0.003856000
371,372,3,astar,fast,zero,gcompare,200,0,0,ok,20,-1,125475,46485,61239,0,17755,64236,3407936,1.703,0,0,0,0.008832000
372,373,3,astar,fast,zero,gcompare,200,0,0,ok,26,-1,448013,167898,272047,0,24242,175966,9568432,1.606,0,0,0,0.031214000
373,374,3,astar,fast,zero,gcompare,200,0,0,ok,22,-1,238821,88997,127222,0,24142,111599,5898352,1.684,0,0,0,0.017514000
374,375,3,astar,fast,zero,gcompare,200,0,0,ok,20,-1,136085,50112,66516,0,19460,69569,4259912,1.663,0,0,0,0.009934000
375,376,3,astar,fast,zero,gcompare,200,0,0,ok,20,-1,116843,43073,56288,0,17488,60555,3407936,1.667,0,0,0,0.008413000
376,377,3,astar,fast,zero,gcompare,200,0,0,ok,28,-1,480239,180032,299026,0,25083,181213,9896120,1.563,0,0,0,0.041590000
377,378,3,astar,fast,zero,gcompare,200,0,0,ok,22,-1,237267,88374,126197,0,24242,111070,5898352,1.682,0,0,0,0.019164000
378,379,3,astar,fast,zero,gcompare,200,0,0,ok,26,-1,449315,167840,272583,0,25083,176732,9568432,1.596,0,0,0,0.033026000
379,380,3,astar,fast,zero,gcompare,200,0,0,ok,22,-1,205003,75160,105753,0,24099,99250,5570664,1.645,0,0,0,0.014711000
380,381,3,astar,fast,zero,gcompare,200,0,0,ok,24,-1,363353,135194,208428,0,25083,154925,8585368,1.634,0,0,0,0.026966000
381,382,3,astar,fast,zero,gcompare,200,0,0,ok,20,-1,133997,50078,66481,0,17799,67516,4259912,1.680,0,0,0,0.010179000
382,383,3,astar,fast,zero,gcompare,200,0,0,ok,28,-1,478283,179213,297146,0,24209,181137,9896120,1.574,0,0,0,0.032047000
383,384,3,astar,fast,zero,gcompare,200,0,0,ok,22,-1,210703,77413,109173,0,24209,101530,5570664,1.655,0,0,0,0.014895000
384,385,3,astar,fast,zero,gcompare,200,0,0,ok,22,-1,234329,87126,124110,0,24126,110219,5898352,1.676,0,0,0,0.016830000
385,386,3,astar,fast,zero,gcompare,200,0,0,ok,22,-1,251137,94306,136009,0,24209,115128,6226040,1.682,0,0,0,0.018670000
386,387,3,astar,fast,zero,gcompare,200,0,0,ok,22,-1,211309,77707,109577,0,24142,101732,5570664,1.656,0,0,0,0.015069000
387,388,3,astar,fast,zero,gcompare,200,0,0,ok,18,-1,57635,21127,25794,0,10714,31841,1703968,1.656,0,0,0,0.003763000
388,389,3,astar,fast,zero,gcompare,200,0,0,ok,26,-1,456191,170831,278415,0,25083,177776,9568432,1.590,0,0,0,0.031686000
389,390,3,astar,fast,zero,gcompare,200,0,0,ok,24,-1,352751,130716,200738,0,25083,152013,8585368,1.635,0,0,0,0.026023000
390,391,3,astar,fast,zero,gcompare,200,0,0,ok,24,-1,354105,131286,201677,0,25083,152428,8585368,1.631,0,0,0,0.026259000
391,392,3,astar,fast,zero,gcompare,200,0,0,ok,20,-1,105151,38167,49874,0,17110,55277,3080248,1.631,0,0,0,0.007297000
392,393,3,astar,fast,zero,gcompare,200,0,0,ok,26,-1,452185,169730,275752,0,24209,176433,9568432,1.603,0,0,0,0.031502000
393,394,3,astar,fast,zero,gcompare,200,0,0,ok,20,-1,141741,53225,71233,0,17799,70508,4259912,1.673,0,0,0,0.010408000
394,395,3,astar,fast,zero,gcompare,200,0,0,ok,22,-1,226755,83883,119107,0,24242,107648,5898352,1.670,0,0,0,0.016734000
395,396,3,astar,fast,zero,gcompare,200,0,0,ok,22,-1,226327,83705,118848,0,24242,107479,5898352,1.677,0,0,0,0.016523000
396,397,3,astar,fast,zero,gcompare,200,0,0,ok,22,-1,229915,84271,120588,0,25083,109327,5898352,1.656,0,0,0,0.016602000
397,398,3,astar,fast,zero,gcompare,200,0,0,ok,24,-1,370973,139445,215602,0,24242,155371,8585368,1.654,0,0,0,0.027423000
398,399,3,astar,fast,zero,gcompare,200,0,0,ok,20,-1,124697,46187,60814,0,17719,63883,3407936,1.701,0,0,0,0.008606000
399,400,3,astar,fast,zero,gcompare,200,0,0,ok,24,-1,331087,122656,185622,0,24209,145465,8257680,1.661,0,0,0,0.024224000
400,401,3,astar,fast,zero,gcompare,200,0,0,ok,18,-1,59233,21810,26712,0,10715,32521,1703968,1.662,0,0,0,0.003906000
401,402,3,astar,fast,zero,gcompare,200,0,0,ok,20,-1,129785,47610,63121,0,19054,66664,4259912,1.681,0,0,0,0.009319000
402,403,3,astar,fast,zero,gcompare,200,0,0,ok,24,-1,352081,130437,200274,0,25083,151807,8585368,1.636,0,0,0,0.025772000
403,404,3,astar,fast,zero,gcompare,200,0,0,ok,20,-1,140993,52056,69343,0,19624,71650,4259912,1.653,0,0,0,0.010035000
404,405,3,astar,fast,zero,gcompare,200,0,0,ok,18,-1,74679,27663,34616,0,12428,40063,2293800,1.580,0,0,0,0.005092000
405,406,3,astar,fast,zero,gcompare,200,0,0,ok,18,-1,75023,27815,34812,0,12428,40211,2293800,1.588,0,0,0,0.005115000
406,407,3,astar,fast,zero,gcompare,200,0,0,ok,22,-1,239667,89362,127866,0,24242,111801,5898352,1.679,0,0,0,0.017354000
407,408,3,astar,fast,zero,gcompare,200,0,0,ok,20,-1,134597,50385,66910,0,17754,67687,4259912,1.690,0,0,0,0.009700000
408,409,3,astar,fast,zero,gcompare,200,0,0,ok,22,-1,231029,84725,121262,0,25083,109767,5898352,1.663,0,0,0,0.016360000
409,410,3,astar,fast,zero,gcompare,200,0,0,ok,24,-1,328991,121770,184231,0,24204,144760,8257680,1.660,0,0,0,0.024176000
410,411,3,astar,fast,zero,gcompare,200,0,0,ok,16,-1,28123,10536,12318,0,5269,15805,851984,1.590,0,0,0,0.001766000
411,412,3,astar,fast,zero,gcompare,200,0,0,ok,12,-1,6307,2364,2644,0,1299,3663,376840,1.153,0,0,0,0.000317000
412,413,3,astar,fast,zero,gcompare,200,0,0,ok,22,-1,228155,83568,119530,0,25078,108625,5898352,1.663,0,0,0,0.016368000
413,414,3,astar,fast,zero,gcompare,200,0,0,ok,24,-1,382259,143116,222701,0,25083,159558,8913056,1.639,0,0,0,0.027839000
414,415,3,astar,fast,zero,gcompare,200,0,0,ok,24,-1,359451,133533,205513,0,25083,153938,8585368,1.638,0,0,0,0.026509000
415,416,3,astar,fast,zero,gcompare,200,0,0,ok,24,-1,330467,122394,185281,0,24182,145186,8257680,1.659,0,0,0,0.024452000
416,417,3,astar,fast,zero,gcompare,200,0,0,ok,22,-1,266715,99416,144724,0,25083,121991,6226040,1.661,0,0,0,0.019317000
417,418,3,astar,fast,zero,gcompare,200,0,0,ok,20,-1,107375,39056,50940,0,17383,56435,3080248,1.623,0,0,0,0.007416000
418,419,3,astar,fast,zero,gcompare,200,0,0,ok,20,-1,140093,52615,70257,0,17719,69836,4259912,1.675,0,0,0,0.010289000
419,420,3,astar,fast,zero,gcompare,200,0,0,ok,20,-1,113583,41660,54402,0,17561,59181,3407936,1.653,0,0,0,0.007977000
420,421,3,astar,fast,zero,gcompare,200,0,0,ok,20,-1,129689,48241,63812,0,17788,65877,4259912,1.705,0,0,0,0.009580000
421,422,3,astar,fast,zero,gcompare,200,0,0,ok,22,-1,235083,86371,123764,0,25083,111319,5898352,1.658,0,0,0,0.016920000
422,423,3,astar,fast,zero,gcompare,200,0,0,ok,20,-1,142117,53413,71489,0,17719,70628,4259912,1.671,0,0,0,0.010415000
423,424,3,astar,fast,zero,gcompare,200,0,0,ok,20,-1,153177,57031,76624,0,19624,76553,4587600,1.636,0,0,0,0.011323000
424,425,3,astar,fast,zero,gcompare,200,0,0,ok,20,-1,121481,44873,58888,0,17727,62593,3407936,1.684,0,0,0,0.008335000
425,426,3,astar,fast,zero,gcompare,200,0,0,ok,24,-1,319253,117680,177755,0,24242,141498,8257680,1.666,0,0,0,0.024251000
426,427,3,astar,fast,zero,gcompare,200,0,0,ok,24,-1,317121,116804,176368,0,24209,140753,8257680,1.669,0,0,0,0.023601000
427,428,3,astar,fast,zero,gcompare,200,0,0,ok,18,-1,60681,22326,27425,0,10932,33256,2293800,1.675,0,0,0,0.004288000
428,429,3,astar,fast,zero,gcompare,200,0,0,ok,22,-1,261339,97144,140903,0,25083,120436,6226040,1.661,0,0,0,0.018704000
429,430,3,astar,fast,zero,gcompare,200,0,0,ok,24,-1,360297,134879,207204,0,24182,153093,8585368,1.655,0,0,0,0.026488000
430,431,3,astar,fast,zero,gcompare,200,0,0,ok,24,-1,346483,129145,196826,0,24204,149657,8585368,1.657,0,0,0,0.024970000
431,432,3,astar,fast,zero,gcompare,200,0,0,ok,22,-1,232305,86253,122692,0,24209,109613,5898352,1.675,0,0,0,0.016413000
432,433,3,astar,fast,zero,gcompare,200,0,0,ok,28,-1,477633,178917,296530,0,24242,181103,9896120,1.577,0,0,0,0.035249000
433,434,3,astar,fast,zero,gcompare,200,0,0,ok,24,-1,364527,136692,210498,0,24182,154029,8585368,1.655,0,0,0,0.027648000
434,435,3,astar,fast,zero,gcompare,200,0,0,ok,20,-1,142105,53369,71464,0,17799,70641,4259912,1.673,0,0,0,0.010273000
435,436,3,astar,fast,zero,gcompare,200,0,0,ok,20,-1,125247,46392,61112,0,17755,64135,3407936,1.698,0,0,0,0.008637000
436,437,3,astar,fast,zero,gcompare,200,0,0,ok,22,-1,214673,79048,111594,0,24209,103079,5570664,1.666,0,0,0,0.015904000
437,438,3,astar,fast,zero,gcompare,200,0,0,ok,20,-1,107541,39160,51083,0,17298,56458,3080248,1.623,0,0,0,0.007516000
438,439,3,astar,fast,zero,gcompare,200,0,0,ok,22,-1,229673,85125,121018,0,24242,108655,5898352,1.678,0,0,0,0.016492000
439,440,3,astar,fast,zero,gcompare,200,0,0,ok,24,-1,327427,121107,183127,0,24209,144300,8257680,1.664,0,0,0,0.023793000
440,441,3,astar,fast,zero,gcompare,200,0,0,ok,26,-1,434405,162070,260400,0,24182,174005,9568432,1.618,0,0,0,0.030134000
441,442,3,astar,fast,zero,gcompare,200,0,0,ok,22,-1,217213,80106,113141,0,24126,104072,5570664,1.665,0,0,0,0.015598000
442,443,3,astar,fast,zero,gcompare,200,0,0,ok,24,-1,347695,129636,197758,0,24209,149937,8585368,1.662,0,0,0,0.025390000
443,444,3,astar,fast,zero,gcompare,200,0,0,ok,22,-1,233555,85769,122835,0,25083,110720,5898352,1.660,0,0,0,0.016544000
444,445,3,astar,fast,zero,gcompare,200,0,0,ok,26,-1,437265,163286,262756,0,24182,174509,9568432,1.616,0,0,0,0.031010000
445,446,3,astar,fast,zero,gcompare,200,0,0,ok,20,-1,109273,39888,52035,0,17353,57238,3080248,1.629,0,0,0,0.007435000
446,447,3,astar,fast,zero,gcompare,200,0,0,ok,28,-1,480915,180329,299667,0,25083,181248,9896120,1.566,0,0,0,0.031952000
447,448,3,astar,fast,zero,gcompare,200,0,0,ok,22,-1,278137,104415,153164,0,25083,124973,6553728,1.657,0,0,0,0.019410000
448,449,3,astar,fast,zero,gcompare,200,0,0,ok,20,-1,115769,42553,55690,0,17572,60079,3407936,1.659,0,0,0,0.007861000
449,450,3,astar,fast,zero,gcompare,200,0,0,ok,24,-1,331701,122928,186135,0,24204,145566,8257680,1.659,0,0,0,0.024427000
450,451,3,astar,fast,zero,gcompare,200,0,0,ok,22,-1,235307,87534,124788,0,24126,110519,5898352,1.676,0,0,0,0.016924000
451,452,3,astar,fast,zero,gcompare,200,0,0,ok,18,-1,70149,25845,32244,0,12060,37905,2293800,1.602,0,0,0,0.004776000
452,453,3,astar,fast,zero,gcompare,200,0,0,ok,26,-1,444313,166318,268802,0,24209,175511,9568432,1.609,0,0,0,0.031123000
453,454,3,astar,fast,zero,gcompare,200,0,0,ok,26,-1,457219,171286,279342,0,25083,177877,9568432,1.584,0,0,0,0.031401000
454,455,3,astar,fast,zero,gcompare,200,0,0,ok,24,-1,354843,132593,203040,0,24182,151803,8585368,1.655,0,0,0,0.026125000
455,456,3,astar,fast,zero,gcompare,200,0,0,ok,26,-1,442091,165367,266919,0,24204,175172,9568432,1.609,0,0,0,0.030774000
456,457,3,astar,fast,zero,gcompare,200,0,0,ok,26,-1,458213,171732,280224,0,25083,177989,9568432,1.587,0,0,0,0.032277000
457,458,3,astar,fast,zero,gcompare,200,0,0,ok,22,-1,257217,95441,138111,0,25083,119106,6226040,1.663,0,0,0,0.018561000
458,459,3,astar,fast,zero,gcompare,200,0,0,ok,22,-1,230309,84434,120821,0,25083,109488,5898352,1.667,0,0,0,0.016340000
459,460,3,astar,fast,zero,gcompare,200,0,0,ok,22,-1,242827,89484,128604,0,25083,114223,5898352,1.666,0,0,0,0.017612000
460,461,3,astar,fast,zero,gcompare,200,0,0,ok,22,-1,249507,92229,132949,0,25083,116558,6226040,1.663,0,0,0,0.018177000
461,462,3,astar,fast,zero,gcompare,200,0,0,ok,20,-1,112959,41392,54034,0,17561,58925,3407936,1.653,0,0,0,0.007699000
462,463,3,astar,fast,zero,gcompare,200,0,0,ok,24,-1,320919,118364,178784,0,24204,142135,8257680,1.663,0,0,0,0.023300000
463,464,3,astar,fast,zero,gcompare,200,0,0,ok,20,-1,136615,51196,68109,0,17799,68506,4259912,1.679,0,0,0,0.010130000
464,465,3,astar,fast,zero,gcompare,200,0,0,ok,18,-1,63899,23619,29173,0,11127,34726,2293800,1.625,0,0,0,0.004479000
465,466,3,astar,fast,zero,gcompare,200,0,0,ok,22,-1,228871,84795,120517,0,24142,108354,5898352,1.673,0,0,0,0.016325000
466,467,3,astar,fast,zero,gcompare,200,0,0,ok,20,-1,144383,53480,71348,0,19624,73035,4259912,1.652,0,0,0,0.010519000
467,468,3,astar,fast,zero,gcompare,200,0,0,ok,24,-1,332391,123247,186660,0,24242,145731,8257680,1.658,0,0,0,0.024778000
468,469,3,astar,fast,zero,gcompare,200,0,0,ok,22,-1,231361,85852,122128,0,24242,109233,5898352,1.676,0,0,0,0.016888000
469,470,3,astar,fast,zero,gcompare,200,0,0,ok,22,-1,197001,71964,101085,0,23957,95916,5242976,1.633,0,0,0,0.014156000
470,471,3,astar,fast,zero,gcompare,200,0,0,ok,22,-1,200369,73325,103050,0,24012,97319,5242976,1.638,0,0,0,0.014102000
471,472,3,astar,fast,zero,gcompare,200,0,0,ok,24,-1,334265,124015,187950,0,24242,146315,8257680,1.658,0,0,0,0.024821000
472,473,3,astar,fast,zero,gcompare,200,0,0,ok,24,-1,353893,132255,202459,0,24242,151434,8585368,1.659,0,0,0,0.026422000
473,474,3,astar,fast,zero,gcompare,200,0,0,ok,24,-1,360501,134986,207382,0,24204,153119,8585368,1.657,0,0,0,0.026656000
474,475,3,astar,fast,zero,gcompare,200,0,0,ok,24,-1,318087,117188,176998,0,24182,141089,8257680,1.663,0,0,0,0.023615000
475,476,3,astar,fast,zero,gcompare,200,0,0,ok,26,-1,436753,163096,262365,0,24209,174388,9568432,1.616,0,0,0,0.030862000
476,477,3,astar,fast,zero,gcompare,200,0,0,ok,24,-1,321893,118804,179505,0,24242,142388,8257680,1.661,0,0,0,0.023363000
477,478,3,astar,fast,zero,gcompare,200,0,0,ok,22,-1,202703,74231,104397,0,24080,98306,5570664,1.647,0,0,0,0.014223000
478,479,3,astar,fast,zero,gcompare,200,0,0,ok,18,-1,54733,19916,24280,0,10537,30453,1703968,1.620,0,0,0,0.003564000
479,480,3,astar,fast,zero,gcompare,200,0,0,ok,22,-1,269825,100782,147029,0,25083,122796,6226040,1.663,0,0,0,0.019312000
480,481,3,astar,fast,zero,gcompare,200,0,0,ok,18,-1,65991,24513,30408,0,11128,35583,2293800,1.624,0,0,0,0.004510000
481,482,3,astar,fast,zero,gcompare,200,0,0,ok,20,-1,105143,38176,49900,0,17067,55243,3080248,1.615,0,0,0,0.007052000
482,483,3,astar,fast,zero,gcompare,200,0,0,ok,26,-1,452973,170074,276479,0,24204,176494,9568432,1.604,0,0,0,0.031814000
483,484,3,astar,fast,zero,gcompare,200,0,0,ok,26,-1,447741,167785,271820,0,24204,175921,9568432,1.605,0,0,0,0.031255000
484,485,3,astar,fast,zero,gcompare,200,0,0,ok,24,-1,326625,120791,182617,0,24182,144008,8257680,1.665,0,0,0,0.025916000
485,486,3,astar,fast,zero,gcompare,200,0,0,ok,20,-1,132373,48630,64454,0,19290,67919,4259912,1.667,0,0,0,0.009969000
486,487,3,astar,fast,zero,gcompare,200,0,0,ok,20,-1,137025,51358,68369,0,17799,68656,4259912,1.684,0,0,0,0.010124000
487,488,3,astar,fast,zero,gcompare,200,0,0,ok,18,-1,53219,19327,23558,0,10335,29661,1703968,1.600,0,0,0,0.003530000
488,489,3,astar,fast,zero,gcompare,200,0,0,ok,22,-1,199999,73145,102834,0,24029,97165,5242976,1.646,0,0,0,0.013946000
489,490,3,astar,fast,zero,gcompare,200,0,0,ok,20,-1,122755,45402,59655,0,17719,63100,3407936,1.689,0,0,0,0.008483000
490,491,3,astar,fast,zero,gcompare,200,0,0,ok,18,-1,56855,20782,25366,0,10715,31489,1703968,1.648,0,0,0,0.003808000
491,492,3,astar,fast,zero,gcompare,200,0,0,ok,24,-1,369445,137781,212963,0,25083,156482,8913056,1.637,0,0,0,0.027424000
492,493,3,astar,fast,zero,gcompare,200,0,0,ok,22,-1,227905,84402,119890,0,24209,108015,5898352,1.674,0,0,0,0.016569000
493,494,3,astar,fast,zero,gcompare,200,0,0,ok,24,-1,330839,122548,185449,0,24209,145390,8257680,1.660,0,0,0,0.024625000
494,495,3,astar,fast,zero,gcompare,200,0,0,ok,18,-1,55369,20163,24577,0,10630,30792,1703968,1.621,0,0,0,0.003695000
495,496,3,astar,fast,zero,gcompare,200,0,0,ok,26,-1,450823,169129,274528,0,24182,176295,9568432,1.603,0,0,0,0.032488000
496,497,3,astar,fast,zero,gcompare,200,0,0,ok,22,-1,213459,78578,110863,0,24142,102596,5570664,1.660,0,0,0,0.015240000
497,498,3,astar,fast,zero,gcompare,200,0,0,ok,24,-1,386795,145068,226199,0,25083,160596,8913056,1.641,0,0,0,0.028508000
498,499,3,astar,fast,zero,gcompare,200,0,0,ok,18,-1,55169,20082,24480,0,10609,30689,1703968,1.628,0,0,0,0.003646000
499,500,3,astar,fast,zero,gcompare,200,0,0,ok,22,-1,229785,84216,120511,0,25083,109274,5898352,1.658,0,0,0,0.017186000
0,1,3,astar,fast,zero,gcompare,201,0,0,ok,21,-1,159089,58008,79141,0,21940,79948,4587600,1.651,0,0,0,0.015754000
1,2,3,astar,fast,zero,gcompare,201,0,0,ok,23,-1,326486,122724,185026,0,25136,141460,8257680,1.661,0,0,0,0.036251000
2,3,3,astar,fast,zero,gcompare,201,0,0,ok,19,-1,111328,41833,54642,0,15338,56686,2949176,1.663,0,0,0,0.009008000
3,4,3,astar,fast,zero,gcompare,201,0,0,ok,21,-1,158161,57653,78662,0,21847,79499,4587600,1.653,0,0,0,0.018699000
4,5,3,astar,fast,zero,gcompare,201,0,0,ok,23,-1,302808,112722,167408,0,25140,135400,7929992,1.673,0,0,0,0.051731000
5,6,3,astar,fast,zero,gcompare,201,0,0,ok,21,-1,180953,66858,91498,0,22897,89455,4915288,1.649,0,0,0,0.030866000
6,7,3,astar,fast,zero,gcompare,201,0,0,ok,19,-1,86940,31869,40612,0,14460,46328,2621488,1.591,0,0,0,0.083288000
7,8,3,astar,fast,zero,gcompare,201,0,0,ok,21,-1,190729,71007,97825,0,22938,92904,5242976,1.658,0,0,0,0.053231000
8,9,3,astar,fast,zero,gcompare,201,0,0,ok,21,-1,177067,65188,89182,0,22771,87885,4915288,1.656,0,0,0,0.040029000
9,10,3,astar,fast,zero,gcompare,201,0,0,ok,29,-1,482991,181105,301555,0,25137,181436,9896120,1.571,0,0,0,0.047505000
10,11,3,astar,fast,zero,gcompare,201,0,0,ok,21,-1,201735,75756,105321,0,22938,96414,5242976,1.662,0,0,0,0.017894000
11,12,3,astar,fast,zero,gcompare,201,0,0,ok,23,-1,272660,100253,147419,0,25140,125241,6553728,1.683,0,0,0,0.022159000
12,13,3,astar,fast,zero,gcompare,201,0,0,ok,19,-1,86654,31742,40447,0,14465,46207,2621488,1.593,0,0,0,0.006200000
13,14,3,astar,fast,zero,gcompare,201,0,0,ok,21,-1,159905,58307,79551,0,22047,80354,4587600,1.655,0,0,0,0.011703000
14,15,3,astar,fast,zero,gcompare,201,0,0,ok,25,-1,410055,153035,242002,0,25137,168053,9240744,1.640,0,0,0,0.032558000
15,16,3,astar,fast,zero,gcompare,201,0,0,ok,23,-1,318884,119517,179301,0,25137,139583,8257680,1.667,0,0,0,0.026773000
16,17,3,astar,fast,zero,gcompare,201,0,0,ok,21,-1,202291,75973,105665,0,22771,96626,5242976,1.659,0,0,0,0.015715000
17,18,3,astar,fast,zero,gcompare,201,0,0,ok,21,-1,191031,71177,98129,0,22771,92902,5242976,1.659,0,0,0,0.013930000
18,19,3,astar,fast,zero,gcompare,201,0,0,ok,21,-1,191103,71170,98128,0,22897,92975,5242976,1.655,0,0,0,0.015270000
19,20,3,astar,fast,zero,gcompare,201,0,0,ok,23,-1,299528,111403,165170,0,25137,134358,7929992,1.683,0,0,0,0.036245000
20,21,3,astar,fast,zero,gcompare,201,0,0,ok,23,-1,308902,115334,171955,0,25137,136947,7929992,1.672,0,0,0,0.038254000
21,22,3,astar,fast,zero,gcompare,201,0,0,ok,21,-1,176615,64948,88787,0,22897,87828,4915288,1.655,0,0,0,0.013828000
22,23,3,astar,fast,zero,gcompare,201,0,0,ok,25,-1,393577,146051,229573,0,25137,164004,9240744,1.648,0,0,0,0.049140000
23,24,3,astar,fast,zero,gcompare,201,0,0,ok,17,-1,52308,19611,24038,0,8809,28270,1703968,1.585,0,0,0,0.003554000
24,25,3,astar,fast,zero,gcompare,201,0,0,ok,27,-1,472690,177240,292367,0,25137,180323,9896120,1.583,0,0,0,0.037436000
25,26,3,astar,fast,zero,gcompare,201,0,0,ok,21,-1,182329,67432,92282,0,22938,90047,4915288,1.651,0,0,0,0.013753000
26,27,3,astar,fast,zero,gcompare,201,0,0,ok,19,-1,112124,42193,55174,0,15139,56950,2949176,1.651,0,0,0,0.007984000
27,28,3,astar,fast,zero,gcompare,201,0,0,ok,15,-1,21265,7971,9214,0,4082,12051,819216,1.441,0,0,0,0.001319000
28,29,3,astar,fast,zero,gcompare,201,0,0,ok,21,-1,198329,74223,102935,0,22881,95394,5242976,1.663,0,0,0,0.015261000
29,30,3,astar,fast,zero,gcompare,201,0,0,ok,21,-1,173493,63649,86983,0,22881,86510,4915288,1.646,0,0,0,0.012920000
30,31,3,astar,fast,zero,gcompare,201,0,0,ok,25,-1,425079,159574,254531,0,25137,170548,9240744,1.628,0,0,0,0.032509000
31,32,3,astar,fast,zero,gcompare,201,0,0,ok,21,-1,185717,68893,94581,0,22897,91136,5242976,1.653,0,0,0,0.014222000
32,33,3,astar,fast,zero,gcompare,201,0,0,ok,27,-1,472332,177077,292009,0,25140,180323,9896120,1.584,0,0,0,0.033302000
33,34,3,astar,fast,zero,gcompare,201,0,0,ok,25,-1,427161,160478,256336,0,25137,170825,9240744,1.625,0,0,0,0.034126000
34,35,3,astar,fast,zero,gcompare,201,0,0,ok,27,-1,471148,176548,290904,0,25137,180244,9896120,1.586,0,0,0,0.035554000
35,36,3,astar,fast,zero,gcompare,201,0,0,ok,23,-1,318546,119372,179012,0,25136,139534,8257680,1.669,0,0,0,0.024001000
36,37,3,astar,fast,zero,gcompare,201,0,0,ok,19,-1,112248,42237,55231,0,15367,57017,2949176,1.661,0,0,0,0.008010000
37,38,3,astar,fast,zero,gcompare,201,0,0,ok,23,-1,314160,117515,175802,0,25137,138358,7929992,1.672,0,0,0,0.024104000
38,39,3,astar,fast,zero,gcompare,201,0,0,ok,23,-1,279542,103189,151766,0,25136,127776,6553728,1.683,0,0,0,0.020807000
39,40,3,astar,fast,zero,gcompare,201,0,0,ok,17,-1,38850,14167,16909,0,7775,21941,1310744,1.508,0,0,0,0.002576000
40,41,3,astar,fast,zero,gcompare,201,0,0,ok,21,-1,190401,70909,97649,0,22881,92752,5242976,1.658,0,0,0,0.014329000
41,42,3,astar,fast,zero,gcompare,201,0,0,ok,25,-1,389203,144285,226451,0,25136,162752,8913056,1.651,0,0,0,0.029823000
42,43,3,astar,fast,zero,gcompare,201,0,0,ok,21,-1,164689,60143,82079,0,22467,82610,4915288,1.652,0,0,0,0.012328000
43,44,3,astar,fast,zero,gcompare,201,0,0,ok,27,-1,466280,174422,286483,0,25137,179797,9568432,1.590,0,0,0,0.033869000
44,45,3,astar,fast,zero,gcompare,201,0,0,ok,19,-1,104756,39019,50489,0,15338,54267,2949176,1.637,0,0,0,0.007343000
45,46,3,astar,fast,zero,gcompare,201,0,0,ok,23,-1,275324,101360,149070,0,25140,126254,6553728,1.689,0,0,0,0.020668000
46,47,3,astar,fast,zero,gcompare,201,0,0,ok,19,-1,92356,33998,43473,0,14886,48883,2621488,1.606,0,0,0,0.006530000
47,48,3,astar,fast,zero,gcompare,201,0,0,ok,17,-1,50670,18869,23053,0,8802,27617,1703968,1.580,0,0,0,0.003399000
48,49,3,astar,fast,zero,gcompare,201,0,0,ok,27,-1,470012,176043,289864,0,25140,180148,9568432,1.585,0,0,0,0.032088000
49,50,3,astar,fast,zero,gcompare,201,0,0,ok,25,-1,407801,152138,240311,0,25137,167490,9240744,1.644,0,0,0,0.029355000
50,51,3,astar,fast,zero,gcompare,201,0,0,ok,17,-1,51760,19357,23709,0,8802,28051,1703968,1.571,0,0,0,0.003450000
51,52,3,astar,fast,zero,gcompare,201,0,0,ok,19,-1,112224,42231,55239,0,15224,56985,2949176,1.656,0,0,0,0.007936000
52,53,3,astar,fast,zero,gcompare,201,0,0,ok,25,-1,400561,148993,234771,0,25137,165790,9240744,1.649,0,0,0,0.030171000
53,54,3,astar,fast,zero,gcompare,201,0,0,ok,19,-1,106612,39878,51697,0,15224,54915,2949176,1.638,0,0,0,0.007496000
54,55,3,astar,fast,zero,gcompare,201,0,0,ok,19,-1,97148,35945,46142,0,15064,51006,2949176,1.612,0,0,0,0.006853000
55,56,3,astar,fast,zero,gcompare,201,0,0,ok,19,-1,111110,41748,54509,0,15139,56601,2949176,1.660,0,0,0,0.007863000
56,57,3,astar,fast,zero,gcompare,201,0,0,ok,25,-1,417209,156183,247749,0,25140,169460,9240744,1.634,0,0,0,0.030484000
57,58,3,astar,fast,zero,gcompare,201,0,0,ok,25,-1,413785,154701,244940,0,25136,168845,9240744,1.639,0,0,0,0.029618000
58,59,3,astar,fast,zero,gcompare,201,0,0,ok,19,-1,103324,38501,49735,0,15139,53589,2949176,1.637,0,0,0,0.007060000
59,60,3,astar,fast,zero,gcompare,201,0,0,ok,21,-1,186111,69056,94839,0,22897,91272,5242976,1.650,0,0,0,0.013320000
60,61,3,astar,fast,zero,gcompare,201,0,0,ok,19,-1,79840,28966,36886,0,13990,42954,2621488,1.586,0,0,0,0.005330000
61,62,3,astar,fast,zero,gcompare,201,0,0,ok,21,-1,205573,77313,107968,0,22771,97605,5242976,1.668,0,0,0,0.014586000
62,63,3,astar,fast,zero,gcompare,201,0,0,ok,25,-1,402495,149852,236321,0,25137,166174,9240744,1.651,0,0,0,0.030049000
63,64,3,astar,fast,zero,gcompare,201,0,0,ok,25,-1,402637,149927,236370,0,25140,166267,9240744,1.648,0,0,0,0.029461000
64,65,3,astar,fast,zero,gcompare,201,0,0,ok,21,-1,192127,71607,98807,0,22897,93320,5242976,1.658,0,0,0,0.013622000
65,66,3,astar,fast,zero,gcompare,201,0,0,ok,19,-1,102432,38044,49032,0,15366,53400,2949176,1.633,0,0,0,0.006973000
66,67,3,astar,fast,zero,gcompare,201,0,0,ok,17,-1,51168,19084,23344,0,8754,27824,1703968,1.579,0,0,0,0.003321000
67,68,3,astar,fast,zero,gcompare,201,0,0,ok,25,-1,411803,153774,243363,0,25137,168440,9240744,1.638,0,0,0,0.029336000
68,69,3,astar,fast,zero,gcompare,201,0,0,ok,21,-1,198341,74160,102856,0,22897,95485,5242976,1.664,0,0,0,0.014717000
69,70,3,astar,fast,zero,gcompare,201,0,0,ok,27,-1,473512,177588,293134,0,25136,180378,9896120,1.582,0,0,0,0.032226000
70,71,3,astar,fast,zero,gcompare,201,0,0,ok,21,-1,179533,66213,90553,0,22938,88980,4915288,1.653,0,0,0,0.013096000
71,72,3,astar,fast,zero,gcompare,201,0,0,ok,19,-1,100618,37360,48069,0,15199,52549,2949176,1.625,0,0,0,0.007180000
72,73,3,astar,fast,zero,gcompare,201,0,0,ok,13,-1,7211,2645,2944,0,1622,4267,409608,1.224,0,0,0,0.000392000
73,74,3,astar,fast,zero,gcompare,201,0,0,ok,19,-1,91422,33644,42968,0,14810,48454,2621488,1.598,0,0,0,0.006457000
74,75,3,astar,fast,zero,gcompare,201,0,0,ok,15,-1,20649,7712,8885,0,4058,11764,819216,1.429,0,0,0,0.001244000
75,76,3,astar,fast,zero,gcompare,201,0,0,ok,27,-1,472370,177095,292043,0,25140,180327,9896120,1.580,0,0,0,0.033454000
76,77,3,astar,fast,zero,gcompare,201,0,0,ok,15,-1,16597,6006,6876,0,3715,9721,819216,1.423,0,0,0,0.001007000
77,78,3,astar,fast,zero,gcompare,201,0,0,ok,25,-1,397785,147843,232677,0,25140,165108,9240744,1.650,0,0,0,0.032421000
78,79,3,astar,fast,zero,gcompare,201,0,0,ok,21,-1,184837,68550,93958,0,22881,90879,5242976,1.659,0,0,0,0.013706000
79,80,3,astar,fast,zero,gcompare,201,0,0,ok,27,-1,467872,175111,287916,0,25140,179956,9568432,1.589,0,0,0,0.033286000
80,81,3,astar,fast,zero,gcompare,201,0,0,ok,23,-1,277608,102317,150509,0,25140,127099,6553728,1.690,0,0,0,0.019855000
81,82,3,astar,fast,zero,gcompare,201,0,0,ok,17,-1,38734,14127,16863,0,7744,21871,1310744,1.529,0,0,0,0.002541000
82,83,3,astar,fast,zero,gcompare,201,0,0,ok,23,-1,317654,119031,178413,0,25137,139241,7929992,1.667,0,0,0,0.023936000
83,84,3,astar,fast,zero,gcompare,201,0,0,ok,19,-1,80494,29229,37197,0,14069,43297,2621488,1.592,0,0,0,0.005561000
84,85,3,astar,fast,zero,gcompare,201,0,0,ok,23,-1,322024,120784,181590,0,25136,140434,8257680,1.668,0,0,0,0.025097000
85,86,3,astar,fast,zero,gcompare,201,0,0,ok,25,-1,417325,156185,247889,0,25137,169436,9240744,1.636,0,0,0,0.031637000
86,87,3,astar,fast,zero,gcompare,201,0,0,ok,25,-1,400923,149153,235050,0,25137,165873,9240744,1.649,0,0,0,0.029563000
87,88,3,astar,fast,zero,gcompare,201,0,0,ok,21,-1,197213,73695,102109,0,22897,95104,5242976,1.655,0,0,0,0.014120000
88,89,3,astar,fast,zero,gcompare,201,0,0,ok,23,-1,324492,121836,183480,0,25137,141012,8257680,1.666,0,0,0,0.025050000
89,90,3,astar,fast,zero,gcompare,201,0,0,ok,25,-1,391551,145239,228151,0,25136,163400,8913056,1.649,0,0,0,0.028814000
90,91,3,astar,fast,zero,gcompare,201,0,0,ok,17,-1,38412,14006,16707,0,7700,21705,1310744,1.526,0,0,0,0.002432000
91,92,3,astar,fast,zero,gcompare,201,0,0,ok,25,-1,403153,150109,236769,0,25137,166384,9240744,1.648,0,0,0,0.029764000
92,93,3,astar,fast,zero,gcompare,201,0,0,ok,25,-1,424491,159326,254026,0,25136,170465,9240744,1.629,0,0,0,0.030968000
93,94,3,astar,fast,zero,gcompare,201,0,0,ok,23,-1,279742,103279,151899,0,25136,127843,6553728,1.687,0,0,0,0.020468000
94,95,3,astar,fast,zero,gcompare,201,0,0,ok,25,-1,386551,143191,224556,0,25137,161995,8913056,1.651,0,0,0,0.028792000
95,96,3,astar,fast,zero,gcompare,201,0,0,ok,23,-1,280812,103713,152593,0,25137,128219,6553728,1.683,0,0,0,0.019874000
96,97,3,astar,fast,zero,gcompare,201,0,0,ok,27,-1,469590,175866,289476,0,25136,180114,9568432,1.584,0,0,0,0.031897000
97,98,3,astar,fast,zero,gcompare,201,0,0,ok,19,-1,110722,41579,54256,0,15139,56466,2949176,1.647,0,0,0,0.007851000
98,99,3,astar,fast,zero,gcompare,201,0,0,ok,21,-1,191257,71239,98232,0,22897,93025,5242976,1.658,0,0,0,0.014011000
99,100,3,astar,fast,zero,gcompare,201,0,0,ok,25,-1,424965,159514,254452,0,25137,170513,9240744,1.628,0,0,0,0.031266000
100,101,3,astar,fast,zero,gcompare,201,0,0,ok,17,-1,45970,16850,20352,0,8770,25618,1703968,1.544,0,0,0,0.003040000
101,102,3,astar,fast,zero,gcompare,201,0,0,ok,25,-1,404807,150842,238047,0,25137,166760,9240744,1.648,0,0,0,0.029507000
102,103,3,astar,fast,zero,gcompare,201,0,0,ok,21,-1,187365,69572,95581,0,22938,91784,5242976,1.656,0,0,0,0.013677000
103,104,3,astar,fast,zero,gcompare,201,0,0,ok,19,-1,84492,30889,39301,0,14302,45191,2621488,1.593,0,0,0,0.005915000
104,105,3,astar,fast,zero,gcompare,201,0,0,ok,25,-1,385691,142860,224013,0,25137,161678,8913056,1.650,0,0,0,0.028782000
105,106,3,astar,fast,zero,gcompare,201,0,0,ok,21,-1,170005,62240,85008,0,22764,84997,4915288,1.650,0,0,0,0.011970000
106,107,3,astar,fast,zero,gcompare,201,0,0,ok,15,-1,21533,8078,9355,0,4100,12178,851984,1.428,0,0,0,0.001291000
107,108,3,astar,fast,zero,gcompare,201,0,0,ok,23,-1,314094,117462,175684,0,25140,138410,7929992,1.672,0,0,0,0.023215000
108,109,3,astar,fast,zero,gcompare,201,0,0,ok,23,-1,310364,115932,172970,0,25136,137394,7929992,1.672,0,0,0,0.024482000
109,110,3,astar,fast,zero,gcompare,201,0,0,ok,19,-1,108866,40750,53034,0,15338,55832,2949176,1.655,0,0,0,0.007783000
110,111,3,astar,fast,zero,gcompare,201,0,0,ok,25,-1,406257,151471,239131,0,25137,167126,9240744,1.645,0,0,0,0.029802000
111,112,3,astar,fast,zero,gcompare,201,0,0,ok,25,-1,420097,157384,250228,0,25137,169869,9240744,1.632,0,0,0,0.031529000
112,113,3,astar,fast,zero,gcompare,201,0,0,ok,19,-1,79680,28906,36788,0,13990,42892,2621488,1.587,0,0,0,0.005293000
113,114,3,astar,fast,zero,gcompare,201,0,0,ok,25,-1,414405,154975,245442,0,25136,168963,9240744,1.637,0,0,0,0.030173000
114,115,3,astar,fast,zero,gcompare,201,0,0,ok,21,-1,178577,65842,90079,0,22771,88498,4915288,1.650,0,0,0,0.012740000
115,116,3,astar,fast,zero,gcompare,201,0,0,ok,21,-1,173619,63691,87015,0,22922,86604,4915288,1.645,0,0,0,0.012291000
116,117,3,astar,fast,zero,gcompare,201,0,0,ok,21,-1,166757,60946,83189,0,22624,83568,4915288,1.650,0,0,0,0.011814000
117,118,3,astar,fast,zero,gcompare,201,0,0,ok,23,-1,307144,114560,170587,0,25136,136557,7929992,1.672,0,0,0,0.022749000
118,119,3,astar,fast,zero,gcompare,201,0,0,ok,23,-1,299852,111559,165372,0,25136,134480,7929992,1.678,0,0,0,0.022287000
119,120,3,astar,fast,zero,gcompare,201,0,0,ok,23,-1,307322,114624,170700,0,25140,136622,7929992,1.674,0,0,0,0.022480000
120,121,3,astar,fast,zero,gcompare,201,0,0,ok,17,-1,43780,16043,19262,0,8475,24518,1376280,1.543,0,0,0,0.002794000
121,122,3,astar,fast,zero,gcompare,201,0,0,ok,15,-1,20891,7807,9011,0,4079,11880,819216,1.435,0,0,0,0.001250000
122,123,3,astar,fast,zero,gcompare,201,0,0,ok,23,-1,279404,103061,151628,0,25140,127776,6553728,1.685,0,0,0,0.019855000
123,124,3,astar,fast,zero,gcompare,201,0,0,ok,23,-1,316272,118412,177333,0,25136,138939,7929992,1.668,0,0,0,0.023732000
124,125,3,astar,fast,zero,gcompare,201,0,0,ok,23,-1,306290,114218,170001,0,25137,136289,7929992,1.670,0,0,0,0.023048000
125,126,3,astar,fast,zero,gcompare,201,0,0,ok,21,-1,197065,73638,102017,0,22897,95048,5242976,1.660,0,0,0,0.014414000
126,127,3,astar,fast,zero,gcompare,201,0,0,ok,23,-1,317414,118903,178190,0,25136,139224,7929992,1.672,0,0,0,0.024016000
127,128,3,astar,fast,zero,gcompare,201,0,0,ok,23,-1,302160,112484,167003,0,25136,135157,7929992,1.675,0,0,0,0.022709000
128,129,3,astar,fast,zero,gcompare,201,0,0,ok,25,-1,415955,155592,246769,0,25137,169186,9240744,1.636,0,0,0,0.029233000
129,130,3,astar,fast,zero,gcompare,201,0,0,ok,21,-1,177887,65503,89578,0,22897,88309,4915288,1.645,0,0,0,0.012546000
130,131,3,astar,fast,zero,gcompare,201,0,0,ok,19,-1,95794,35390,45345,0,15060,50449,2949176,1.612,0,0,0,0.006568000
131,132,3,astar,fast,zero,gcompare,201,0,0,ok,25,-1,412981,154355,244340,0,25140,168641,9240744,1.637,0,0,0,0.029711000
132,133,3,astar,fast,zero,gcompare,201,0,0,ok,19,-1,106880,39927,51786,0,15367,55094,2949176,1.642,0,0,0,0.007627000
133,134,3,astar,fast,zero,gcompare,201,0,0,ok,19,-1,87564,32098,40916,0,14551,46648,2621488,1.594,0,0,0,0.006154000
134,135,3,astar,fast,zero,gcompare,201,0,0,ok,25,-1,393617,146109,229639,0,25140,163978,9240744,1.651,0,0,0,0.029196000
135,136,3,astar,fast,zero,gcompare,201,0,0,ok,23,-1,307236,114600,170648,0,25136,136588,7929992,1.674,0,0,0,0.023006000
136,137,3,astar,fast,zero,gcompare,201,0,0,ok,17,-1,44908,16468,19823,0,8617,25085,1703968,1.536,0,0,0,0.002984000
137,138,3,astar,fast,zero,gcompare,201,0,0,ok,17,-1,44254,16221,19486,0,8547,24768,1703968,1.540,0,0,0,0.002898000
138,139,3,astar,fast,zero,gcompare,201,0,0,ok,25,-1,423625,158924,253304,0,25137,170321,9240744,1.625,0,0,0,0.030199000
139,140,3,astar,fast,zero,gcompare,201,0,0,ok,21,-1,204065,76723,106945,0,22938,97120,5242976,1.662,0,0,0,0.015247000
140,141,3,astar,fast,zero,gcompare,201,0,0,ok,25,-1,392809,145759,229045,0,25136,163764,8913056,1.651,0,0,0,0.029844000
141,142,3,astar,fast,zero,gcompare,201,0,0,ok,23,-1,307082,114562,170605,0,25137,136477,7929992,1.671,0,0,0,0.023202000
142,143,3,astar,fast,zero,gcompare,201,0,0,ok,25,-1,397525,147713,232493,0,25136,165032,9240744,1.652,0,0,0,0.028523000
143,144,3,astar,fast,zero,gcompare,201,0,0,ok,21,-1,167209,61105,83440,0,22666,83769,4915288,1.650,0,0,0,0.011769000
144,145,3,astar,fast,zero,gcompare,201,0,0,ok,21,-1,178857,65936,90196,0,22897,88661,4915288,1.649,0,0,0,0.012656000
145,146,3,astar,fast,zero,gcompare,201,0,0,ok,19,-1,112208,42227,55230,0,15338,56978,2949176,1.656,0,0,0,0.007682000
146,147,3,astar,fast,zero,gcompare,201,0,0,ok,23,-1,306750,114387,170289,0,25136,136461,7929992,1.674,0,0,0,0.023057000
147,148,3,astar,fast,zero,gcompare,201,0,0,ok,27,-1,474964,178239,294535,0,25137,180429,9896120,1.581,0,0,0,0.032880000
148,149,3,astar,fast,zero,gcompare,201,0,0,ok,27,-1,471672,176789,291377,0,25140,180295,9896120,1.584,0,0,0,0.033150000
149,150,3,astar,fast,zero,gcompare,201,0,0,ok,23,-1,309002,115336,171947,0,25140,137055,7929992,1.673,0,0,0,0.023372000
150,151,3,astar,fast,zero,gcompare,201,0,0,ok,23,-1,326734,122825,185218,0,25137,141516,8257680,1.662,0,0,0,0.023735000
151,152,3,astar,fast,zero,gcompare,201,0,0,ok,23,-1,269782,99037,145639,0,25137,124143,6553728,1.682,0,0,0,0.018958000
152,153,3,astar,fast,zero,gcompare,201,0,0,ok,23,-1,276614,101903,149872,0,25140,126742,6553728,1.682,0,0,0,0.019666000
153,154,3,astar,fast,zero,gcompare,201,0,0,ok,21,-1,193751,72286,99852,0,22897,93899,5242976,1.652,0,0,0,0.014578000
154,155,3,astar,fast,zero,gcompare,201,0,0,ok,27,-1,464380,173639,284852,0,25136,179528,9568432,1.591,0,0,0,0.032534000
155,156,3,astar,fast,zero,gcompare,201,0,0,ok,21,-1,171387,62788,85756,0,22843,85631,4915288,1.646,0,0,0,0.012534000
156,157,3,astar,fast,zero,gcompare,201,0,0,ok,25,-1,387119,143437,224993,0,25136,162126,8913056,1.651,0,0,0,0.028706000
157,158,3,astar,fast,zero,gcompare,201,0,0,ok,13,-1,7781,2889,3218,0,1674,4563,409608,1.211,0,0,0,0.000464000
158,159,3,astar,fast,zero,gcompare,201,0,0,ok,23,-1,327480,123132,185778,0,25140,141702,8257680,1.661,0,0,0,0.024899000
159,160,3,astar,fast,zero,gcompare,201,0,0,ok,19,-1,79716,28915,36824,0,13979,42892,2621488,1.584,0,0,0,0.005539000
160,161,3,astar,fast,zero,gcompare,201,0,0,ok,19,-1,102478,38112,49144,0,15224,53334,2949176,1.631,0,0,0,0.007128000
161,162,3,astar,fast,zero,gcompare,201,0,0,ok,13,-1,6417,2327,2594,0,1496,3823,376840,1.178,0,0,0,0.000318000
162,163,3,astar,fast,zero,gcompare,201,0,0,ok,23,-1,287976,106747,157261,0,25137,130715,6553728,1.686,0,0,0,0.020839000
163,164,3,astar,fast,zero,gcompare,201,0,0,ok,23,-1,324202,121674,183215,0,25140,140987,8257680,1.663,0,0,0,0.024076000
164,165,3,astar,fast,zero,gcompare,201,0,0,ok,21,-1,175719,64574,88269,0,22897,87450,4915288,1.642,0,0,0,0.012755000
165,166,3,astar,fast,zero,gcompare,201,0,0,ok,19,-1,97260,35919,46164,0,15182,51096,2949176,1.616,0,0,0,0.006768000
166,167,3,astar,fast,zero,gcompare,201,0,0,ok,25,-1,418487,156743,248838,0,25140,169649,9240744,1.632,0,0,0,0.031095000
167,168,3,astar,fast,zero,gcompare,201,0,0,ok,25,-1,408609,152486,240944,0,25137,167665,9240744,1.646,0,0,0,0.039305000
168,169,3,astar,fast,zero,gcompare,201,0,0,ok,23,-1,283376,104732,154193,0,25140,129183,6553728,1.685,0,0,0,0.021782000
169,170,3,astar,fast,zero,gcompare,201,0,0,ok,21,-1,169207,61946,84651,0,22616,84556,4915288,1.648,0,0,0,0.013177000
170,171,3,astar,fast,zero,gcompare,201,0,0,ok,25,-1,388797,144115,226173,0,25136,162624,8913056,1.650,0,0,0,0.031770000
171,172,3,astar,fast,zero,gcompare,201,0,0,ok,21,-1,167917,61421,83928,0,22569,83989,4915288,1.652,0,0,0,0.012944000
172,173,3,astar,fast,zero,gcompare,201,0,0,ok,19,-1,96874,35798,45914,0,15165,50960,2949176,1.610,0,0,0,0.006961000
173,174,3,astar,fast,zero,gcompare,201,0,0,ok,23,-1,275682,101568,149334,0,25137,126348,6553728,1.681,0,0,0,0.020315000
174,175,3,astar,fast,zero,gcompare,201,0,0,ok,25,-1,413549,154597,244742,0,25136,168807,9240744,1.639,0,0,0,0.030072000
175,176,3,astar,fast,zero,gcompare,201,0,0,ok,25,-1,425973,159969,255305,0,25136,170668,9240744,1.626,0,0,0,0.031329000
176,177,3,astar,fast,zero,gcompare,201,0,0,ok,23,-1,321300,120431,180988,0,25140,140312,8257680,1.666,0,0,0,0.023729000
177,178,3,astar,fast,zero,gcompare,201,0,0,ok,27,-1,458640,171129,280215,0,25136,178425,9568432,1.596,0,0,0,0.034486000
178,179,3,astar,fast,zero,gcompare,201,0,0,ok,19,-1,93962,34636,44330,0,14996,49632,2949176,1.621,0,0,0,0.006679000
179,180,3,astar,fast,zero,gcompare,201,0,0,ok,21,-1,161725,58993,80529,0,22205,81196,4587600,1.658,0,0,0,0.011912000
180,181,3,astar,fast,zero,gcompare,201,0,0,ok,25,-1,425811,159898,255159,0,25136,170652,9240744,1.627,0,0,0,0.030490000
181,182,3,astar,fast,zero,gcompare,201,0,0,ok,21,-1,188869,70214,96584,0,22938,92285,5242976,1.654,0,0,0,0.014378000
182,183,3,astar,fast,zero,gcompare,201,0,0,ok,27,-1,470054,176070,289915,0,25137,180139,9568432,1.584,0,0,0,0.033220000
183,184,3,astar,fast,zero,gcompare,201,0,0,ok,21,-1,167929,61411,83836,0,22682,84093,4915288,1.644,0,0,0,0.012802000
184,185,3,astar,fast,zero,gcompare,201,0,0,ok,15,-1,18869,6961,7996,0,3915,10873,819216,1.417,0,0,0,0.001161000
185,186,3,astar,fast,zero,gcompare,201,0,0,ok,21,-1,201539,75657,105139,0,22771,96400,5242976,1.658,0,0,0,0.015275000
186,187,3,astar,fast,zero,gcompare,201,0,0,ok,21,-1,170115,62285,85071,0,22764,85044,4915288,1.644,0,0,0,0.012052000
187,188,3,astar,fast,zero,gcompare,201,0,0,ok,25,-1,410081,153105,242004,0,25140,168077,9240744,1.643,0,0,0,0.031065000
188,189,3,astar,fast,zero,gcompare,201,0,0,ok,27,-1,462930,172997,283621,0,25136,179309,9568432,1.591,0,0,0,0.032915000
189,190,3,astar,fast,zero,gcompare,201,0,0,ok,25,-1,420833,157698,250856,0,25137,169977,9240744,1.631,0,0,0,0.033235000
190,191,3,astar,fast,zero,gcompare,201,0,0,ok,23,-1,308894,115301,171850,0,25136,137044,7929992,1.673,0,0,0,0.023682000
191,192,3,astar,fast,zero,gcompare,201,0,0,ok,25,-1,417101,156123,247677,0,25136,169424,9240744,1.635,0,0,0,0.030991000
192,193,3,astar,fast,zero,gcompare,201,0,0,ok,23,-1,306010,114098,169796,0,25137,136214,7929992,1.673,0,0,0,0.022806000
193,194,3,astar,fast,zero,gcompare,201,0,0,ok,21,-1,189485,70493,97046,0,22897,92439,5242976,1.655,0,0,0,0.013597000
194,195,3,astar,fast,zero,gcompare,201,0,0,ok,27,-1,460778,172068,281884,0,25136,178894,9568432,1.594,0,0,0,0.033137000
195,196,3,astar,fast,zero,gcompare,201,0,0,ok,19,-1,111742,42025,54938,0,15224,56804,2949176,1.654,0,0,0,0.007802000
196,197,3,astar,fast,zero,gcompare,201,0,0,ok,23,-1,306784,114429,170370,0,25137,136414,7929992,1.668,0,0,0,0.023352000
197,198,3,astar,fast,zero,gcompare,201,0,0,ok,17,-1,50184,18661,22754,0,8809,27430,1703968,1.573,0,0,0,0.003275000
198,199,3,astar,fast,zero,gcompare,201,0,0,ok,21,-1,182859,67722,92763,0,22771,90096,4915288,1.649,0,0,0,0.013288000
199,200,3,astar,fast,zero,gcompare,201,0,0,ok,15,-1,21251,7973,9217,0,4062,12034,819216,1.438,0,0,0,0.001327000
200,201,3,astar,fast,zero,gcompare,201,0,0,ok,27,-1,466382,174469,286585,0,25140,179797,9568432,1.585,0,0,0,0.036694000
201,202,3,astar,fast,zero,gcompare,201,0,0,ok,21,-1,188645,70118,96430,0,22938,92215,5242976,1.656,0,0,0,0.014200000
202,203,3,astar,fast,zero,gcompare,201,0,0,ok,17,-1,42502,15557,18644,0,8303,23858,1376280,1.523,0,0,0,0.002840000
203,204,3,astar,fast,zero,gcompare,201,0,0,ok,25,-1,411387,153648,243070,0,25137,168317,9240744,1.639,0,0,0,0.032917000
204,205,3,astar,fast,zero,gcompare,201,0,0,ok,29,-1,482075,180704,300680,0,25137,181395,9896120,1.571,0,0,0,0.035861000
205,206,3,astar,fast,zero,gcompare,201,0,0,ok,17,-1,52854,19859,24374,0,8782,28480,1703968,1.596,0,0,0,0.003546000
206,207,3,astar,fast,zero,gcompare,201,0,0,ok,25,-1,400679,149070,234957,0,25137,165722,9240744,1.650,0,0,0,0.030214000
207,208,3,astar,fast,zero,gcompare,201,0,0,ok,23,-1,318458,119351,179002,0,25137,139456,8257680,1.671,0,0,0,0.024773000
208,209,3,astar,fast,zero,gcompare,201,0,0,ok,21,-1,202305,75978,105674,0,22771,96631,5242976,1.659,0,0,0,0.014842000
209,210,3,astar,fast,zero,gcompare,201,0,0,ok,23,-1,306242,114161,169894,0,25140,136348,7929992,1.675,0,0,0,0.023595000
210,211,3,astar,fast,zero,gcompare,201,0,0,ok,19,-1,100416,37224,47932,0,15261,52484,2949176,1.618,0,0,0,0.006837000
211,212,3,astar,fast,zero,gcompare,201,0,0,ok,23,-1,290494,107662,158853,0,25140,131641,7929992,1.683,0,0,0,0.022205000
212,213,3,astar,fast,zero,gcompare,201,0,0,ok,21,-1,194251,72485,100192,0,22897,94059,5242976,1.652,0,0,0,0.013851000
213,214,3,astar,fast,zero,gcompare,201,0,0,ok,17,-1,46178,16959,20468,0,8757,25710,1703968,1.541,0,0,0,0.003127000
214,215,3,astar,fast,zero,gcompare,201,0,0,ok,23,-1,279850,103251,151915,0,25140,127935,6553728,1.685,0,0,0,0.020264000
215,216,3,astar,fast,zero,gcompare,201,0,0,ok,21,-1,179939,66448,90933,0,22771,89006,4915288,1.652,0,0,0,0.013305000
216,217,3,astar,fast,zero,gcompare,201,0,0,ok,23,-1,317096,118736,177969,0,25137,139127,7929992,1.669,0,0,0,0.024151000
217,218,3,astar,fast,zero,gcompare,201,0,0,ok,27,-1,465340,174034,285653,0,25137,179687,9568432,1.588,0,0,0,0.037328000
218,219,3,astar,fast,zero,gcompare,201,0,0,ok,17,-1,51394,19194,23469,0,8809,27925,1703968,1.579,0,0,0,0.003448000
219,220,3,astar,fast,zero,gcompare,201,0,0,ok,17,-1,41014,14984,17900,0,8131,23114,1310744,1.510,0,0,0,0.002789000
220,221,3,astar,fast,zero,gcompare,201,0,0,ok,25,-1,402005,149614,235887,0,25137,166118,9240744,1.649,0,0,0,0.030106000
221,222,3,astar,fast,zero,gcompare,201,0,0,ok,25,-1,417531,156307,248041,0,25136,169490,9240744,1.636,0,0,0,0.032606000
222,223,3,astar,fast,zero,gcompare,201,0,0,ok,25,-1,419297,157048,249563,0,25137,169734,9240744,1.630,0,0,0,0.037334000
223,224,3,astar,fast,zero,gcompare,201,0,0,ok,15,-1,14515,5222,5988,0,3305,8527,819216,1.475,0,0,0,0.000903000
224,225,3,astar,fast,zero,gcompare,201,0,0,ok,23,-1,279428,103125,151705,0,25137,127723,6553728,1.682,0,0,0,0.023894000
225,226,3,astar,fast,zero,gcompare,201,0,0,ok,25,-1,391855,145360,228347,0,25137,163508,8913056,1.648,0,0,0,0.030836000
226,227,3,astar,fast,zero,gcompare,201,0,0,ok,23,-1,312032,116636,174204,0,25136,137828,7929992,1.670,0,0,0,0.032035000
227,228,3,astar,fast,zero,gcompare,201,0,0,ok,25,-1,390183,144670,227084,0,25137,163099,8913056,1.652,0,0,0,0.182378000
228,229,3,astar,fast,zero,gcompare,201,0,0,ok,17,-1,35388,12792,15264,0,7335,20124,1310744,1.523,0,0,0,0.002267000
229,230,3,astar,fast,zero,gcompare,201,0,0,ok,21,-1,158373,57734,78770,0,21870,79603,4587600,1.659,0,0,0,0.011840000
230,231,3,astar,fast,zero,gcompare,201,0,0,ok,25,-1,426425,160167,255710,0,25140,170715,9240744,1.626,0,0,0,0.041146000
231,232,3,astar,fast,zero,gcompare,201,0,0,ok,21,-1,160939,58691,80085,0,22163,80854,4587600,1.644,0,0,0,0.014031000
232,233,3,astar,fast,zero,gcompare,201,0,0,ok,27,-1,471780,176836,291506,0,25137,180274,9896120,1.584,0,0,0,0.045558000
233,234,3,astar,fast,zero,gcompare,201,0,0,ok,21,-1,196883,73612,101969,0,22771,94914,5242976,1.660,0,0,0,0.017864000
234,235,3,astar,fast,zero,gcompare,201,0,0,ok,21,-1,209041,78688,110470,0,22881,98571,5570664,1.659,0,0,0,0.019859000
235,236,3,astar,fast,zero,gcompare,201,0,0,ok,21,-1,192167,71642,98861,0,22771,93306,5242976,1.658,0,0,0,0.014785000
236,237,3,astar,fast,zero,gcompare,201,0,0,ok,27,-1,468152,175239,288187,0,25137,179965,9568432,1.586,0,0,0,0.035584000
237,238,3,astar,fast,zero,gcompare,201,0,0,ok,21,-1,197371,73786,102264,0,22938,95107,5242976,1.660,0,0,0,0.014708000
238,239,3,astar,fast,zero,gcompare,201,0,0,ok,19,-1,91196,33540,42842,0,14814,48354,2621488,1.605,0,0,0,0.006573000
239,240,3,astar,fast,zero,gcompare,201,0,0,ok,25,-1,414025,154808,245136,0,25136,168889,9240744,1.636,0,0,0,0.036848000
240,241,3,astar,fast,zero,gcompare,201,0,0,ok,19,-1,90818,33409,42649,0,14761,48169,2621488,1.596,0,0,0,0.006327000
241,242,3,astar,fast,zero,gcompare,201,0,0,ok,17,-1,46414,17064,20601,0,8757,25813,1703968,1.551,0,0,0,0.003064000
242,243,3,astar,fast,zero,gcompare,201,0,0,ok,23,-1,309564,115585,172408,0,25137,137156,7929992,1.676,0,0,0,0.026167000
243,244,3,astar,fast,zero,gcompare,201,0,0,ok,23,-1,284106,105113,154733,0,25137,129373,6553728,1.680,0,0,0,0.020550000
244,245,3,astar,fast,zero,gcompare,201,0,0,ok,15,-1,17891,6554,7507,0,3831,10384,819216,1.417,0,0,0,0.001069000
245,246,3,astar,fast,zero,gcompare,201,0,0,ok,23,-1,295878,109935,162635,0,25137,133243,7929992,1.679,0,0,0,0.022582000
246,247,3,astar,fast,zero,gcompare,201,0,0,ok,21,-1,193189,72052,99495,0,22938,93694,5242976,1.654,0,0,0,0.014284000
247,248,3,astar,fast,zero,gcompare,201,0,0,ok,27,-1,467730,175048,287789,0,25140,179941,9568432,1.587,0,0,0,0.034870000
248,249,3,astar,fast,zero,gcompare,201,0,0,ok,29,-1,482853,181044,301422,0,25137,181431,9896120,1.572,0,0,0,0.033835000
249,250,3,astar,fast,zero,gcompare,201,0,0,ok,29,-1,482567,180919,301145,0,25140,181422,9896120,1.574,0,0,0,0.033985000
250,251,3,astar,fast,zero,gcompare,201,0,0,ok,25,-1,424359,159276,253907,0,25140,170452,9240744,1.628,0,0,0,0.030083000
251,252,3,astar,fast,zero,gcompare,201,0,0,ok,23,-1,300700,111874,166001,0,25137,134699,7929992,1.677,0,0,0,0.022670000
252,253,3,astar,fast,zero,gcompare,201,0,0,ok,23,-1,306880,114447,170391,0,25136,136489,7929992,1.675,0,0,0,0.023550000
253,254,3,astar,fast,zero,gcompare,201,0,0,ok,23,-1,304792,113545,168929,0,25137,135863,7929992,1.675,0,0,0,0.023602000
254,255,3,astar,fast,zero,gcompare,201,0,0,ok,21,-1,197119,73698,102085,0,22881,95034,5242976,1.653,0,0,0,0.014691000
255,256,3,astar,fast,zero,gcompare,201,0,0,ok,21,-1,183235,67841,92934,0,22897,90301,5242976,1.650,0,0,0,0.013090000
256,257,3,astar,fast,zero,gcompare,201,0,0,ok,21,-1,159917,58308,79579,0,22030,80338,4587600,1.656,0,0,0,0.012760000
257,258,3,astar,fast,zero,gcompare,201,0,0,ok,23,-1,283142,104705,154084,0,25136,129058,6553728,1.683,0,0,0,0.025449000
258,259,3,astar,fast,zero,gcompare,201,0,0,ok,19,-1,96522,35653,45715,0,15154,50807,2949176,1.607,0,0,0,0.007469000
259,260,3,astar,fast,zero,gcompare,201,0,0,ok,27,-1,470260,176162,290112,0,25137,180148,9568432,1.584,0,0,0,0.035176000
260,261,3,astar,fast,zero,gcompare,201,0,0,ok,27,-1,470450,176237,290264,0,25140,180186,9568432,1.584,0,0,0,0.032435000
261,262,3,astar,fast,zero,gcompare,201,0,0,ok,23,-1,274062,100839,148278,0,25140,125784,6553728,1.687,0,0,0,0.021669000
262,263,3,astar,fast,zero,gcompare,201,0,0,ok,21,-1,178319,65696,89847,0,22897,88472,4915288,1.645,0,0,0,0.013362000
263,264,3,astar,fast,zero,gcompare,201,0,0,ok,23,-1,290790,107868,159170,0,25137,131620,7929992,1.685,0,0,0,0.025453000
264,265,3,astar,fast,zero,gcompare,201,0,0,ok,21,-1,196681,73486,101769,0,22897,94912,5242976,1.659,0,0,0,0.018214000
265,266,3,astar,fast,zero,gcompare,201,0,0,ok,25,-1,409111,152695,241334,0,25137,167777,9240744,1.640,0,0,0,0.031546000
266,267,3,astar,fast,zero,gcompare,201,0,0,ok,27,-1,468670,175479,288642,0,25137,180028,9568432,1.584,0,0,0,0.035671000
267,268,3,astar,fast,zero,gcompare,201,0,0,ok,19,-1,84526,30920,39361,0,14247,45165,2621488,1.587,0,0,0,0.006150000
268,269,3,astar,fast,zero,gcompare,201,0,0,ok,25,-1,425885,159904,255240,0,25137,170645,9240744,1.629,0,0,0,0.031081000
269,270,3,astar,fast,zero,gcompare,201,0,0,ok,25,-1,412741,154215,244153,0,25137,168588,9240744,1.640,0,0,0,0.035956000
270,271,3,astar,fast,zero,gcompare,201,0,0,ok,25,-1,389863,144557,226929,0,25140,162934,8913056,1.652,0,0,0,0.028817000
271,272,3,astar,fast,zero,gcompare,201,0,0,ok,17,-1,47232,17394,21070,0,8802,26162,1703968,1.549,0,0,0,0.003090000
272,273,3,astar,fast,zero,gcompare,201,0,0,ok,19,-1,103768,38686,49989,0,15139,53779,2949176,1.629,0,0,0,0.007442000
273,274,3,astar,fast,zero,gcompare,201,0,0,ok,27,-1,459678,171583,281020,0,25140,178658,9568432,1.598,0,0,0,0.032480000
274,275,3,astar,fast,zero,gcompare,201,0,0,ok,17,-1,43712,16028,19241,0,8443,24471,1376280,1.534,0,0,0,0.002815000
275,276,3,astar,fast,zero,gcompare,201,0,0,ok,25,-1,403467,150272,237003,0,25136,166464,9240744,1.644,0,0,0,0.029856000
276,277,3,astar,fast,zero,gcompare,201,0,0,ok,21,-1,185469,68820,94384,0,22881,91085,5242976,1.652,0,0,0,0.013563000
277,278,3,astar,fast,zero,gcompare,201,0,0,ok,25,-1,392423,145595,228763,0,25137,163660,8913056,1.647,0,0,0,0.028474000
278,279,3,astar,fast,zero,gcompare,201,0,0,ok,23,-1,328060,123389,186222,0,25140,141838,8257680,1.666,0,0,0,0.027212000
279,280,3,astar,fast,zero,gcompare,201,0,0,ok,21,-1,196527,73436,101706,0,22938,94821,5242976,1.654,0,0,0,0.014645000
280,281,3,astar,fast,zero,gcompare,201,0,0,ok,21,-1,200977,75412,104755,0,22771,96222,5242976,1.659,0,0,0,0.014274000
281,282,3,astar,fast,zero,gcompare,201,0,0,ok,25,-1,424917,159493,254411,0,25137,170506,9240744,1.631,0,0,0,0.031686000
282,283,3,astar,fast,zero,gcompare,201,0,0,ok,27,-1,459500,171498,280879,0,25137,178621,9568432,1.596,0,0,0,0.034875000
283,284,3,astar,fast,zero,gcompare,201,0,0,ok,27,-1,461668,172455,282601,0,25136,179067,9568432,1.591,0,0,0,0.032957000
284,285,3,astar,fast,zero,gcompare,201,0,0,ok,25,-1,388955,144198,226287,0,25137,162668,8913056,1.647,0,0,0,0.031598000
285,286,3,astar,fast,zero,gcompare,201,0,0,ok,23,-1,314548,117694,176067,0,25136,138481,7929992,1.671,0,0,0,0.024007000
286,287,3,astar,fast,zero,gcompare,201,0,0,ok,21,-1,204173,76765,107014,0,22938,97159,5242976,1.661,0,0,0,0.015109000
287,288,3,astar,fast,zero,gcompare,201,0,0,ok,25,-1,391161,145085,227852,0,25140,163309,8913056,1.649,0,0,0,0.029249000
288,289,3,astar,fast,zero,gcompare,201,0,0,ok,25,-1,420711,157646,250754,0,25137,169957,9240744,1.632,0,0,0,0.030225000
289,290,3,astar,fast,zero,gcompare,201,0,0,ok,21,-1,180789,66784,91395,0,22897,89394,4915288,1.652,0,0,0,0.013090000
290,291,3,astar,fast,zero,gcompare,201,0,0,ok,21,-1,172251,63130,86231,0,22894,86020,4915288,1.651,0,0,0,0.012143000
291,292,3,astar,fast,zero,gcompare,201,0,0,ok,23,-1,303520,113061,168000,0,25137,135520,7929992,1.673,0,0,0,0.022385000
292,293,3,astar,fast,zero,gcompare,201,0,0,ok,23,-1,316588,118512,177537,0,25140,139051,7929992,1.670,0,0,0,0.023686000
293,294,3,astar,fast,zero,gcompare,201,0,0,ok,17,-1,45950,16841,20320,0,8791,25630,1703968,1.544,0,0,0,0.003073000
294,295,3,astar,fast,zero,gcompare,201,0,0,ok,19,-1,94202,34689,44471,0,15043,49731,2949176,1.603,0,0,0,0.006400000
295,296,3,astar,fast,zero,gcompare,201,0,0,ok,21,-1,181669,67176,91943,0,22881,89726,4915288,1.656,0,0,0,0.013070000
296,297,3,astar,fast,zero,gcompare,201,0,0,ok,25,-1,403009,150072,236708,0,25137,166301,9240744,1.650,0,0,0,0.031421000
297,298,3,astar,fast,zero,gcompare,201,0,0,ok,21,-1,194809,72726,100573,0,22938,94236,5242976,1.652,0,0,0,0.014511000
298,299,3,astar,fast,zero,gcompare,201,0,0,ok,17,-1,49502,18367,22367,0,8809,27135,1703968,1.572,0,0,0,0.003335000
299,300,3,astar,fast,zero,gcompare,201,0,0,ok,27,-1,467852,175117,287898,0,25136,179954,9568432,1.586,0,0,0,0.033554000
300,301,3,astar,fast,zero,gcompare,201,0,0,ok,19,-1,110508,41491,54131,0,15224,56377,2949176,1.642,0,0,0,0.007814000
301,302,3,astar,fast,zero,gcompare,201,0,0,ok,19,-1,82458,30066,38256,0,14137,44202,2621488,1.598,0,0,0,0.005637000
302,303,3,astar,fast,zero,gcompare,201,0,0,ok,21,-1,185811,68924,94570,0,22938,91241,5242976,1.649,0,0,0,0.013244000
303,304,3,astar,fast,zero,gcompare,201,0,0,ok,27,-1,470660,176331,290442,0,25140,180218,9568432,1.585,0,0,0,0.032868000
304,305,3,astar,fast,zero,gcompare,201,0,0,ok,23,-1,314712,117769,176190,0,25136,138522,7929992,1.669,0,0,0,0.023589000
305,306,3,astar,fast,zero,gcompare,201,0,0,ok,23,-1,282454,104412,153657,0,25137,128797,6553728,1.683,0,0,0,0.020230000
306,307,3,astar,fast,zero,gcompare,201,0,0,ok,19,-1,105176,39204,50744,0,15367,54432,2949176,1.641,0,0,0,0.007364000
307,308,3,astar,fast,zero,gcompare,201,0,0,ok,23,-1,277908,102494,150720,0,25136,127188,6553728,1.687,0,0,0,0.020110000
308,309,3,astar,fast,zero,gcompare,201,0,0,ok,19,-1,99660,36913,47509,0,15254,52151,2949176,1.615,0,0,0,0.006795000
309,310,3,astar,fast,zero,gcompare,201,0,0,ok,21,-1,167523,61254,83606,0,22663,83917,4915288,1.643,0,0,0,0.011996000
310,311,3,astar,fast,zero,gcompare,201,0,0,ok,23,-1,307230,114598,170645,0,25136,136585,7929992,1.677,0,0,0,0.023127000
311,312,3,astar,fast,zero,gcompare,201,0,0,ok,25,-1,420783,157676,250815,0,25137,169968,9240744,1.633,0,0,0,0.029810000
312,313,3,astar,fast,zero,gcompare,201,0,0,ok,19,-1,99232,36786,47265,0,15182,51967,2949176,1.623,0,0,0,0.006695000
313,314,3,astar,fast,zero,gcompare,201,0,0,ok,17,-1,46378,17048,20583,0,8757,25795,1703968,1.558,0,0,0,0.002982000
314,315,3,astar,fast,zero,gcompare,201,0,0,ok,23,-1,306546,114302,170180,0,25137,136366,7929992,1.670,0,0,0,0.023209000
315,316,3,astar,fast,zero,gcompare,201,0,0,ok,27,-1,459720,171597,281055,0,25137,178665,9568432,1.598,0,0,0,0.032237000
316,317,3,astar,fast,zero,gcompare,201,0,0,ok,19,-1,79400,28786,36641,0,13975,42759,2621488,1.579,0,0,0,0.005316000
317,318,3,astar,fast,zero,gcompare,201,0,0,ok,21,-1,197753,73964,102525,0,22881,95228,5242976,1.657,0,0,0,0.014016000
318,319,3,astar,fast,zero,gcompare,201,0,0,ok,17,-1,48088,17768,21548,0,8809,26540,1703968,1.549,0,0,0,0.003074000
319,320,3,astar,fast,zero,gcompare,201,0,0,ok,17,-1,52396,19648,24078,0,8782,28318,1703968,1.586,0,0,0,0.003368000
320,321,3,astar,fast,zero,gcompare,201,0,0,ok,25,-1,407673,152080,240134,0,25136,167539,9240744,1.644,0,0,0,0.029776000
321,322,3,astar,fast,zero,gcompare,201,0,0,ok,23,-1,269278,98821,145325,0,25137,123953,6553728,1.686,0,0,0,0.019221000
322,323,3,astar,fast,zero,gcompare,201,0,0,ok,23,-1,290438,107724,158876,0,25136,131562,7929992,1.683,0,0,0,0.022235000
323,324,3,astar,fast,zero,gcompare,201,0,0,ok,23,-1,323024,121213,182350,0,25136,140674,8257680,1.669,0,0,0,0.030410000
324,325,3,astar,fast,zero,gcompare,201,0,0,ok,19,-1,85420,31276,39813,0,14331,45607,2621488,1.586,0,0,0,0.006234000
325,326,3,astar,fast,zero,gcompare,201,0,0,ok,23,-1,269310,98838,145346,0,25137,123964,6553728,1.685,0,0,0,0.019505000
326,327,3,astar,fast,zero,gcompare,201,0,0,ok,21,-1,190357,70857,97575,0,22938,92782,5242976,1.656,0,0,0,0.014975000
327,328,3,astar,fast,zero,gcompare,201,0,0,ok,21,-1,192321,71692,98904,0,22938,93417,5242976,1.655,0,0,0,0.014267000
328,329,3,astar,fast,zero,gcompare,201,0,0,ok,21,-1,195091,72875,100775,0,22771,94316,5242976,1.657,0,0,0,0.014799000
329,330,3,astar,fast,zero,gcompare,201,0,0,ok,23,-1,311126,116248,173568,0,25137,137558,7929992,1.669,0,0,0,0.023476000
330,331,3,astar,fast,zero,gcompare,201,0,0,ok,19,-1,111668,41991,54886,0,15224,56782,2949176,1.653,0,0,0,0.008118000
331,332,3,astar,fast,zero,gcompare,201,0,0,ok,23,-1,284862,105425,155190,0,25136,129672,6553728,1.680,0,0,0,0.021106000
332,333,3,astar,fast,zero,gcompare,201,0,0,ok,13,-1,6905,2521,2812,0,1572,4093,376840,1.238,0,0,0,0.000351000
333,334,3,astar,fast,zero,gcompare,201,0,0,ok,23,-1,276196,101728,149611,0,25140,126585,6553728,1.683,0,0,0,0.020162000
334,335,3,astar,fast,zero,gcompare,201,0,0,ok,25,-1,423141,158730,252853,0,25136,170288,9240744,1.629,0,0,0,0.031853000
335,336,3,astar,fast,zero,gcompare,201,0,0,ok,19,-1,94992,35039,44890,0,15066,50102,2949176,1.601,0,0,0,0.006590000
336,337,3,astar,fast,zero,gcompare,201,0,0,ok,17,-1,50412,18753,22879,0,8809,27533,1703968,1.570,0,0,0,0.003314000
337,338,3,astar,fast,zero,gcompare,201,0,0,ok,23,-1,272728,100310,147482,0,25136,125246,6553728,1.682,0,0,0,0.019728000
338,339,3,astar,fast,zero,gcompare,201,0,0,ok,21,-1,191607,71383,98419,0,22938,93188,5242976,1.661,0,0,0,0.014084000
339,340,3,astar,fast,zero,gcompare,201,0,0,ok,25,-1,398461,148124,233248,0,25137,165213,9240744,1.650,0,0,0,0.030468000
340,341,3,astar,fast,zero,gcompare,201,0,0,ok,25,-1,419983,157329,250127,0,25137,169856,9240744,1.630,0,0,0,0.030122000
341,342,3,astar,fast,zero,gcompare,201,0,0,ok,23,-1,292858,108627,160472,0,25140,132386,7929992,1.681,0,0,0,0.021464000
342,343,3,astar,fast,zero,gcompare,201,0,0,ok,25,-1,408181,152242,240571,0,25137,167610,9240744,1.645,0,0,0,0.031201000
343,344,3,astar,fast,zero,gcompare,201,0,0,ok,21,-1,208103,78326,109770,0,22771,98333,5570664,1.659,0,0,0,0.015055000
344,345,3,astar,fast,zero,gcompare,201,0,0,ok,25,-1,420781,157690,250846,0,25137,169935,9240744,1.631,0,0,0,0.031051000
345,346,3,astar,fast,zero,gcompare,201,0,0,ok,27,-1,465036,173893,285400,0,25140,179636,9568432,1.588,0,0,0,0.032071000
346,347,3,astar,fast,zero,gcompare,201,0,0,ok,19,-1,94154,34697,44430,0,15029,49724,2949176,1.606,0,0,0,0.006359000
347,348,3,astar,fast,zero,gcompare,201,0,0,ok,23,-1,276780,101972,149980,0,25140,126800,6553728,1.684,0,0,0,0.019593000
348,349,3,astar,fast,zero,gcompare,201,0,0,ok,23,-1,310226,115847,172835,0,25140,137391,7929992,1.674,0,0,0,0.023122000
349,350,3,astar,fast,zero,gcompare,201,0,0,ok,19,-1,108288,40556,52700,0,15139,55588,2949176,1.646,0,0,0,0.007693000
350,351,3,astar,fast,zero,gcompare,201,0,0,ok,25,-1,422429,158429,252258,0,25136,170171,9240744,1.632,0,0,0,0.030705000
351,352,3,astar,fast,zero,gcompare,201,0,0,ok,19,-1,95222,35129,45011,0,15082,50211,2949176,1.609,0,0,0,0.006484000
352,353,3,astar,fast,zero,gcompare,201,0,0,ok,21,-1,158989,57959,79076,0,21955,79913,4587600,1.655,0,0,0,0.011588000
353,354,3,astar,fast,zero,gcompare,201,0,0,ok,23,-1,274442,101047,148556,0,25137,125886,6553728,1.680,0,0,0,0.023658000
354,355,3,astar,fast,zero,gcompare,201,0,0,ok,23,-1,293398,108929,160935,0,25137,132463,7929992,1.682,0,0,0,0.023426000
355,356,3,astar,fast,zero,gcompare,201,0,0,ok,25,-1,395773,146990,231217,0,25136,164556,9240744,1.648,0,0,0,0.029176000
356,357,3,astar,fast,zero,gcompare,201,0,0,ok,21,-1,172741,63370,86611,0,22766,86130,4915288,1.643,0,0,0,0.012243000
357,358,3,astar,fast,zero,gcompare,201,0,0,ok,23,-1,317208,118762,177997,0,25140,139211,7929992,1.670,0,0,0,0.023911000
358,359,3,astar,fast,zero,gcompare,201,0,0,ok,21,-1,159979,58338,79617,0,22026,80362,4587600,1.658,0,0,0,0.011510000
359,360,3,astar,fast,zero,gcompare,201,0,0,ok,21,-1,160943,58703,80121,0,22119,80822,4587600,1.653,0,0,0,0.011354000
360,361,3,astar,fast,zero,gcompare,201,0,0,ok,17,-1,35326,12762,15233,0,7333,20093,1310744,1.515,0,0,0,0.002243000
361,362,3,astar,fast,zero,gcompare,201,0,0,ok,25,-1,413281,154486,244577,0,25140,168704,9240744,1.639,0,0,0,0.032239000
362,363,3,astar,fast,zero,gcompare,201,0,0,ok,21,-1,187849,69779,95907,0,22938,91942,5242976,1.648,0,0,0,0.013770000
363,364,3,astar,fast,zero,gcompare,201,0,0,ok,21,-1,201801,75730,105301,0,22897,96500,5242976,1.661,0,0,0,0.014546000
364,365,3,astar,fast,zero,gcompare,201,0,0,ok,25,-1,428179,160910,257228,0,25137,170951,9240744,1.625,0,0,0,0.029992000
365,366,3,astar,fast,zero,gcompare,201,0,0,ok,19,-1,83194,30391,38656,0,14147,44538,2621488,1.589,0,0,0,0.005590000
366,367,3,astar,fast,zero,gcompare,201,0,0,ok,23,-1,275646,101532,149310,0,25137,126336,6553728,1.684,0,0,0,0.019576000
367,368,3,astar,fast,zero,gcompare,201,0,0,ok,21,-1,195093,72843,100763,0,22938,94330,5242976,1.661,0,0,0,0.014802000
368,369,3,astar,fast,zero,gcompare,201,0,0,ok,19,-1,108910,40801,53086,0,15139,55824,2949176,1.650,0,0,0,0.007814000
369,370,3,astar,fast,zero,gcompare,201,0,0,ok,27,-1,470378,176215,290203,0,25136,180175,9568432,1.586,0,0,0,0.032295000
370,371,3,astar,fast,zero,gcompare,201,0,0,ok,19,-1,79126,28674,36504,0,13948,42622,2621488,1.584,0,0,0,0.005305000
371,372,3,astar,fast,zero,gcompare,201,0,0,ok,19,-1,97530,36092,46311,0,15127,51219,2949176,1.621,0,0,0,0.006638000
372,373,3,astar,fast,zero,gcompare,201,0,0,ok,25,-1,416915,156005,247551,0,25137,169364,9240744,1.633,0,0,0,0.029683000
373,374,3,astar,fast,zero,gcompare,201,0,0,ok,21,-1,198571,74337,103113,0,22881,95458,5242976,1.658,0,0,0,0.014461000
374,375,3,astar,fast,zero,gcompare,201,0,0,ok,21,-1,171985,63057,86170,0,22759,85815,4915288,1.649,0,0,0,0.012539000
375,376,3,astar,fast,zero,gcompare,201,0,0,ok,21,-1,186777,69382,95331,0,22771,91446,5242976,1.653,0,0,0,0.013677000
376,377,3,astar,fast,zero,gcompare,201,0,0,ok,27,-1,467246,174847,287356,0,25136,179890,9568432,1.585,0,0,0,0.033461000
377,378,3,astar,fast,zero,gcompare,201,0,0,ok,23,-1,314754,117738,176166,0,25140,138588,7929992,1.670,0,0,0,0.023078000
378,379,3,astar,fast,zero,gcompare,201,0,0,ok,25,-1,422965,158654,252702,0,25136,170263,9240744,1.628,0,0,0,0.036699000
379,380,3,astar,fast,zero,gcompare,201,0,0,ok,21,-1,163065,59514,81216,0,22340,81849,4587600,1.642,0,0,0,0.011853000
380,381,3,astar,fast,zero,gcompare,201,0,0,ok,25,-1,407431,151975,239940,0,25136,167491,9240744,1.641,0,0,0,0.029196000
381,382,3,astar,fast,zero,gcompare,201,0,0,ok,19,-1,104018,38700,50021,0,15338,53997,2949176,1.627,0,0,0,0.007042000
382,383,3,astar,fast,zero,gcompare,201,0,0,ok,27,-1,468146,175254,288158,0,25137,179988,9568432,1.585,0,0,0,0.031542000
383,384,3,astar,fast,zero,gcompare,201,0,0,ok,21,-1,165315,60400,82418,0,22497,82897,4915288,1.651,0,0,0,0.011595000
384,385,3,astar,fast,zero,gcompare,201,0,0,ok,23,-1,327752,123270,186011,0,25137,141741,8257680,1.663,0,0,0,0.024849000
385,386,3,astar,fast,zero,gcompare,201,0,0,ok,21,-1,179987,66431,90896,0,22897,89091,4915288,1.647,0,0,0,0.013014000
386,387,3,astar,fast,zero,gcompare,201,0,0,ok,23,-1,276780,101972,149980,0,25140,126800,6553728,1.684,0,0,0,0.020327000
387,388,3,astar,fast,zero,gcompare,201,0,0,ok,17,-1,36960,13446,16020,0,7494,20940,1310744,1.519,0,0,0,0.002506000
388,389,3,astar,fast,zero,gcompare,201,0,0,ok,25,-1,425695,159841,255064,0,25137,170631,9240744,1.628,0,0,0,0.033535000
389,390,3,astar,fast,zero,gcompare,201,0,0,ok,23,-1,314358,117615,175932,0,25136,138426,7929992,1.673,0,0,0,0.023968000
390,391,3,astar,fast,zero,gcompare,201,0,0,ok,25,-1,415749,155560,246552,0,25140,169197,9240744,1.635,0,0,0,0.030909000
391,392,3,astar,fast,zero,gcompare,201,0,0,ok,19,-1,83958,30696,39057,0,14205,44901,2621488,1.598,0,0,0,0.005660000
392,393,3,astar,fast,zero,gcompare,201,0,0,ok,25,-1,410481,153287,242307,0,25136,168174,9240744,1.643,0,0,0,0.030869000
393,394,3,astar,fast,zero,gcompare,201,0,0,ok,19,-1,85950,31480,40079,0,14392,45871,2621488,1.599,0,0,0,0.005926000
394,395,3,astar,fast,zero,gcompare,201,0,0,ok,21,-1,197587,73900,102434,0,22771,95153,5242976,1.653,0,0,0,0.014387000
395,396,3,astar,fast,zero,gcompare,201,0,0,ok,23,-1,276944,102042,150083,0,25140,126861,6553728,1.685,0,0,0,0.020312000
396,397,3,astar,fast,zero,gcompare,201,0,0,ok,23,-1,274744,101150,148720,0,25136,126024,6553728,1.680,0,0,0,0.020064000
397,398,3,astar,fast,zero,gcompare,201,0,0,ok,25,-1,392351,145547,228662,0,25137,163689,8913056,1.652,0,0,0,0.028775000
398,399,3,astar,fast,zero,gcompare,201,0,0,ok,21,-1,200745,75320,104654,0,22881,96091,5242976,1.662,0,0,0,0.014499000
399,400,3,astar,fast,zero,gcompare,201,0,0,ok,25,-1,396791,147408,231978,0,25137,164813,9240744,1.650,0,0,0,0.029371000
400,401,3,astar,fast,zero,gcompare,201,0,0,ok,19,-1,98342,36365,46785,0,15205,51557,2949176,1.616,0,0,0,0.006870000
401,402,3,astar,fast,zero,gcompare,201,0,0,ok,21,-1,186151,69074,94868,0,22897,91283,5242976,1.657,0,0,0,0.013458000
402,403,3,astar,fast,zero,gcompare,201,0,0,ok,23,-1,273844,100782,148180,0,25137,125664,6553728,1.686,0,0,0,0.020014000
403,404,3,astar,fast,zero,gcompare,201,0,0,ok,21,-1,164047,59886,81752,0,22410,82295,4915288,1.648,0,0,0,0.011880000
404,405,3,astar,fast,zero,gcompare,201,0,0,ok,19,-1,101256,37567,48352,0,15340,52904,2949176,1.627,0,0,0,0.007043000
405,406,3,astar,fast,zero,gcompare,201,0,0,ok,19,-1,79990,29017,36945,0,14030,43045,2621488,1.598,0,0,0,0.005496000
406,407,3,astar,fast,zero,gcompare,201,0,0,ok,21,-1,170497,62430,85283,0,22787,85214,4915288,1.644,0,0,0,0.012099000
407,408,3,astar,fast,zero,gcompare,201,0,0,ok,19,-1,79868,28978,36902,0,13990,42966,2621488,1.579,0,0,0,0.005322000
408,409,3,astar,fast,zero,gcompare,201,0,0,ok,23,-1,309048,115355,171979,0,25140,137069,7929992,1.677,0,0,0,0.022595000
409,410,3,astar,fast,zero,gcompare,201,0,0,ok,23,-1,306030,114070,169741,0,25140,136289,7929992,1.672,0,0,0,0.023168000
410,411,3,astar,fast,zero,gcompare,201,0,0,ok,15,-1,20991,7866,9082,0,4045,11909,819216,1.432,0,0,0,0.001297000
411,412,3,astar,fast,zero,gcompare,201,0,0,ok,13,-1,8595,3220,3621,0,1755,4974,409608,1.235,0,0,0,0.000479000
412,413,3,astar,fast,zero,gcompare,201,0,0,ok,21,-1,189061,70338,96828,0,22771,92233,5242976,1.659,0,0,0,0.013943000
413,414,3,astar,fast,zero,gcompare,201,0,0,ok,23,-1,321676,120587,181270,0,25140,140406,8257680,1.666,0,0,0,0.023526000
414,415,3,astar,fast,zero,gcompare,201,0,0,ok,23,-1,277454,102303,150432,0,25136,127022,6553728,1.689,0,0,0,0.019559000
415,416,3,astar,fast,zero,gcompare,201,0,0,ok,23,-1,324556,121878,183572,0,25137,140984,8257680,1.663,0,0,0,0.024287000
416,417,3,astar,fast,zero,gcompare,201,0,0,ok,23,-1,313820,117372,175536,0,25137,138284,7929992,1.670,0,0,0,0.023458000
417,418,3,astar,fast,zero,gcompare,201,0,0,ok,21,-1,176923,65090,88994,0,22881,87929,4915288,1.647,0,0,0,0.012601000
418,419,3,astar,fast,zero,gcompare,201,0,0,ok,21,-1,193591,72253,99812,0,22771,93779,5242976,1.654,0,0,0,0.014246000
419,420,3,astar,fast,zero,gcompare,201,0,0,ok,19,-1,112312,42268,55290,0,15224,57022,2949176,1.660,0,0,0,0.008055000
420,421,3,astar,fast,zero,gcompare,201,0,0,ok,19,-1,94666,34919,44707,0,15041,49959,2949176,1.604,0,0,0,0.006492000
421,422,3,astar,fast,zero,gcompare,201,0,0,ok,23,-1,306806,114414,170335,0,25136,136471,7929992,1.673,0,0,0,0.023610000
422,423,3,astar,fast,zero,gcompare,201,0,0,ok,21,-1,159237,58066,79220,0,21953,80017,4587600,1.650,0,0,0,0.011651000
423,424,3,astar,fast,zero,gcompare,201,0,0,ok,21,-1,176415,64911,88794,0,22771,87621,4915288,1.650,0,0,0,0.012842000
424,425,3,astar,fast,zero,gcompare,201,0,0,ok,19,-1,91220,33549,42856,0,14815,48364,2621488,1.601,0,0,0,0.006303000
425,426,3,astar,fast,zero,gcompare,201,0,0,ok,25,-1,396499,147304,231745,0,25140,164754,9240744,1.652,0,0,0,0.028464000
426,427,3,astar,fast,zero,gcompare,201,0,0,ok,23,-1,303776,113166,168176,0,25137,135600,7929992,1.681,0,0,0,0.023988000
427,428,3,astar,fast,zero,gcompare,201,0,0,ok,19,-1,90870,33406,42640,0,14824,48230,2621488,1.618,0,0,0,0.006349000
428,429,3,astar,fast,zero,gcompare,201,0,0,ok,23,-1,314628,117712,176149,0,25137,138479,7929992,1.669,0,0,0,0.023288000
429,430,3,astar,fast,zero,gcompare,201,0,0,ok,25,-1,400113,148796,234433,0,25137,165680,9240744,1.649,0,0,0,0.029448000
430,431,3,astar,fast,zero,gcompare,201,0,0,ok,23,-1,284962,105468,155260,0,25136,129702,6553728,1.682,0,0,0,0.020162000
431,432,3,astar,fast,zero,gcompare,201,0,0,ok,23,-1,312234,116722,174350,0,25136,137884,7929992,1.669,0,0,0,0.023475000
432,433,3,astar,fast,zero,gcompare,201,0,0,ok,29,-1,483355,181264,301917,0,25140,181438,9896120,1.574,0,0,0,0.033215000
433,434,3,astar,fast,zero,gcompare,201,0,0,ok,25,-1,411275,153601,242981,0,25137,168294,9240744,1.641,0,0,0,0.030742000
434,435,3,astar,fast,zero,gcompare,201,0,0,ok,21,-1,191199,71212,98193,0,22897,93006,5242976,1.653,0,0,0,0.013596000
435,436,3,astar,fast,zero,gcompare,201,0,0,ok,21,-1,193165,72072,99522,0,22771,93643,5242976,1.656,0,0,0,0.014275000
436,437,3,astar,fast,zero,gcompare,201,0,0,ok,21,-1,203839,76632,106789,0,22938,97050,5242976,1.667,0,0,0,0.015464000
437,438,3,astar,fast,zero,gcompare,201,0,0,ok,19,-1,111086,41738,54493,0,15139,56593,2949176,1.652,0,0,0,0.008182000
438,439,3,astar,fast,zero,gcompare,201,0,0,ok,23,-1,272060,100000,147039,0,25140,125021,6553728,1.686,0,0,0,0.020291000
439,440,3,astar,fast,zero,gcompare,201,0,0,ok,25,-1,399837,148691,234251,0,25136,165586,9240744,1.652,0,0,0,0.031253000
440,441,3,astar,fast,zero,gcompare,201,0,0,ok,27,-1,468954,175596,288906,0,25137,180048,9568432,1.584,0,0,0,0.032965000
441,442,3,astar,fast,zero,gcompare,201,0,0,ok,21,-1,205181,77162,107715,0,22938,97466,5242976,1.663,0,0,0,0.015129000
442,443,3,astar,fast,zero,gcompare,201,0,0,ok,23,-1,321072,120379,180880,0,25136,140192,8257680,1.669,0,0,0,0.023990000
443,444,3,astar,fast,zero,gcompare,201,0,0,ok,21,-1,181551,67089,91807,0,22938,89744,4915288,1.649,0,0,0,0.012919000
444,445,3,astar,fast,zero,gcompare,201,0,0,ok,27,-1,473604,177627,293224,0,25137,180380,9896120,1.581,0,0,0,0.035050000
445,446,3,astar,fast,zero,gcompare,201,0,0,ok,19,-1,107442,40211,52201,0,15139,55241,2949176,1.641,0,0,0,0.007637000
446,447,3,astar,fast,zero,gcompare,201,0,0,ok,27,-1,469598,175867,289479,0,25140,180119,9568432,1.585,0,0,0,0.032047000
447,448,3,astar,fast,zero,gcompare,201,0,0,ok,23,-1,321948,120730,181540,0,25137,140408,8257680,1.665,0,0,0,0.024153000
448,449,3,astar,fast,zero,gcompare,201,0,0,ok,19,-1,83030,30319,38567,0,14153,44463,2621488,1.584,0,0,0,0.005597000
449,450,3,astar,fast,zero,gcompare,201,0,0,ok,23,-1,307018,114494,170477,0,25140,136541,7929992,1.670,0,0,0,0.023573000
450,451,3,astar,fast,zero,gcompare,201,0,0,ok,23,-1,305412,113814,169380,0,25137,136032,7929992,1.672,0,0,0,0.022933000
451,452,3,astar,fast,zero,gcompare,201,0,0,ok,19,-1,110658,41533,54166,0,15367,56492,2949176,1.651,0,0,0,0.007866000
452,453,3,astar,fast,zero,gcompare,201,0,0,ok,27,-1,461104,172204,282150,0,25137,178954,9568432,1.594,0,0,0,0.032807000
453,454,3,astar,fast,zero,gcompare,201,0,0,ok,27,-1,465522,174106,285824,0,25137,179698,9568432,1.587,0,0,0,0.033511000
454,455,3,astar,fast,zero,gcompare,201,0,0,ok,23,-1,314692,117738,176194,0,25137,138498,7929992,1.668,0,0,0,0.023576000
455,456,3,astar,fast,zero,gcompare,201,0,0,ok,25,-1,423541,158910,253194,0,25136,170347,9240744,1.625,0,0,0,0.030985000
456,457,3,astar,fast,zero,gcompare,201,0,0,ok,27,-1,474382,177969,293974,0,25137,180408,9896120,1.582,0,0,0,0.034075000
457,458,3,astar,fast,zero,gcompare,201,0,0,ok,23,-1,322526,120948,181919,0,25140,140607,8257680,1.668,0,0,0,0.023918000
458,459,3,astar,fast,zero,gcompare,201,0,0,ok,21,-1,187921,69813,95954,0,22938,91967,5242976,1.659,0,0,0,0.013594000
459,460,3,astar,fast,zero,gcompare,201,0,0,ok,21,-1,192187,71635,98814,0,22938,93373,5242976,1.661,0,0,0,0.013950000
460,461,3,astar,fast,zero,gcompare,201,0,0,ok,23,-1,306922,114490,170481,0,25137,136441,7929992,1.672,0,0,0,0.022998000
461,462,3,astar,fast,zero,gcompare,201,0,0,ok,21,-1,205649,77351,108050,0,22938,97599,5242976,1.663,0,0,0,0.014655000
462,463,3,astar,fast,zero,gcompare,201,0,0,ok,23,-1,298722,111095,164571,0,25136,134151,7929992,1.679,0,0,0,0.022054000
463,464,3,astar,fast,zero,gcompare,201,0,0,ok,19,-1,88286,32398,41316,0,14572,46970,2621488,1.582,0,0,0,0.006078000
464,465,3,astar,fast,zero,gcompare,201,0,0,ok,17,-1,51898,19425,23791,0,8809,28107,1703968,1.567,0,0,0,0.003424000
465,466,3,astar,fast,zero,gcompare,201,0,0,ok,23,-1,309668,115611,172435,0,25140,137233,7929992,1.671,0,0,0,0.023491000
466,467,3,astar,fast,zero,gcompare,201,0,0,ok,21,-1,175609,64530,88213,0,22897,87396,4915288,1.653,0,0,0,0.012876000
467,468,3,astar,fast,zero,gcompare,201,0,0,ok,25,-1,423901,159081,253508,0,25140,170393,9240744,1.627,0,0,0,0.030866000
468,469,3,astar,fast,zero,gcompare,201,0,0,ok,23,-1,308326,115049,171449,0,25140,136877,7929992,1.676,0,0,0,0.023200000
469,470,3,astar,fast,zero,gcompare,201,0,0,ok,21,-1,172425,63202,86330,0,22899,86095,4915288,1.649,0,0,0,0.012809000
470,471,3,astar,fast,zero,gcompare,201,0,0,ok,23,-1,304700,113539,168827,0,25137,135873,7929992,1.674,0,0,0,0.023541000
471,472,3,astar,fast,zero,gcompare,201,0,0,ok,23,-1,269358,98857,145376,0,25137,123982,6553728,1.680,0,0,0,0.019593000
472,473,3,astar,fast,zero,gcompare,201,0,0,ok,25,-1,426935,160371,256164,0,25137,170771,9240744,1.626,0,0,0,0.031431000
473,474,3,astar,fast,zero,gcompare,201,0,0,ok,23,-1,316416,118473,177435,0,25136,138981,7929992,1.670,0,0,0,0.024146000
474,475,3,astar,fast,zero,gcompare,201,0,0,ok,25,-1,428457,161028,257478,0,25137,170979,9240744,1.624,0,0,0,0.030451000
475,476,3,astar,fast,zero,gcompare,201,0,0,ok,25,-1,404161,150569,237573,0,25137,166588,9240744,1.644,0,0,0,0.029432000
476,477,3,astar,fast,zero,gcompare,201,0,0,ok,25,-1,420329,157493,250444,0,25137,169885,9240744,1.630,0,0,0,0.030554000
477,478,3,astar,fast,zero,gcompare,201,0,0,ok,21,-1,183805,68111,93308,0,22881,90497,5242976,1.656,0,0,0,0.013064000
478,479,3,astar,fast,zero,gcompare,201,0,0,ok,19,-1,96136,35525,45562,0,15064,50574,2949176,1.614,0,0,0,0.006591000
479,480,3,astar,fast,zero,gcompare,201,0,0,ok,23,-1,277126,102167,150219,0,25136,126907,6553728,1.686,0,0,0,0.020166000
480,481,3,astar,fast,zero,gcompare,201,0,0,ok,17,-1,35338,12767,15235,0,7338,20103,1310744,1.513,0,0,0,0.002269000
481,482,3,astar,fast,zero,gcompare,201,0,0,ok,19,-1,90364,33208,42409,0,14750,47955,2621488,1.602,0,0,0,0.006265000
482,483,3,astar,fast,zero,gcompare,201,0,0,ok,27,-1,468068,175194,288094,0,25140,179974,9568432,1.587,0,0,0,0.032945000
483,484,3,astar,fast,zero,gcompare,201,0,0,ok,25,-1,384665,142449,223310,0,25140,161355,8913056,1.647,0,0,0,0.028217000
484,485,3,astar,fast,zero,gcompare,201,0,0,ok,25,-1,389997,144611,227029,0,25137,162968,8913056,1.653,0,0,0,0.028094000
485,486,3,astar,fast,zero,gcompare,201,0,0,ok,21,-1,192517,71808,99061,0,22881,93456,5242976,1.656,0,0,0,0.013944000
486,487,3,astar,fast,zero,gcompare,201,0,0,ok,21,-1,202259,75922,105619,0,22897,96640,5242976,1.660,0,0,0,0.014578000
487,488,3,astar,fast,zero,gcompare,201,0,0,ok,19,-1,109744,41169,53645,0,15224,56099,2949176,1.654,0,0,0,0.007702000
488,489,3,astar,fast,zero,gcompare,201,0,0,ok,23,-1,272510,100220,147348,0,25136,125162,6553728,1.686,0,0,0,0.019477000
489,490,3,astar,fast,zero,gcompare,201,0,0,ok,21,-1,166711,60928,83163,0,22622,83548,4915288,1.650,0,0,0,0.012035000
490,491,3,astar,fast,zero,gcompare,201,0,0,ok,17,-1,52550,19720,24180,0,8782,28370,1703968,1.597,0,0,0,0.003502000
491,492,3,astar,fast,zero,gcompare,201,0,0,ok,23,-1,272080,100040,147076,0,25136,125004,6553728,1.681,0,0,0,0.019982000
492,493,3,astar,fast,zero,gcompare,201,0,0,ok,21,-1,203933,76626,106787,0,22897,97146,5242976,1.661,0,0,0,0.015028000
493,494,3,astar,fast,zero,gcompare,201,0,0,ok,23,-1,324964,122063,183840,0,25136,141124,8257680,1.666,0,0,0,0.024234000
494,495,3,astar,fast,zero,gcompare,201,0,0,ok,17,-1,51986,19461,23825,0,8782,28161,1703968,1.575,0,0,0,0.003454000
495,496,3,astar,fast,zero,gcompare,201,0,0,ok,25,-1,418051,156493,248488,0,25137,169563,9240744,1.636,0,0,0,0.032222000
496,497,3,astar,fast,zero,gcompare,201,0,0,ok,23,-1,295186,109590,162110,0,25140,133076,7929992,1.685,0,0,0,0.022274000
497,498,3,astar,fast,zero,gcompare,201,0,0,ok,23,-1,323064,121229,182390,0,25137,140674,8257680,1.666,0,0,0,0.023769000
498,499,3,astar,fast,zero,gcompare,201,0,0,ok,17,-1,40110,14639,17493,0,7978,22617,1310744,1.514,0,0,0,0.002541000
499,500,3,astar,fast,zero,gcompare,201,0,0,ok,21,-1,198407,74224,102949,0,22938,95458,5242976,1.655,0,0,0,0.014100000
0,1,3,astar,fast,misplaced,gcompare,200,0,0,ok,22,-1,14681,5407,6172,47,3102,8509,819216,1.433,0,0,0,0.001046000
1,2,3,astar,fast,misplaced,gcompare,200,0,0,ok,22,-1,14299,5279,5975,11,3045,8324,819216,1.439,0,0,0,0.000970000
2,3,3,astar,fast,misplaced,gcompare,200,0,0,ok,20,-1,5748,2124,2338,5,1286,3410,376840,1.073,0,0,0,0.000314000
3,4,3,astar,fast,misplaced,gcompare,200,0,0,ok,22,-1,13795,5085,5744,25,2966,8051,425992,1.410,0,0,0,0.000829000
4,5,3,astar,fast,misplaced,gcompare,200,0,0,ok,24,-1,42298,15619,18391,118,8288,23907,1376280,1.498,0,0,0,0.003036000
5,6,3,astar,fast,misplaced,gcompare,200,0,0,ok,22,-1,13827,5070,5766,32,2991,8061,425992,1.406,0,0,0,0.000860000
6,7,3,astar,fast,misplaced,gcompare,200,0,0,ok,20,-1,8545,3133,3536,22,1876,5009,409608,1.215,0,0,0,0.000502000
7,8,3,astar,fast,misplaced,gcompare,200,0,0,ok,22,-1,14160,5227,5945,20,2988,8215,819216,1.433,0,0,0,0.000922000
8,9,3,astar,fast,misplaced,gcompare,200,0,0,ok,20,-1,9661,3563,3974,6,2124,5687,425992,1.255,0,0,0,0.000576000
9,10,3,astar,fast,misplaced,gcompare,200,0,0,ok,28,-1,147153,54409,72887,442,19865,74266,4587600,1.607,0,0,0,0.011887000
10,11,3,astar,fast,misplaced,gcompare,200,0,0,ok,20,-1,10243,3775,4337,11,2131,5906,425992,1.303,0,0,0,0.000602000
11,12,3,astar,fast,misplaced,gcompare,200,0,0,ok,22,-1,18862,6921,8021,26,3920,10841,819216,1.403,0,0,0,0.001242000
12,13,3,astar,fast,misplaced,gcompare,200,0,0,ok,20,-1,7707,2843,3174,11,1690,4533,409608,1.237,0,0,0,0.000452000
13,14,3,astar,fast,misplaced,gcompare,200,0,0,ok,20,-1,6791,2513,2807,5,1471,3984,376840,1.203,0,0,0,0.000373000
14,15,3,astar,fast,misplaced,gcompare,200,0,0,ok,24,-1,39298,14541,17170,77,7587,22128,1310744,1.487,0,0,0,0.002782000
15,16,3,astar,fast,misplaced,gcompare,200,0,0,ok,24,-1,32347,11912,14032,56,6403,18315,1310744,1.505,0,0,0,0.002312000
16,17,3,astar,fast,misplaced,gcompare,200,0,0,ok,22,-1,15969,5886,6674,32,3409,9295,819216,1.393,0,0,0,0.001035000
17,18,3,astar,fast,misplaced,gcompare,200,0,0,ok,20,-1,5052,1865,2055,7,1132,2997,376840,1.011,0,0,0,0.000264000
18,19,3,astar,fast,misplaced,gcompare,200,0,0,ok,20,-1,7028,2567,2864,15,1597,4164,409608,1.211,0,0,0,0.000407000
19,20,3,astar,fast,misplaced,gcompare,200,0,0,ok,24,-1,31696,11637,13794,65,6265,17902,1310744,1.537,0,0,0,0.002263000
20,21,3,astar,fast,misplaced,gcompare,200,0,0,ok,22,-1,18508,6775,7863,31,3870,10645,819216,1.424,0,0,0,0.001191000
21,22,3,astar,fast,misplaced,gcompare,200,0,0,ok,20,-1,5102,1868,2059,3,1175,3043,376840,1.003,0,0,0,0.000258000
22,23,3,astar,fast,misplaced,gcompare,200,0,0,ok,24,-1,38141,14111,16688,103,7342,21453,1310744,1.492,0,0,0,0.002607000
23,24,3,astar,fast,misplaced,gcompare,200,0,0,ok,16,-1,1104,407,447,4,250,657,368648,0.541,0,0,0,0.000050000
24,25,3,astar,fast,misplaced,gcompare,200,0,0,ok,28,-1,140730,52024,69469,394,19237,71261,4259912,1.626,0,0,0,0.010754000
25,26,3,astar,fast,misplaced,gcompare,200,0,0,ok,20,-1,7639,2815,3175,27,1649,4464,409608,1.212,0,0,0,0.000444000
26,27,3,astar,fast,misplaced,gcompare,200,0,0,ok,20,-1,8281,3039,3410,17,1832,4871,409608,1.228,0,0,0,0.000502000
27,28,3,astar,fast,misplaced,gcompare,200,0,0,ok,16,-1,1030,379,413,0,238,617,368648,0.524,0,0,0,0.000047000
28,29,3,astar,fast,misplaced,gcompare,200,0,0,ok,20,-1,5813,2142,2360,9,1311,3453,376840,1.058,0,0,0,0.000294000
29,30,3,astar,fast,misplaced,gcompare,200,0,0,ok,20,-1,5955,2177,2424,13,1354,3531,376840,1.076,0,0,0,0.000307000
30,31,3,astar,fast,misplaced,gcompare,200,0,0,ok,24,-1,30355,11121,13006,43,6228,17349,1310744,1.535,0,0,0,0.002114000
31,32,3,astar,fast,misplaced,gcompare,200,0,0,ok,20,-1,6369,2353,2600,3,1416,3769,376840,1.154,0,0,0,0.000343000
32,33,3,astar,fast,misplaced,gcompare,200,0,0,ok,28,-1,181435,67179,91880,565,22377,89555,4915288,1.584,0,0,0,0.014311000
33,34,3,astar,fast,misplaced,gcompare,200,0,0,ok,26,-1,84187,31125,39177,222,13885,45010,2621488,1.547,0,0,0,0.006653000
34,35,3,astar,fast,misplaced,gcompare,200,0,0,ok,28,-1,144771,53602,71814,453,19355,72957,4259912,1.603,0,0,0,0.011320000
35,36,3,astar,fast,misplaced,gcompare,200,0,0,ok,22,-1,14287,5267,5968,28,3052,8319,819216,1.416,0,0,0,0.000925000
36,37,3,astar,fast,misplaced,gcompare,200,0,0,ok,20,-1,6040,2230,2467,2,1343,3573,376840,1.116,0,0,0,0.000330000
37,38,3,astar,fast,misplaced,gcompare,200,0,0,ok,22,-1,12979,4746,5378,24,2855,7601,425992,1.392,0,0,0,0.000839000
38,39,3,astar,fast,misplaced,gcompare,200,0,0,ok,24,-1,31603,11602,13678,68,6323,17925,1310744,1.503,0,0,0,0.002321000
39,40,3,astar,fast,misplaced,gcompare,200,0,0,ok,18,-1,3499,1295,1429,4,775,2070,368648,0.811,0,0,0,0.000178000
40,41,3,astar,fast,misplaced,gcompare,200,0,0,ok,22,-1,14625,5397,6131,31,3097,8494,819216,1.444,0,0,0,0.000954000
41,42,3,astar,fast,misplaced,gcompare,200,0,0,ok,24,-1,35426,13072,15555,84,6799,19871,1310744,1.480,0,0,0,0.002491000
42,43,3,astar,fast,misplaced,gcompare,200,0,0,ok,22,-1,19153,7008,8045,24,4100,11108,851984,1.412,0,0,0,0.001226000
43,44,3,astar,fast,misplaced,gcompare,200,0,0,ok,28,-1,144467,53527,71819,466,19131,72648,4259912,1.603,0,0,0,0.011770000
44,45,3,astar,fast,misplaced,gcompare,200,0,0,ok,20,-1,6398,2351,2600,16,1447,3798,376840,1.151,0,0,0,0.000378000
45,46,3,astar,fast,misplaced,gcompare,200,0,0,ok,22,-1,12663,4659,5242,23,2762,7421,425992,1.374,0,0,0,0.000828000
46,47,3,astar,fast,misplaced,gcompare,200,0,0,ok,18,-1,2457,906,990,1,561,1467,368648,0.695,0,0,0,0.000117000
47,48,3,astar,fast,misplaced,gcompare,200,0,0,ok,18,-1,2738,997,1097,2,644,1641,368648,0.735,0,0,0,0.000130000
48,49,3,astar,fast,misplaced,gcompare,200,0,0,ok,26,-1,75915,28161,35083,175,12671,40832,2293800,1.548,0,0,0,0.005566000
49,50,3,astar,fast,misplaced,gcompare,200,0,0,ok,26,-1,68081,25143,31010,221,11928,37071,2293800,1.562,0,0,0,0.005256000
50,51,3,astar,fast,misplaced,gcompare,200,0,0,ok,18,-1,2590,951,1050,3,589,1540,368648,0.725,0,0,0,0.000133000
51,52,3,astar,fast,misplaced,gcompare,200,0,0,ok,20,-1,5449,2003,2213,3,1233,3236,376840,1.052,0,0,0,0.000300000
52,53,3,astar,fast,misplaced,gcompare,200,0,0,ok,24,-1,43132,15806,18961,105,8365,24171,1376280,1.504,0,0,0,0.003185000
53,54,3,astar,fast,misplaced,gcompare,200,0,0,ok,20,-1,6011,2204,2452,14,1355,3559,376840,1.107,0,0,0,0.000371000
54,55,3,astar,fast,misplaced,gcompare,200,0,0,ok,18,-1,3214,1173,1292,2,749,1922,368648,0.806,0,0,0,0.000178000
55,56,3,astar,fast,misplaced,gcompare,200,0,0,ok,18,-1,3151,1162,1274,1,715,1877,368648,0.791,0,0,0,0.000159000
56,57,3,astar,fast,misplaced,gcompare,200,0,0,ok,24,-1,33467,12322,14697,86,6448,18770,1310744,1.505,0,0,0,0.002423000
57,58,3,astar,fast,misplaced,gcompare,200,0,0,ok,26,-1,84724,31322,39719,267,13683,45005,2621488,1.549,0,0,0,0.006233000
58,59,3,astar,fast,misplaced,gcompare,200,0,0,ok,20,-1,5748,2119,2362,9,1267,3386,376840,1.070,0,0,0,0.000333000
59,60,3,astar,fast,misplaced,gcompare,200,0,0,ok,22,-1,15402,5695,6517,32,3190,8885,819216,1.431,0,0,0,0.001139000
60,61,3,astar,fast,misplaced,gcompare,200,0,0,ok,20,-1,5668,2087,2315,7,1266,3353,376840,1.066,0,0,0,0.000299000
61,62,3,astar,fast,misplaced,gcompare,200,0,0,ok,20,-1,5655,2077,2315,9,1263,3340,376840,1.075,0,0,0,0.000293000
62,63,3,astar,fast,misplaced,gcompare,200,0,0,ok,26,-1,94617,34995,44330,194,15298,50287,2949176,1.571,0,0,0,0.007313000
63,64,3,astar,fast,misplaced,gcompare,200,0,0,ok,24,-1,34089,12585,14989,78,6515,19100,1310744,1.503,0,0,0,0.002487000
64,65,3,astar,fast,misplaced,gcompare,200,0,0,ok,20,-1,9499,3465,3867,3,2167,5632,425992,1.267,0,0,0,0.000576000
65,66,3,astar,fast,misplaced,gcompare,200,0,0,ok,20,-1,6489,2379,2633,3,1477,3856,376840,1.139,0,0,0,0.000358000
66,67,3,astar,fast,misplaced,gcompare,200,0,0,ok,18,-1,2866,1058,1162,3,646,1704,368648,0.744,0,0,0,0.000144000
67,68,3,astar,fast,misplaced,gcompare,200,0,0,ok,26,-1,71235,26256,32635,197,12344,38600,2293800,1.556,0,0,0,0.005478000
68,69,3,astar,fast,misplaced,gcompare,200,0,0,ok,22,-1,13135,4823,5426,14,2886,7709,425992,1.396,0,0,0,0.000836000
69,70,3,astar,fast,misplaced,gcompare,200,0,0,ok,26,-1,71187,26295,32614,146,12278,38573,2293800,1.560,0,0,0,0.005547000
70,71,3,astar,fast,misplaced,gcompare,200,0,0,ok,22,-1,22096,8105,9337,23,4654,12759,851984,1.458,0,0,0,0.001516000
71,72,3,astar,fast,misplaced,gcompare,200,0,0,ok,20,-1,5866,2163,2404,6,1299,3462,376840,1.091,0,0,0,0.000344000
72,73,3,astar,fast,misplaced,gcompare,200,0,0,ok,12,-1,157,57,58,1,42,99,368648,0.410,0,0,0,0.000007000
73,74,3,astar,fast,misplaced,gcompare,200,0,0,ok,20,-1,5640,2069,2288,7,1283,3352,376840,1.066,0,0,0,0.000301000
74,75,3,astar,fast,misplaced,gcompare,200,0,0,ok,16,-1,1449,525,567,4,357,882,368648,0.579,0,0,0,0.000071000
75,76,3,astar,fast,misplaced,gcompare,200,0,0,ok,26,-1,83348,30808,38785,233,13755,44563,2621488,1.543,0,0,0,0.006034000
76,77,3,astar,fast,misplaced,gcompare,200,0,0,ok,14,-1,529,191,206,0,132,323,368648,0.436,0,0,0,0.000024000
77,78,3,astar,fast,misplaced,gcompare,200,0,0,ok,24,-1,31024,11454,13467,66,6103,17557,1310744,1.521,0,0,0,0.002232000
78,79,3,astar,fast,misplaced,gcompare,200,0,0,ok,22,-1,17025,6233,7113,32,3679,9912,819216,1.405,0,0,0,0.001143000
79,80,3,astar,fast,misplaced,gcompare,200,0,0,ok,26,-1,69567,25679,31836,169,12052,37731,2293800,1.555,0,0,0,0.005279000
80,81,3,astar,fast,misplaced,gcompare,200,0,0,ok,24,-1,42330,15646,18800,120,7884,23530,1310744,1.515,0,0,0,0.003052000
81,82,3,astar,fast,misplaced,gcompare,200,0,0,ok,16,-1,1001,373,402,0,226,599,368648,0.502,0,0,0,0.000045000
82,83,3,astar,fast,misplaced,gcompare,200,0,0,ok,24,-1,44329,16293,19477,79,8560,24852,1703968,1.513,0,0,0,0.003145000
83,84,3,astar,fast,misplaced,gcompare,200,0,0,ok,20,-1,12954,4754,5522,22,2678,7432,425992,1.385,0,0,0,0.000815000
84,85,3,astar,fast,misplaced,gcompare,200,0,0,ok,24,-1,31556,11635,13550,72,6371,18006,1310744,1.508,0,0,0,0.002271000
85,86,3,astar,fast,misplaced,gcompare,200,0,0,ok,26,-1,87960,32577,41283,236,14100,46677,2621488,1.566,0,0,0,0.006723000
86,87,3,astar,fast,misplaced,gcompare,200,0,0,ok,24,-1,32837,12105,14297,74,6435,18540,1310744,1.499,0,0,0,0.002346000
87,88,3,astar,fast,misplaced,gcompare,200,0,0,ok,20,-1,6612,2429,2688,16,1495,3924,376840,1.178,0,0,0,0.000362000
88,89,3,astar,fast,misplaced,gcompare,200,0,0,ok,22,-1,19019,6993,8024,37,4002,10995,819216,1.416,0,0,0,0.001259000
89,90,3,astar,fast,misplaced,gcompare,200,0,0,ok,24,-1,35189,12944,15503,90,6746,19686,1310744,1.499,0,0,0,0.002500000
90,91,3,astar,fast,misplaced,gcompare,200,0,0,ok,18,-1,2403,884,981,2,538,1422,368648,0.687,0,0,0,0.000114000
91,92,3,astar,fast,misplaced,gcompare,200,0,0,ok,24,-1,32983,12166,14199,88,6618,18784,1310744,1.489,0,0,0,0.002323000
92,93,3,astar,fast,misplaced,gcompare,200,0,0,ok,26,-1,87605,32459,41327,210,13819,46278,2621488,1.561,0,0,0,0.006511000
93,94,3,astar,fast,misplaced,gcompare,200,0,0,ok,22,-1,17651,6530,7585,43,3536,10066,819216,1.404,0,0,0,0.001126000
94,95,3,astar,fast,misplaced,gcompare,200,0,0,ok,26,-1,72954,26891,33634,161,12430,39320,2293800,1.551,0,0,0,0.005348000
95,96,3,astar,fast,misplaced,gcompare,200,0,0,ok,24,-1,33304,12232,14446,59,6626,18858,1310744,1.492,0,0,0,0.002298000
96,97,3,astar,fast,misplaced,gcompare,200,0,0,ok,26,-1,72011,26579,33309,132,12123,38702,2293800,1.562,0,0,0,0.005350000
97,98,3,astar,fast,misplaced,gcompare,200,0,0,ok,20,-1,6276,2307,2581,8,1388,3695,376840,1.119,0,0,0,0.000353000
98,99,3,astar,fast,misplaced,gcompare,200,0,0,ok,20,-1,5714,2099,2336,10,1279,3378,376840,1.067,0,0,0,0.000302000
99,100,3,astar,fast,misplaced,gcompare,200,0,0,ok,24,-1,29503,10833,12619,52,6051,16884,1310744,1.529,0,0,0,0.002006000
100,101,3,astar,fast,misplaced,gcompare,200,0,0,ok,16,-1,1361,502,542,3,317,819,368648,0.568,0,0,0,0.000064000
101,102,3,astar,fast,misplaced,gcompare,200,0,0,ok,26,-1,85624,31627,40155,266,13844,45469,2621488,1.557,0,0,0,0.006122000
102,103,3,astar,fast,misplaced,gcompare,200,0,0,ok,20,-1,7626,2811,3151,6,1664,4475,409608,1.221,0,0,0,0.000450000
103,104,3,astar,fast,misplaced,gcompare,200,0,0,ok,20,-1,5423,1990,2197,13,1236,3226,376840,1.040,0,0,0,0.000280000
104,105,3,astar,fast,misplaced,gcompare,200,0,0,ok,24,-1,39954,14688,17589,69,7677,22365,1310744,1.509,0,0,0,0.002759000
105,106,3,astar,fast,misplaced,gcompare,200,0,0,ok,22,-1,12551,4625,5211,23,2715,7340,425992,1.379,0,0,0,0.000771000
106,107,3,astar,fast,misplaced,gcompare,200,0,0,ok,14,-1,240,87,88,1,65,152,368648,0.381,0,0,0,0.000010000
107,108,3,astar,fast,misplaced,gcompare,200,0,0,ok,22,-1,14120,5240,5875,24,3005,8245,819216,1.424,0,0,0,0.000918000
108,109,3,astar,fast,misplaced,gcompare,200,0,0,ok,24,-1,36325,13395,15983,59,6947,20342,1310744,1.496,0,0,0,0.002500000
109,110,3,astar,fast,misplaced,gcompare,200,0,0,ok,20,-1,6364,2338,2598,7,1428,3766,376840,1.158,0,0,0,0.000348000
110,111,3,astar,fast,misplaced,gcompare,200,0,0,ok,26,-1,71635,26504,33074,191,12057,38561,2293800,1.548,0,0,0,0.005181000
111,112,3,astar,fast,misplaced,gcompare,200,0,0,ok,24,-1,41026,15131,18090,116,7805,22936,1310744,1.492,0,0,0,0.002822000
112,113,3,astar,fast,misplaced,gcompare,200,0,0,ok,18,-1,1983,729,802,1,452,1181,368648,0.640,0,0,0,0.000093000
113,114,3,astar,fast,misplaced,gcompare,200,0,0,ok,26,-1,71922,26505,32945,241,12472,38977,2293800,1.547,0,0,0,0.005183000
114,115,3,astar,fast,misplaced,gcompare,200,0,0,ok,22,-1,14224,5243,5953,30,3028,8271,819216,1.430,0,0,0,0.000942000
115,116,3,astar,fast,misplaced,gcompare,200,0,0,ok,20,-1,5890,2150,2414,19,1326,3476,376840,1.094,0,0,0,0.000312000
116,117,3,astar,fast,misplaced,gcompare,200,0,0,ok,22,-1,13770,5072,5773,36,2925,7997,425992,1.419,0,0,0,0.000831000
117,118,3,astar,fast,misplaced,gcompare,200,0,0,ok,24,-1,31903,11691,13712,67,6500,18191,1310744,1.520,0,0,0,0.002189000
118,119,3,astar,fast,misplaced,gcompare,200,0,0,ok,24,-1,31725,11638,13687,63,6400,18038,1310744,1.513,0,0,0,0.002254000
119,120,3,astar,fast,misplaced,gcompare,200,0,0,ok,22,-1,18254,6746,7695,39,3813,10559,819216,1.412,0,0,0,0.001183000
120,121,3,astar,fast,misplaced,gcompare,200,0,0,ok,18,-1,2928,1079,1184,4,665,1744,368648,0.741,0,0,0,0.000142000
121,122,3,astar,fast,misplaced,gcompare,200,0,0,ok,16,-1,1060,388,425,0,247,635,368648,0.509,0,0,0,0.000046000
122,123,3,astar,fast,misplaced,gcompare,200,0,0,ok,24,-1,35572,13129,15627,65,6816,19945,1310744,1.497,0,0,0,0.002530000
123,124,3,astar,fast,misplaced,gcompare,200,0,0,ok,22,-1,14732,5403,6196,42,3133,8536,819216,1.440,0,0,0,0.000968000
124,125,3,astar,fast,misplaced,gcompare,200,0,0,ok,24,-1,30566,11230,13142,28,6194,17424,1310744,1.519,0,0,0,0.002089000
125,126,3,astar,fast,misplaced,gcompare,200,0,0,ok,22,-1,16996,6256,7131,33,3609,9865,819216,1.391,0,0,0,0.001090000
126,127,3,astar,fast,misplaced,gcompare,200,0,0,ok,22,-1,14049,5155,5847,9,3047,8202,819216,1.463,0,0,0,0.000905000
127,128,3,astar,fast,misplaced,gcompare,200,0,0,ok,24,-1,32302,11884,13917,50,6501,18385,1310744,1.506,0,0,0,0.002254000
128,129,3,astar,fast,misplaced,gcompare,200,0,0,ok,26,-1,76434,28367,35585,210,12487,40849,2293800,1.569,0,0,0,0.005653000
129,130,3,astar,fast,misplaced,gcompare,200,0,0,ok,20,-1,6840,2515,2788,10,1537,4052,376840,1.188,0,0,0,0.000384000
130,131,3,astar,fast,misplaced,gcompare,200,0,0,ok,20,-1,8420,3093,3479,12,1848,4941,409608,1.251,0,0,0,0.000500000
131,132,3,astar,fast,misplaced,gcompare,200,0,0,ok,26,-1,86253,31849,40406,240,13998,45847,2621488,1.557,0,0,0,0.006489000
132,133,3,astar,fast,misplaced,gcompare,200,0,0,ok,20,-1,7308,2674,2985,7,1649,4323,409608,1.228,0,0,0,0.000438000
133,134,3,astar,fast,misplaced,gcompare,200,0,0,ok,18,-1,2733,995,1095,2,643,1638,368648,0.717,0,0,0,0.000133000
134,135,3,astar,fast,misplaced,gcompare,200,0,0,ok,26,-1,69022,25464,31467,197,12091,37555,2293800,1.544,0,0,0,0.005039000
135,136,3,astar,fast,misplaced,gcompare,200,0,0,ok,24,-1,32677,12010,14179,66,6488,18498,1310744,1.523,0,0,0,0.002328000
136,137,3,astar,fast,misplaced,gcompare,200,0,0,ok,18,-1,2875,1059,1164,9,652,1711,368648,0.751,0,0,0,0.000142000
137,138,3,astar,fast,misplaced,gcompare,200,0,0,ok,16,-1,1012,372,402,3,238,610,368648,0.515,0,0,0,0.000042000
138,139,3,astar,fast,misplaced,gcompare,200,0,0,ok,26,-1,95379,35192,44830,303,15357,50549,2949176,1.569,0,0,0,0.007044000
139,140,3,astar,fast,misplaced,gcompare,200,0,0,ok,22,-1,19475,7127,8143,37,4205,11332,851984,1.407,0,0,0,0.001344000
140,141,3,astar,fast,misplaced,gcompare,200,0,0,ok,24,-1,34528,12709,15054,97,6765,19474,1310744,1.485,0,0,0,0.002487000
141,142,3,astar,fast,misplaced,gcompare,200,0,0,ok,22,-1,12908,4738,5358,2,2812,7550,425992,1.402,0,0,0,0.000817000
142,143,3,astar,fast,misplaced,gcompare,200,0,0,ok,24,-1,45894,16856,20478,117,8560,25416,1703968,1.507,0,0,0,0.003244000
143,144,3,astar,fast,misplaced,gcompare,200,0,0,ok,22,-1,13455,4912,5620,36,2923,7835,425992,1.431,0,0,0,0.000841000
144,145,3,astar,fast,misplaced,gcompare,200,0,0,ok,20,-1,4992,1837,2021,4,1134,2971,376840,0.977,0,0,0,0.000261000
145,146,3,astar,fast,misplaced,gcompare,200,0,0,ok,20,-1,5508,2017,2239,4,1252,3269,376840,1.053,0,0,0,0.000284000
146,147,3,astar,fast,misplaced,gcompare,200,0,0,ok,24,-1,33395,12346,14523,87,6526,18872,1310744,1.503,0,0,0,0.002364000
147,148,3,astar,fast,misplaced,gcompare,200,0,0,ok,26,-1,85171,31472,39664,158,14035,45507,2621488,1.544,0,0,0,0.006381000
148,149,3,astar,fast,misplaced,gcompare,200,0,0,ok,26,-1,90464,33372,42048,236,15044,48416,2621488,1.561,0,0,0,0.006849000
149,150,3,astar,fast,misplaced,gcompare,200,0,0,ok,24,-1,34782,12816,15242,71,6724,19540,1310744,1.505,0,0,0,0.002470000
150,151,3,astar,fast,misplaced,gcompare,200,0,0,ok,22,-1,14791,5425,6161,32,3205,8630,819216,1.435,0,0,0,0.000995000
151,152,3,astar,fast,misplaced,gcompare,200,0,0,ok,24,-1,37660,13882,16445,60,7333,21215,1310744,1.471,0,0,0,0.002600000
152,153,3,astar,fast,misplaced,gcompare,200,0,0,ok,24,-1,33265,12253,14498,63,6514,18767,1310744,1.497,0,0,0,0.002360000
153,154,3,astar,fast,misplaced,gcompare,200,0,0,ok,22,-1,13713,5025,5693,32,2995,8020,425992,1.422,0,0,0,0.000843000
154,155,3,astar,fast,misplaced,gcompare,200,0,0,ok,26,-1,100664,37285,47790,204,15619,52874,2949176,1.581,0,0,0,0.007521000
155,156,3,astar,fast,misplaced,gcompare,200,0,0,ok,20,-1,7698,2838,3162,1,1698,4536,409608,1.221,0,0,0,0.000464000
156,157,3,astar,fast,misplaced,gcompare,200,0,0,ok,26,-1,69094,25514,31615,169,11965,37479,2293800,1.567,0,0,0,0.005140000
157,158,3,astar,fast,misplaced,gcompare,200,0,0,ok,12,-1,367,134,143,0,90,224,368648,0.434,0,0,0,0.000016000
158,159,3,astar,fast,misplaced,gcompare,200,0,0,ok,24,-1,31361,11571,13571,36,6219,17790,1310744,1.507,0,0,0,0.002234000
159,160,3,astar,fast,misplaced,gcompare,200,0,0,ok,18,-1,3099,1143,1255,0,701,1844,368648,0.758,0,0,0,0.000158000
160,161,3,astar,fast,misplaced,gcompare,200,0,0,ok,18,-1,2002,739,813,1,450,1189,368648,0.647,0,0,0,0.000096000
161,162,3,astar,fast,misplaced,gcompare,200,0,0,ok,12,-1,190,69,68,0,53,122,368648,0.365,0,0,0,0.000007000
162,163,3,astar,fast,misplaced,gcompare,200,0,0,ok,24,-1,33424,12317,14554,85,6553,18870,1310744,1.496,0,0,0,0.002354000
163,164,3,astar,fast,misplaced,gcompare,200,0,0,ok,22,-1,12532,4611,5182,13,2739,7350,425992,1.366,0,0,0,0.000765000
164,165,3,astar,fast,misplaced,gcompare,200,0,0,ok,22,-1,18119,6687,7731,17,3701,10388,819216,1.414,0,0,0,0.001219000
165,166,3,astar,fast,misplaced,gcompare,200,0,0,ok,20,-1,5867,2146,2395,5,1326,3472,376840,1.070,0,0,0,0.000324000
166,167,3,astar,fast,misplaced,gcompare,200,0,0,ok,26,-1,86858,32089,40929,239,13840,45929,2621488,1.563,0,0,0,0.006531000
167,168,3,astar,fast,misplaced,gcompare,200,0,0,ok,24,-1,33391,12365,14473,83,6553,18918,1310744,1.515,0,0,0,0.002393000
168,169,3,astar,fast,misplaced,gcompare,200,0,0,ok,24,-1,32835,12080,14188,61,6567,18647,1310744,1.513,0,0,0,0.002351000
169,170,3,astar,fast,misplaced,gcompare,200,0,0,ok,22,-1,12876,4760,5357,16,2759,7519,425992,1.391,0,0,0,0.000800000
170,171,3,astar,fast,misplaced,gcompare,200,0,0,ok,26,-1,74786,27654,34546,186,12586,40240,2293800,1.556,0,0,0,0.005611000
171,172,3,astar,fast,misplaced,gcompare,200,0,0,ok,22,-1,13232,4869,5487,19,2876,7745,425992,1.409,0,0,0,0.000820000
172,173,3,astar,fast,misplaced,gcompare,200,0,0,ok,20,-1,5685,2078,2307,10,1300,3378,376840,1.058,0,0,0,0.000307000
173,174,3,astar,fast,misplaced,gcompare,200,0,0,ok,22,-1,15687,5760,6667,36,3260,9020,819216,1.405,0,0,0,0.001063000
174,175,3,astar,fast,misplaced,gcompare,200,0,0,ok,24,-1,39797,14721,17737,64,7339,22060,1310744,1.495,0,0,0,0.002829000
175,176,3,astar,fast,misplaced,gcompare,200,0,0,ok,26,-1,78597,29098,36332,217,13167,42265,2621488,1.550,0,0,0,0.005873000
176,177,3,astar,fast,misplaced,gcompare,200,0,0,ok,22,-1,15884,5848,6635,19,3401,9249,819216,1.414,0,0,0,0.001065000
177,178,3,astar,fast,misplaced,gcompare,200,0,0,ok,26,-1,83318,30913,39284,200,13121,44034,2621488,1.535,0,0,0,0.006200000
178,179,3,astar,fast,misplaced,gcompare,200,0,0,ok,20,-1,5783,2128,2362,16,1293,3421,376840,1.085,0,0,0,0.000311000
179,180,3,astar,fast,misplaced,gcompare,200,0,0,ok,22,-1,17496,6458,7442,36,3596,10054,819216,1.399,0,0,0,0.001147000
180,181,3,astar,fast,misplaced,gcompare,200,0,0,ok,24,-1,30379,11231,13115,29,6033,17264,1310744,1.520,0,0,0,0.002084000
181,182,3,astar,fast,misplaced,gcompare,200,0,0,ok,22,-1,13589,5000,5690,24,2899,7899,425992,1.415,0,0,0,0.000819000
182,183,3,astar,fast,misplaced,gcompare,200,0,0,ok,26,-1,91950,34039,43634,265,14279,48316,2621488,1.558,0,0,0,0.006647000
183,184,3,astar,fast,misplaced,gcompare,200,0,0,ok,22,-1,12865,4726,5336,26,2803,7529,425992,1.387,0,0,0,0.000768000
184,185,3,astar,fast,misplaced,gcompare,200,0,0,ok,14,-1,703,256,276,1,171,427,368648,0.460,0,0,0,0.000032000
185,186,3,astar,fast,misplaced,gcompare,200,0,0,ok,22,-1,13730,5037,5684,20,3009,8046,425992,1.419,0,0,0,0.000833000
186,187,3,astar,fast,misplaced,gcompare,200,0,0,ok,22,-1,19809,7288,8310,18,4211,11499,851984,1.422,0,0,0,0.001330000
187,188,3,astar,fast,misplaced,gcompare,200,0,0,ok,24,-1,43246,16015,19223,83,8008,24023,1310744,1.499,0,0,0,0.003052000
188,189,3,astar,fast,misplaced,gcompare,200,0,0,ok,28,-1,141905,52454,69455,325,19996,72450,4259912,1.616,0,0,0,0.011042000
189,190,3,astar,fast,misplaced,gcompare,200,0,0,ok,26,-1,74068,27315,34031,195,12722,40037,2293800,1.538,0,0,0,0.005743000
190,191,3,astar,fast,misplaced,gcompare,200,0,0,ok,22,-1,14605,5370,6099,28,3136,8506,819216,1.440,0,0,0,0.001027000
191,192,3,astar,fast,misplaced,gcompare,200,0,0,ok,24,-1,33135,12166,14386,61,6583,18749,1310744,1.500,0,0,0,0.002374000
192,193,3,astar,fast,misplaced,gcompare,200,0,0,ok,24,-1,32561,12023,14179,58,6359,18382,1310744,1.505,0,0,0,0.002391000
193,194,3,astar,fast,misplaced,gcompare,200,0,0,ok,20,-1,8652,3171,3554,8,1927,5098,409608,1.207,0,0,0,0.000523000
194,195,3,astar,fast,misplaced,gcompare,200,0,0,ok,26,-1,85097,31493,39877,217,13727,45220,2621488,1.554,0,0,0,0.006351000
195,196,3,astar,fast,misplaced,gcompare,200,0,0,ok,18,-1,1834,670,732,0,432,1102,368648,0.601,0,0,0,0.000083000
196,197,3,astar,fast,misplaced,gcompare,200,0,0,ok,22,-1,14431,5308,5979,23,3144,8452,819216,1.429,0,0,0,0.001156000
197,198,3,astar,fast,misplaced,gcompare,200,0,0,ok,16,-1,1158,426,457,0,275,701,368648,0.507,0,0,0,0.000055000
198,199,3,astar,fast,misplaced,gcompare,200,0,0,ok,20,-1,7328,2698,2983,15,1647,4345,409608,1.220,0,0,0,0.000440000
199,200,3,astar,fast,misplaced,gcompare,200,0,0,ok,16,-1,1287,462,509,6,316,778,368648,0.533,0,0,0,0.000062000
200,201,3,astar,fast,misplaced,gcompare,200,0,0,ok,28,-1,167651,62166,84322,438,21169,83329,4915288,1.589,0,0,0,0.012622000
201,202,3,astar,fast,misplaced,gcompare,200,0,0,ok,22,-1,12639,4643,5215,12,2781,7424,425992,1.373,0,0,0,0.000758000
202,203,3,astar,fast,misplaced,gcompare,200,0,0,ok,18,-1,2807,1022,1135,1,650,1672,368648,0.718,0,0,0,0.000138000
203,204,3,astar,fast,misplaced,gcompare,200,0,0,ok,24,-1,32868,12095,14288,65,6485,18580,1310744,1.508,0,0,0,0.002423000
204,205,3,astar,fast,misplaced,gcompare,200,0,0,ok,28,-1,144041,53260,70974,524,19808,73067,4259912,1.609,0,0,0,0.011151000
205,206,3,astar,fast,misplaced,gcompare,200,0,0,ok,16,-1,999,366,398,3,235,601,368648,0.516,0,0,0,0.000046000
206,207,3,astar,fast,misplaced,gcompare,200,0,0,ok,24,-1,37506,13771,16266,89,7469,21240,1310744,1.488,0,0,0,0.002609000
207,208,3,astar,fast,misplaced,gcompare,200,0,0,ok,24,-1,31246,11495,13536,56,6215,17710,1310744,1.523,0,0,0,0.002235000
208,209,3,astar,fast,misplaced,gcompare,200,0,0,ok,22,-1,13794,5084,5752,32,2958,8042,425992,1.414,0,0,0,0.000855000
209,210,3,astar,fast,misplaced,gcompare,200,0,0,ok,24,-1,45802,16860,20147,136,8795,25655,1703968,1.512,0,0,0,0.003268000
210,211,3,astar,fast,misplaced,gcompare,200,0,0,ok,20,-1,6385,2341,2617,4,1427,3768,376840,1.150,0,0,0,0.000360000
211,212,3,astar,fast,misplaced,gcompare,200,0,0,ok,22,-1,13622,5017,5711,32,2894,7911,425992,1.402,0,0,0,0.000818000
212,213,3,astar,fast,misplaced,gcompare,200,0,0,ok,22,-1,15367,5655,6421,15,3291,8946,819216,1.433,0,0,0,0.001038000
213,214,3,astar,fast,misplaced,gcompare,200,0,0,ok,16,-1,1607,593,637,0,377,970,368648,0.585,0,0,0,0.000073000
214,215,3,astar,fast,misplaced,gcompare,200,0,0,ok,22,-1,12541,4589,5196,35,2756,7345,425992,1.364,0,0,0,0.000769000
215,216,3,astar,fast,misplaced,gcompare,200,0,0,ok,22,-1,20517,7551,8570,46,4396,11947,851984,1.421,0,0,0,0.001418000
216,217,3,astar,fast,misplaced,gcompare,200,0,0,ok,22,-1,13941,5136,5811,25,2994,8130,425992,1.439,0,0,0,0.000924000
217,218,3,astar,fast,misplaced,gcompare,200,0,0,ok,28,-1,142767,52874,70376,424,19517,72391,4259912,1.610,0,0,0,0.011561000
218,219,3,astar,fast,misplaced,gcompare,200,0,0,ok,18,-1,2702,993,1093,6,616,1609,368648,0.724,0,0,0,0.000136000
219,220,3,astar,fast,misplaced,gcompare,200,0,0,ok,18,-1,2909,1073,1162,1,674,1747,368648,0.753,0,0,0,0.000137000
220,221,3,astar,fast,misplaced,gcompare,200,0,0,ok,24,-1,40041,14782,17576,71,7683,22465,1310744,1.498,0,0,0,0.002871000
221,222,3,astar,fast,misplaced,gcompare,200,0,0,ok,24,-1,38867,14318,17156,74,7393,21711,1310744,1.504,0,0,0,0.002826000
222,223,3,astar,fast,misplaced,gcompare,200,0,0,ok,26,-1,71192,26284,32664,176,12244,38528,2293800,1.550,0,0,0,0.005503000
223,224,3,astar,fast,misplaced,gcompare,200,0,0,ok,14,-1,688,252,267,0,169,421,368648,0.476,0,0,0,0.000035000
224,225,3,astar,fast,misplaced,gcompare,200,0,0,ok,24,-1,31917,11761,13761,54,6395,18156,1310744,1.519,0,0,0,0.002380000
225,226,3,astar,fast,misplaced,gcompare,200,0,0,ok,24,-1,32075,11853,13853,65,6369,18222,1310744,1.491,0,0,0,0.002377000
226,227,3,astar,fast,misplaced,gcompare,200,0,0,ok,24,-1,41240,15262,18227,84,7751,23013,1310744,1.496,0,0,0,0.002998000
227,228,3,astar,fast,misplaced,gcompare,200,0,0,ok,26,-1,66114,24334,29988,121,11792,36126,2293800,1.579,0,0,0,0.004975000
228,229,3,astar,fast,misplaced,gcompare,200,0,0,ok,18,-1,2721,1000,1099,0,622,1622,368648,0.718,0,0,0,0.000133000
229,230,3,astar,fast,misplaced,gcompare,200,0,0,ok,20,-1,5891,2151,2388,4,1352,3503,376840,1.118,0,0,0,0.000319000
230,231,3,astar,fast,misplaced,gcompare,200,0,0,ok,26,-1,70953,26104,32204,139,12645,38749,2293800,1.541,0,0,0,0.005397000
231,232,3,astar,fast,misplaced,gcompare,200,0,0,ok,22,-1,14995,5518,6264,27,3213,8731,819216,1.433,0,0,0,0.001021000
232,233,3,astar,fast,misplaced,gcompare,200,0,0,ok,26,-1,71548,26399,32801,185,12348,38747,2293800,1.551,0,0,0,0.005288000
233,234,3,astar,fast,misplaced,gcompare,200,0,0,ok,20,-1,8135,2999,3365,12,1771,4770,409608,1.237,0,0,0,0.000484000
234,235,3,astar,fast,misplaced,gcompare,200,0,0,ok,22,-1,14950,5529,6251,25,3170,8699,819216,1.420,0,0,0,0.000951000
235,236,3,astar,fast,misplaced,gcompare,200,0,0,ok,20,-1,6699,2475,2757,4,1467,3942,376840,1.191,0,0,0,0.000363000
236,237,3,astar,fast,misplaced,gcompare,200,0,0,ok,28,-1,142519,52745,70371,458,19403,72148,4259912,1.618,0,0,0,0.010866000
237,238,3,astar,fast,misplaced,gcompare,200,0,0,ok,20,-1,7278,2683,2981,9,1614,4297,409608,1.207,0,0,0,0.000408000
238,239,3,astar,fast,misplaced,gcompare,200,0,0,ok,20,-1,6589,2415,2679,7,1495,3910,376840,1.159,0,0,0,0.000348000
239,240,3,astar,fast,misplaced,gcompare,200,0,0,ok,24,-1,31474,11506,13571,70,6397,17903,1310744,1.511,0,0,0,0.002162000
240,241,3,astar,fast,misplaced,gcompare,200,0,0,ok,20,-1,7354,2720,3012,5,1622,4342,409608,1.200,0,0,0,0.000430000
241,242,3,astar,fast,misplaced,gcompare,200,0,0,ok,16,-1,869,318,347,6,204,522,368648,0.529,0,0,0,0.000040000
242,243,3,astar,fast,misplaced,gcompare,200,0,0,ok,22,-1,16075,5936,6754,45,3385,9321,819216,1.426,0,0,0,0.001037000
243,244,3,astar,fast,misplaced,gcompare,200,0,0,ok,24,-1,39737,14693,17436,93,7608,22301,1310744,1.494,0,0,0,0.002771000
244,245,3,astar,fast,misplaced,gcompare,200,0,0,ok,14,-1,473,172,187,3,114,286,368648,0.453,0,0,0,0.000023000
245,246,3,astar,fast,misplaced,gcompare,200,0,0,ok,22,-1,21731,8029,9319,38,4383,12412,851984,1.431,0,0,0,0.001481000
246,247,3,astar,fast,misplaced,gcompare,200,0,0,ok,22,-1,13344,4907,5568,24,2869,7776,425992,1.414,0,0,0,0.000801000
247,248,3,astar,fast,misplaced,gcompare,200,0,0,ok,28,-1,142580,52719,70045,421,19816,72535,4259912,1.610,0,0,0,0.010901000
248,249,3,astar,fast,misplaced,gcompare,200,0,0,ok,28,-1,144310,53477,70944,388,19892,73366,4259912,1.616,0,0,0,0.010878000
249,250,3,astar,fast,misplaced,gcompare,200,0,0,ok,28,-1,151053,56086,75281,529,19751,75772,4587600,1.617,0,0,0,0.011562000
250,251,3,astar,fast,misplaced,gcompare,200,0,0,ok,26,-1,70257,25931,32417,185,11909,37840,2293800,1.559,0,0,0,0.005246000
251,252,3,astar,fast,misplaced,gcompare,200,0,0,ok,24,-1,38683,14260,17069,78,7354,21614,1310744,1.488,0,0,0,0.002755000
252,253,3,astar,fast,misplaced,gcompare,200,0,0,ok,24,-1,41933,15470,18696,115,7767,23237,1310744,1.523,0,0,0,0.002924000
253,254,3,astar,fast,misplaced,gcompare,200,0,0,ok,22,-1,16963,6256,7150,24,3557,9813,819216,1.400,0,0,0,0.001112000
254,255,3,astar,fast,misplaced,gcompare,200,0,0,ok,22,-1,14741,5446,6206,42,3089,8535,819216,1.438,0,0,0,0.000945000
255,256,3,astar,fast,misplaced,gcompare,200,0,0,ok,20,-1,5081,1873,2076,8,1132,3005,376840,1.007,0,0,0,0.000267000
256,257,3,astar,fast,misplaced,gcompare,200,0,0,ok,20,-1,5320,1958,2157,4,1205,3163,376840,1.059,0,0,0,0.000280000
257,258,3,astar,fast,misplaced,gcompare,200,0,0,ok,24,-1,42247,15632,18707,82,7908,23540,1310744,1.487,0,0,0,0.002872000
258,259,3,astar,fast,misplaced,gcompare,200,0,0,ok,20,-1,5848,2155,2385,14,1308,3463,376840,1.075,0,0,0,0.000313000
259,260,3,astar,fast,misplaced,gcompare,200,0,0,ok,28,-1,143559,53153,70504,435,19902,73055,4259912,1.608,0,0,0,0.010877000
260,261,3,astar,fast,misplaced,gcompare,200,0,0,ok,26,-1,83367,30886,38781,187,13700,44586,2621488,1.547,0,0,0,0.006051000
261,262,3,astar,fast,misplaced,gcompare,200,0,0,ok,24,-1,33541,12361,14585,87,6595,18956,1310744,1.502,0,0,0,0.002311000
262,263,3,astar,fast,misplaced,gcompare,200,0,0,ok,22,-1,14907,5484,6267,21,3156,8640,819216,1.437,0,0,0,0.000992000
263,264,3,astar,fast,misplaced,gcompare,200,0,0,ok,22,-1,22382,8218,9416,22,4748,12966,851984,1.448,0,0,0,0.001473000
264,265,3,astar,fast,misplaced,gcompare,200,0,0,ok,22,-1,13900,5115,5810,33,2975,8090,425992,1.432,0,0,0,0.000870000
265,266,3,astar,fast,misplaced,gcompare,200,0,0,ok,26,-1,71569,26376,32867,154,12326,38702,2293800,1.559,0,0,0,0.005308000
266,267,3,astar,fast,misplaced,gcompare,200,0,0,ok,26,-1,69672,25694,31720,160,12258,37952,2293800,1.551,0,0,0,0.005174000
267,268,3,astar,fast,misplaced,gcompare,200,0,0,ok,20,-1,5021,1852,2042,4,1127,2979,376840,0.997,0,0,0,0.000266000
268,269,3,astar,fast,misplaced,gcompare,200,0,0,ok,24,-1,32332,11936,14051,59,6345,18281,1310744,1.501,0,0,0,0.002291000
269,270,3,astar,fast,misplaced,gcompare,200,0,0,ok,26,-1,71622,26404,32949,207,12269,38673,2293800,1.554,0,0,0,0.005341000
270,271,3,astar,fast,misplaced,gcompare,200,0,0,ok,24,-1,48962,18039,21800,103,9123,27162,1703968,1.538,0,0,0,0.003474000
271,272,3,astar,fast,misplaced,gcompare,200,0,0,ok,18,-1,2892,1062,1168,9,662,1724,368648,0.716,0,0,0,0.000139000
272,273,3,astar,fast,misplaced,gcompare,200,0,0,ok,20,-1,7586,2800,3128,14,1658,4458,409608,1.223,0,0,0,0.000439000
273,274,3,astar,fast,misplaced,gcompare,200,0,0,ok,28,-1,151891,56437,75175,378,20279,76716,4587600,1.609,0,0,0,0.011757000
274,275,3,astar,fast,misplaced,gcompare,200,0,0,ok,18,-1,2490,913,1009,11,568,1481,368648,0.684,0,0,0,0.000118000
275,276,3,astar,fast,misplaced,gcompare,200,0,0,ok,26,-1,70002,25783,31827,179,12392,38175,2293800,1.551,0,0,0,0.005211000
276,277,3,astar,fast,misplaced,gcompare,200,0,0,ok,22,-1,14426,5305,6054,37,3067,8372,819216,1.420,0,0,0,0.000964000
277,278,3,astar,fast,misplaced,gcompare,200,0,0,ok,24,-1,46647,17240,20676,113,8731,25971,1703968,1.521,0,0,0,0.003300000
278,279,3,astar,fast,misplaced,gcompare,200,0,0,ok,24,-1,34432,12688,14978,59,6766,19454,1310744,1.499,0,0,0,0.002377000
279,280,3,astar,fast,misplaced,gcompare,200,0,0,ok,22,-1,14468,5293,6017,25,3158,8451,819216,1.440,0,0,0,0.000936000
280,281,3,astar,fast,misplaced,gcompare,200,0,0,ok,22,-1,20001,7344,8395,30,4262,11606,851984,1.411,0,0,0,0.001366000
281,282,3,astar,fast,misplaced,gcompare,200,0,0,ok,26,-1,70969,26221,32610,192,12138,38359,2293800,1.551,0,0,0,0.005138000
282,283,3,astar,fast,misplaced,gcompare,200,0,0,ok,28,-1,140685,51948,68749,360,19988,71936,4259912,1.626,0,0,0,0.010529000
283,284,3,astar,fast,misplaced,gcompare,200,0,0,ok,28,-1,141396,52346,69916,368,19134,71480,4259912,1.625,0,0,0,0.011064000
284,285,3,astar,fast,misplaced,gcompare,200,0,0,ok,24,-1,35248,13043,15448,83,6757,19800,1310744,1.501,0,0,0,0.002480000
285,286,3,astar,fast,misplaced,gcompare,200,0,0,ok,22,-1,12271,4518,5113,36,2640,7158,425992,1.367,0,0,0,0.000746000
286,287,3,astar,fast,misplaced,gcompare,200,0,0,ok,20,-1,5819,2149,2377,4,1293,3442,376840,1.108,0,0,0,0.000318000
287,288,3,astar,fast,misplaced,gcompare,200,0,0,ok,24,-1,32905,12100,14288,71,6517,18617,1310744,1.499,0,0,0,0.002336000
288,289,3,astar,fast,misplaced,gcompare,200,0,0,ok,24,-1,41126,15170,18181,93,7775,22945,1310744,1.512,0,0,0,0.002821000
289,290,3,astar,fast,misplaced,gcompare,200,0,0,ok,20,-1,7628,2811,3168,27,1649,4460,409608,1.194,0,0,0,0.000442000
290,291,3,astar,fast,misplaced,gcompare,200,0,0,ok,20,-1,5725,2097,2353,11,1275,3372,376840,1.051,0,0,0,0.000293000
291,292,3,astar,fast,misplaced,gcompare,200,0,0,ok,24,-1,31708,11666,13681,67,6361,18027,1310744,1.502,0,0,0,0.002181000
292,293,3,astar,fast,misplaced,gcompare,200,0,0,ok,24,-1,30366,11147,13101,69,6118,17265,1310744,1.526,0,0,0,0.002066000
293,294,3,astar,fast,misplaced,gcompare,200,0,0,ok,16,-1,1205,444,479,1,282,726,368648,0.548,0,0,0,0.000055000
294,295,3,astar,fast,misplaced,gcompare,200,0,0,ok,20,-1,5924,2181,2415,6,1328,3509,376840,1.089,0,0,0,0.000316000
295,296,3,astar,fast,misplaced,gcompare,200,0,0,ok,20,-1,5397,2002,2200,2,1195,3197,376840,1.034,0,0,0,0.000276000
296,297,3,astar,fast,misplaced,gcompare,200,0,0,ok,26,-1,74107,27474,34147,144,12486,39960,2293800,1.549,0,0,0,0.005306000
297,298,3,astar,fast,misplaced,gcompare,200,0,0,ok,22,-1,17707,6504,7419,34,3784,10288,819216,1.402,0,0,0,0.001159000
298,299,3,astar,fast,misplaced,gcompare,200,0,0,ok,18,-1,3370,1241,1372,6,757,1998,368648,0.792,0,0,0,0.000169000
299,300,3,astar,fast,misplaced,gcompare,200,0,0,ok,26,-1,71365,26346,32669,162,12350,38696,2293800,1.542,0,0,0,0.005192000
300,301,3,astar,fast,misplaced,gcompare,200,0,0,ok,18,-1,2712,990,1090,3,632,1622,368648,0.729,0,0,0,0.000130000
301,302,3,astar,fast,misplaced,gcompare,200,0,0,ok,18,-1,2354,859,943,2,552,1411,368648,0.689,0,0,0,0.000108000
302,303,3,astar,fast,misplaced,gcompare,200,0,0,ok,22,-1,14754,5456,6193,21,3105,8561,819216,1.427,0,0,0,0.000957000
303,304,3,astar,fast,misplaced,gcompare,200,0,0,ok,26,-1,83838,31030,39225,233,13583,44613,2621488,1.550,0,0,0,0.006003000
304,305,3,astar,fast,misplaced,gcompare,200,0,0,ok,22,-1,16355,6017,6867,35,3471,9488,819216,1.423,0,0,0,0.001049000
305,306,3,astar,fast,misplaced,gcompare,200,0,0,ok,24,-1,31447,11579,13560,72,6308,17887,1310744,1.517,0,0,0,0.002154000
306,307,3,astar,fast,misplaced,gcompare,200,0,0,ok,20,-1,5447,2013,2233,7,1201,3214,376840,1.024,0,0,0,0.000306000
307,308,3,astar,fast,misplaced,gcompare,200,0,0,ok,24,-1,36995,13650,16137,71,7208,20858,1310744,1.488,0,0,0,0.002515000
308,309,3,astar,fast,misplaced,gcompare,200,0,0,ok,20,-1,7116,2609,2917,7,1590,4199,409608,1.222,0,0,0,0.000413000
309,310,3,astar,fast,misplaced,gcompare,200,0,0,ok,22,-1,19325,7122,8274,28,3929,11051,819216,1.400,0,0,0,0.001244000
310,311,3,astar,fast,misplaced,gcompare,200,0,0,ok,22,-1,15866,5836,6688,31,3342,9178,819216,1.411,0,0,0,0.001013000
311,312,3,astar,fast,misplaced,gcompare,200,0,0,ok,26,-1,73459,27114,33881,157,12464,39578,2293800,1.541,0,0,0,0.005299000
312,313,3,astar,fast,misplaced,gcompare,200,0,0,ok,18,-1,3068,1125,1231,4,712,1837,368648,0.748,0,0,0,0.000151000
313,314,3,astar,fast,misplaced,gcompare,200,0,0,ok,16,-1,1582,583,634,2,365,948,368648,0.577,0,0,0,0.000069000
314,315,3,astar,fast,misplaced,gcompare,200,0,0,ok,22,-1,19077,7020,8140,31,3917,10937,819216,1.404,0,0,0,0.001224000
315,316,3,astar,fast,misplaced,gcompare,200,0,0,ok,28,-1,143278,53004,70423,381,19851,72855,4259912,1.618,0,0,0,0.011080000
316,317,3,astar,fast,misplaced,gcompare,200,0,0,ok,18,-1,2370,867,950,5,553,1420,368648,0.665,0,0,0,0.000114000
317,318,3,astar,fast,misplaced,gcompare,200,0,0,ok,22,-1,13396,4917,5560,25,2919,7836,425992,1.409,0,0,0,0.000828000
318,319,3,astar,fast,misplaced,gcompare,200,0,0,ok,18,-1,2156,799,865,1,492,1291,368648,0.655,0,0,0,0.000104000
319,320,3,astar,fast,misplaced,gcompare,200,0,0,ok,18,-1,2233,823,903,1,507,1330,368648,0.657,0,0,0,0.000103000
320,321,3,astar,fast,misplaced,gcompare,200,0,0,ok,26,-1,77318,28610,35877,205,12846,41441,2621488,1.546,0,0,0,0.005772000
321,322,3,astar,fast,misplaced,gcompare,200,0,0,ok,24,-1,32923,12149,14274,45,6500,18649,1310744,1.501,0,0,0,0.002375000
322,323,3,astar,fast,misplaced,gcompare,200,0,0,ok,22,-1,24673,9062,10583,39,5028,14090,851984,1.469,0,0,0,0.001663000
323,324,3,astar,fast,misplaced,gcompare,200,0,0,ok,22,-1,15229,5569,6354,32,3306,8875,819216,1.437,0,0,0,0.000987000
324,325,3,astar,fast,misplaced,gcompare,200,0,0,ok,18,-1,2928,1068,1165,0,695,1763,368648,0.747,0,0,0,0.000146000
325,326,3,astar,fast,misplaced,gcompare,200,0,0,ok,24,-1,30055,11073,13051,85,5931,17004,1310744,1.538,0,0,0,0.002190000
326,327,3,astar,fast,misplaced,gcompare,200,0,0,ok,22,-1,13848,5098,5768,24,2982,8080,425992,1.434,0,0,0,0.000847000
327,328,3,astar,fast,misplaced,gcompare,200,0,0,ok,20,-1,6302,2303,2557,4,1442,3745,376840,1.130,0,0,0,0.000337000
328,329,3,astar,fast,misplaced,gcompare,200,0,0,ok,22,-1,17938,6614,7668,48,3656,10270,819216,1.392,0,0,0,0.001148000
329,330,3,astar,fast,misplaced,gcompare,200,0,0,ok,22,-1,16420,6047,6867,34,3506,9553,819216,1.415,0,0,0,0.001047000
330,331,3,astar,fast,misplaced,gcompare,200,0,0,ok,18,-1,2928,1068,1165,0,695,1763,368648,0.747,0,0,0,0.000144000
331,332,3,astar,fast,misplaced,gcompare,200,0,0,ok,24,-1,32268,11895,13913,77,6460,18355,1310744,1.488,0,0,0,0.002205000
332,333,3,astar,fast,misplaced,gcompare,200,0,0,ok,14,-1,525,195,206,0,124,319,368648,0.466,0,0,0,0.000024000
333,334,3,astar,fast,misplaced,gcompare,200,0,0,ok,24,-1,40429,14947,17895,77,7587,22534,1310744,1.490,0,0,0,0.002860000
334,335,3,astar,fast,misplaced,gcompare,200,0,0,ok,26,-1,72854,26920,33478,204,12456,39376,2293800,1.544,0,0,0,0.005274000
335,336,3,astar,fast,misplaced,gcompare,200,0,0,ok,20,-1,5796,2125,2360,8,1311,3436,376840,1.080,0,0,0,0.000311000
336,337,3,astar,fast,misplaced,gcompare,200,0,0,ok,18,-1,3424,1259,1396,8,769,2028,368648,0.805,0,0,0,0.000167000
337,338,3,astar,fast,misplaced,gcompare,200,0,0,ok,22,-1,11533,4212,4758,9,2563,6775,425992,1.341,0,0,0,0.000707000
338,339,3,astar,fast,misplaced,gcompare,200,0,0,ok,22,-1,13947,5156,5837,13,2954,8110,425992,1.449,0,0,0,0.000869000
339,340,3,astar,fast,misplaced,gcompare,200,0,0,ok,26,-1,82712,30595,38620,215,13497,44092,2621488,1.534,0,0,0,0.006091000
340,341,3,astar,fast,misplaced,gcompare,200,0,0,ok,24,-1,32899,12136,14339,97,6424,18560,1310744,1.520,0,0,0,0.002345000
341,342,3,astar,fast,misplaced,gcompare,200,0,0,ok,22,-1,14718,5398,6177,24,3143,8541,819216,1.443,0,0,0,0.000995000
342,343,3,astar,fast,misplaced,gcompare,200,0,0,ok,26,-1,68770,25324,31317,148,12129,37453,2293800,1.554,0,0,0,0.005075000
343,344,3,astar,fast,misplaced,gcompare,200,0,0,ok,22,-1,14155,5190,5890,24,3075,8265,819216,1.435,0,0,0,0.000976000
344,345,3,astar,fast,misplaced,gcompare,200,0,0,ok,26,-1,89646,33180,42201,230,14265,47445,2621488,1.564,0,0,0,0.006691000
345,346,3,astar,fast,misplaced,gcompare,200,0,0,ok,26,-1,83719,30910,38701,172,14108,45018,2621488,1.547,0,0,0,0.006205000
346,347,3,astar,fast,misplaced,gcompare,200,0,0,ok,18,-1,3236,1189,1310,9,737,1926,368648,0.791,0,0,0,0.000166000
347,348,3,astar,fast,misplaced,gcompare,200,0,0,ok,22,-1,15267,5612,6422,24,3233,8845,819216,1.429,0,0,0,0.001020000
348,349,3,astar,fast,misplaced,gcompare,200,0,0,ok,24,-1,40594,15008,17825,73,7761,22769,1310744,1.506,0,0,0,0.002879000
349,350,3,astar,fast,misplaced,gcompare,200,0,0,ok,20,-1,7643,2814,3156,16,1673,4487,409608,1.209,0,0,0,0.000449000
350,351,3,astar,fast,misplaced,gcompare,200,0,0,ok,26,-1,71799,26470,32802,124,12527,38997,2293800,1.556,0,0,0,0.005145000
351,352,3,astar,fast,misplaced,gcompare,200,0,0,ok,20,-1,7485,2768,3117,17,1600,4368,409608,1.216,0,0,0,0.000446000
352,353,3,astar,fast,misplaced,gcompare,200,0,0,ok,22,-1,13515,4987,5705,19,2823,7810,425992,1.424,0,0,0,0.000823000
353,354,3,astar,fast,misplaced,gcompare,200,0,0,ok,24,-1,38466,14225,16888,66,7353,21578,1310744,1.489,0,0,0,0.002635000
354,355,3,astar,fast,misplaced,gcompare,200,0,0,ok,24,-1,40171,14805,17620,90,7746,22551,1310744,1.492,0,0,0,0.002767000
355,356,3,astar,fast,misplaced,gcompare,200,0,0,ok,24,-1,31825,11718,13813,83,6294,18012,1310744,1.504,0,0,0,0.002195000
356,357,3,astar,fast,misplaced,gcompare,200,0,0,ok,22,-1,14778,5484,6166,13,3128,8612,819216,1.399,0,0,0,0.000952000
357,358,3,astar,fast,misplaced,gcompare,200,0,0,ok,22,-1,20019,7355,8474,37,4190,11545,851984,1.426,0,0,0,0.001282000
358,359,3,astar,fast,misplaced,gcompare,200,0,0,ok,20,-1,5874,2173,2410,7,1291,3464,376840,1.093,0,0,0,0.000316000
359,360,3,astar,fast,misplaced,gcompare,200,0,0,ok,22,-1,16714,6194,7037,22,3483,9677,819216,1.419,0,0,0,0.001131000
360,361,3,astar,fast,misplaced,gcompare,200,0,0,ok,16,-1,1136,417,456,4,263,680,368648,0.548,0,0,0,0.000055000
361,362,3,astar,fast,misplaced,gcompare,200,0,0,ok,24,-1,30561,11272,13188,53,6101,17373,1310744,1.531,0,0,0,0.002183000
362,363,3,astar,fast,misplaced,gcompare,200,0,0,ok,22,-1,14995,5520,6264,15,3211,8731,819216,1.423,0,0,0,0.000962000
363,364,3,astar,fast,misplaced,gcompare,200,0,0,ok,22,-1,18768,6896,7954,34,3918,10814,819216,1.429,0,0,0,0.001198000
364,365,3,astar,fast,misplaced,gcompare,200,0,0,ok,26,-1,73281,27016,33675,189,12590,39606,2293800,1.548,0,0,0,0.005314000
365,366,3,astar,fast,misplaced,gcompare,200,0,0,ok,20,-1,4659,1713,1900,18,1046,2759,376840,0.974,0,0,0,0.000238000
366,367,3,astar,fast,misplaced,gcompare,200,0,0,ok,22,-1,12902,4729,5330,14,2843,7572,425992,1.366,0,0,0,0.000770000
367,368,3,astar,fast,misplaced,gcompare,200,0,0,ok,20,-1,8836,3256,3657,7,1923,5179,409608,1.240,0,0,0,0.000510000
368,369,3,astar,fast,misplaced,gcompare,200,0,0,ok,18,-1,4404,1613,1783,16,1008,2621,368648,0.921,0,0,0,0.000229000
369,370,3,astar,fast,misplaced,gcompare,200,0,0,ok,28,-1,162022,60019,81132,450,20871,80890,4587600,1.592,0,0,0,0.012016000
370,371,3,astar,fast,misplaced,gcompare,200,0,0,ok,18,-1,3654,1341,1487,3,826,2167,368648,0.794,0,0,0,0.000182000
371,372,3,astar,fast,misplaced,gcompare,200,0,0,ok,20,-1,5005,1827,2030,5,1148,2975,376840,1.016,0,0,0,0.000253000
372,373,3,astar,fast,misplaced,gcompare,200,0,0,ok,26,-1,74828,27649,34270,151,12909,40558,2293800,1.552,0,0,0,0.005376000
373,374,3,astar,fast,misplaced,gcompare,200,0,0,ok,22,-1,13940,5133,5815,35,2992,8125,425992,1.449,0,0,0,0.000857000
374,375,3,astar,fast,misplaced,gcompare,200,0,0,ok,20,-1,8015,2953,3290,21,1772,4725,409608,1.217,0,0,0,0.000474000
375,376,3,astar,fast,misplaced,gcompare,200,0,0,ok,20,-1,5872,2167,2398,10,1307,3474,376840,1.093,0,0,0,0.000317000
376,377,3,astar,fast,misplaced,gcompare,200,0,0,ok,28,-1,167562,62178,84401,407,20983,83161,4915288,1.591,0,0,0,0.012588000
377,378,3,astar,fast,misplaced,gcompare,200,0,0,ok,22,-1,13719,5051,5707,35,2961,8012,425992,1.414,0,0,0,0.000825000
378,379,3,astar,fast,misplaced,gcompare,200,0,0,ok,26,-1,84741,31368,39613,202,13760,45128,2621488,1.540,0,0,0,0.006155000
379,380,3,astar,fast,misplaced,gcompare,200,0,0,ok,22,-1,13347,4909,5538,29,2900,7809,425992,1.408,0,0,0,0.000807000
380,381,3,astar,fast,misplaced,gcompare,200,0,0,ok,24,-1,39718,14636,17455,93,7627,22263,1310744,1.498,0,0,0,0.002892000
381,382,3,astar,fast,misplaced,gcompare,200,0,0,ok,20,-1,5826,2151,2391,8,1284,3435,376840,1.073,0,0,0,0.000313000
382,383,3,astar,fast,misplaced,gcompare,200,0,0,ok,28,-1,143600,53126,70527,483,19947,73073,4259912,1.613,0,0,0,0.011244000
383,384,3,astar,fast,misplaced,gcompare,200,0,0,ok,22,-1,14222,5228,5891,26,3103,8331,819216,1.430,0,0,0,0.000936000
384,385,3,astar,fast,misplaced,gcompare,200,0,0,ok,22,-1,12807,4679,5301,19,2827,7506,425992,1.395,0,0,0,0.000776000
385,386,3,astar,fast,misplaced,gcompare,200,0,0,ok,22,-1,14490,5326,6048,16,3116,8442,819216,1.445,0,0,0,0.000942000
386,387,3,astar,fast,misplaced,gcompare,200,0,0,ok,22,-1,15267,5612,6422,24,3233,8845,819216,1.429,0,0,0,0.001008000
387,388,3,astar,fast,misplaced,gcompare,200,0,0,ok,18,-1,2525,931,1018,2,576,1507,368648,0.691,0,0,0,0.000125000
388,389,3,astar,fast,misplaced,gcompare,200,0,0,ok,26,-1,82465,30491,38409,245,13565,44056,2621488,1.554,0,0,0,0.006023000
389,390,3,astar,fast,misplaced,gcompare,200,0,0,ok,24,-1,41200,15271,18226,135,7703,22974,1310744,1.493,0,0,0,0.002808000
390,391,3,astar,fast,misplaced,gcompare,200,0,0,ok,24,-1,41201,15258,18372,120,7571,22829,1310744,1.505,0,0,0,0.003092000
391,392,3,astar,fast,misplaced,gcompare,200,0,0,ok,20,-1,8494,3110,3470,8,1914,5024,409608,1.233,0,0,0,0.000585000
392,393,3,astar,fast,misplaced,gcompare,200,0,0,ok,26,-1,98721,36523,46590,213,15608,52131,2949176,1.570,0,0,0,0.007220000
393,394,3,astar,fast,misplaced,gcompare,200,0,0,ok,20,-1,6740,2497,2758,8,1485,3982,376840,1.206,0,0,0,0.000378000
394,395,3,astar,fast,misplaced,gcompare,200,0,0,ok,22,-1,14696,5407,6133,16,3156,8563,819216,1.426,0,0,0,0.000948000
395,396,3,astar,fast,misplaced,gcompare,200,0,0,ok,22,-1,12775,4695,5263,24,2817,7512,425992,1.404,0,0,0,0.000770000
396,397,3,astar,fast,misplaced,gcompare,200,0,0,ok,22,-1,16545,6110,6934,21,3501,9611,819216,1.402,0,0,0,0.001058000
397,398,3,astar,fast,misplaced,gcompare,200,0,0,ok,24,-1,32744,12076,14197,38,6471,18547,1310744,1.493,0,0,0,0.002254000
398,399,3,astar,fast,misplaced,gcompare,200,0,0,ok,20,-1,5000,1843,2042,5,1115,2958,376840,0.998,0,0,0,0.000259000
399,400,3,astar,fast,misplaced,gcompare,200,0,0,ok,24,-1,40637,14830,17576,101,8231,23061,1376280,1.506,0,0,0,0.002842000
400,401,3,astar,fast,misplaced,gcompare,200,0,0,ok,18,-1,3521,1292,1431,2,798,2090,368648,0.832,0,0,0,0.000172000
401,402,3,astar,fast,misplaced,gcompare,200,0,0,ok,20,-1,5998,2186,2445,8,1367,3553,376840,1.136,0,0,0,0.000306000
402,403,3,astar,fast,misplaced,gcompare,200,0,0,ok,24,-1,40874,15102,18118,70,7654,22756,1310744,1.511,0,0,0,0.002838000
403,404,3,astar,fast,misplaced,gcompare,200,0,0,ok,20,-1,7261,2664,2976,8,1621,4285,409608,1.200,0,0,0,0.000422000
404,405,3,astar,fast,misplaced,gcompare,200,0,0,ok,18,-1,2941,1086,1190,4,665,1751,368648,0.757,0,0,0,0.000141000
405,406,3,astar,fast,misplaced,gcompare,200,0,0,ok,18,-1,3239,1192,1302,8,745,1937,368648,0.758,0,0,0,0.000154000
406,407,3,astar,fast,misplaced,gcompare,200,0,0,ok,22,-1,13189,4854,5487,8,2848,7702,425992,1.381,0,0,0,0.000777000
407,408,3,astar,fast,misplaced,gcompare,200,0,0,ok,20,-1,5782,2134,2351,4,1297,3431,376840,1.053,0,0,0,0.000303000
408,409,3,astar,fast,misplaced,gcompare,200,0,0,ok,22,-1,17457,6439,7366,24,3652,10091,819216,1.420,0,0,0,0.001108000
409,410,3,astar,fast,misplaced,gcompare,200,0,0,ok,24,-1,32864,12107,14197,57,6560,18667,1310744,1.494,0,0,0,0.002244000
410,411,3,astar,fast,misplaced,gcompare,200,0,0,ok,16,-1,1009,370,396,2,243,613,368648,0.508,0,0,0,0.000045000
411,412,3,astar,fast,misplaced,gcompare,200,0,0,ok,12,-1,273,98,105,1,70,168,368648,0.434,0,0,0,0.000011000
412,413,3,astar,fast,misplaced,gcompare,200,0,0,ok,22,-1,15445,5680,6474,30,3291,8971,819216,1.422,0,0,0,0.000970000
413,414,3,astar,fast,misplaced,gcompare,200,0,0,ok,24,-1,39201,14469,17195,77,7537,22006,1310744,1.497,0,0,0,0.002677000
414,415,3,astar,fast,misplaced,gcompare,200,0,0,ok,24,-1,40897,15094,18089,94,7714,22808,1310744,1.506,0,0,0,0.002798000
415,416,3,astar,fast,misplaced,gcompare,200,0,0,ok,24,-1,33628,12358,14597,76,6673,19031,1310744,1.512,0,0,0,0.002380000
416,417,3,astar,fast,misplaced,gcompare,200,0,0,ok,22,-1,16178,5942,6792,23,3444,9386,819216,1.406,0,0,0,0.001040000
417,418,3,astar,fast,misplaced,gcompare,200,0,0,ok,20,-1,5594,2059,2275,12,1260,3319,376840,1.089,0,0,0,0.000299000
418,419,3,astar,fast,misplaced,gcompare,200,0,0,ok,20,-1,6026,2219,2466,9,1341,3560,376840,1.094,0,0,0,0.000318000
419,420,3,astar,fast,misplaced,gcompare,200,0,0,ok,20,-1,5229,1919,2122,3,1188,3107,376840,0.996,0,0,0,0.000265000
420,421,3,astar,fast,misplaced,gcompare,200,0,0,ok,20,-1,6166,2262,2513,9,1391,3653,376840,1.107,0,0,0,0.000315000
421,422,3,astar,fast,misplaced,gcompare,200,0,0,ok,22,-1,18835,6940,8006,42,3889,10829,819216,1.400,0,0,0,0.001195000
422,423,3,astar,fast,misplaced,gcompare,200,0,0,ok,20,-1,5181,1916,2110,1,1155,3071,376840,0.980,0,0,0,0.000271000
423,424,3,astar,fast,misplaced,gcompare,200,0,0,ok,20,-1,7965,2940,3254,19,1771,4711,409608,1.233,0,0,0,0.000455000
424,425,3,astar,fast,misplaced,gcompare,200,0,0,ok,20,-1,5446,1995,2211,10,1240,3235,376840,1.045,0,0,0,0.000274000
425,426,3,astar,fast,misplaced,gcompare,200,0,0,ok,24,-1,33220,12282,14614,74,6324,18606,1310744,1.511,0,0,0,0.002273000
426,427,3,astar,fast,misplaced,gcompare,200,0,0,ok,24,-1,32836,12113,14273,68,6450,18563,1310744,1.511,0,0,0,0.002244000
427,428,3,astar,fast,misplaced,gcompare,200,0,0,ok,18,-1,3596,1324,1453,7,819,2143,368648,0.838,0,0,0,0.000180000
428,429,3,astar,fast,misplaced,gcompare,200,0,0,ok,22,-1,17112,6317,7198,39,3597,9914,819216,1.403,0,0,0,0.001088000
429,430,3,astar,fast,misplaced,gcompare,200,0,0,ok,24,-1,34067,12548,14829,44,6690,19238,1310744,1.501,0,0,0,0.002329000
430,431,3,astar,fast,misplaced,gcompare,200,0,0,ok,24,-1,32186,11849,13955,75,6382,18231,1310744,1.480,0,0,0,0.002172000
431,432,3,astar,fast,misplaced,gcompare,200,0,0,ok,22,-1,20062,7374,8439,34,4249,11623,851984,1.448,0,0,0,0.001311000
432,433,3,astar,fast,misplaced,gcompare,200,0,0,ok,28,-1,150428,55877,74214,492,20369,76214,4587600,1.609,0,0,0,0.011256000
433,434,3,astar,fast,misplaced,gcompare,200,0,0,ok,24,-1,29775,10972,12792,75,6011,16983,1310744,1.524,0,0,0,0.002046000
434,435,3,astar,fast,misplaced,gcompare,200,0,0,ok,20,-1,9341,3437,3864,24,2040,5477,409608,1.245,0,0,0,0.000562000
435,436,3,astar,fast,misplaced,gcompare,200,0,0,ok,20,-1,5609,2070,2296,3,1243,3313,376840,1.063,0,0,0,0.000293000
436,437,3,astar,fast,misplaced,gcompare,200,0,0,ok,22,-1,13893,5119,5808,22,2966,8085,425992,1.457,0,0,0,0.000837000
437,438,3,astar,fast,misplaced,gcompare,200,0,0,ok,20,-1,6298,2309,2553,10,1436,3745,376840,1.155,0,0,0,0.000340000
438,439,3,astar,fast,misplaced,gcompare,200,0,0,ok,22,-1,12948,4757,5369,25,2822,7579,425992,1.412,0,0,0,0.000832000
439,440,3,astar,fast,misplaced,gcompare,200,0,0,ok,24,-1,31721,11670,13719,70,6332,18002,1310744,1.504,0,0,0,0.002278000
440,441,3,astar,fast,misplaced,gcompare,200,0,0,ok,26,-1,96427,35606,45379,199,15442,51048,2949176,1.570,0,0,0,0.007189000
441,442,3,astar,fast,misplaced,gcompare,200,0,0,ok,22,-1,19118,7054,8027,31,4037,11091,819216,1.429,0,0,0,0.001280000
442,443,3,astar,fast,misplaced,gcompare,200,0,0,ok,24,-1,31958,11790,13924,62,6244,18034,1310744,1.514,0,0,0,0.002270000
443,444,3,astar,fast,misplaced,gcompare,200,0,0,ok,22,-1,17889,6624,7592,16,3673,10297,819216,1.404,0,0,0,0.001193000
444,445,3,astar,fast,misplaced,gcompare,200,0,0,ok,26,-1,68864,25371,31259,124,12234,37605,2293800,1.563,0,0,0,0.005115000
445,446,3,astar,fast,misplaced,gcompare,200,0,0,ok,20,-1,6541,2397,2661,12,1483,3880,376840,1.171,0,0,0,0.000356000
446,447,3,astar,fast,misplaced,gcompare,200,0,0,ok,28,-1,163724,60678,82424,521,20622,81300,4587600,1.599,0,0,0,0.012157000
447,448,3,astar,fast,misplaced,gcompare,200,0,0,ok,22,-1,25321,9339,10846,27,5136,14475,851984,1.489,0,0,0,0.001668000
448,449,3,astar,fast,misplaced,gcompare,200,0,0,ok,20,-1,7146,2607,2914,13,1625,4232,409608,1.222,0,0,0,0.000438000
449,450,3,astar,fast,misplaced,gcompare,200,0,0,ok,24,-1,32756,12082,14150,59,6524,18606,1310744,1.490,0,0,0,0.002401000
450,451,3,astar,fast,misplaced,gcompare,200,0,0,ok,22,-1,13413,4945,5609,22,2859,7804,425992,1.386,0,0,0,0.000825000
451,452,3,astar,fast,misplaced,gcompare,200,0,0,ok,18,-1,3425,1271,1390,1,764,2035,368648,0.816,0,0,0,0.000171000
452,453,3,astar,fast,misplaced,gcompare,200,0,0,ok,26,-1,74873,27616,34723,233,12534,40150,2293800,1.561,0,0,0,0.005351000
453,454,3,astar,fast,misplaced,gcompare,200,0,0,ok,26,-1,88786,32861,41919,215,14006,46867,2621488,1.555,0,0,0,0.006424000
454,455,3,astar,fast,misplaced,gcompare,200,0,0,ok,24,-1,33097,12191,14435,78,6471,18662,1310744,1.514,0,0,0,0.002295000
455,456,3,astar,fast,misplaced,gcompare,200,0,0,ok,26,-1,72484,26774,33255,227,12455,39229,2293800,1.540,0,0,0,0.005220000
456,457,3,astar,fast,misplaced,gcompare,200,0,0,ok,26,-1,103116,37916,48806,272,16394,54310,3080248,1.577,0,0,0,0.007425000
457,458,3,astar,fast,misplaced,gcompare,200,0,0,ok,22,-1,17777,6557,7519,29,3701,10258,819216,1.413,0,0,0,0.001158000
458,459,3,astar,fast,misplaced,gcompare,200,0,0,ok,22,-1,17776,6523,7512,22,3741,10264,819216,1.435,0,0,0,0.001162000
459,460,3,astar,fast,misplaced,gcompare,200,0,0,ok,22,-1,16877,6185,7095,24,3597,9782,819216,1.418,0,0,0,0.001079000
460,461,3,astar,fast,misplaced,gcompare,200,0,0,ok,22,-1,21574,7952,9180,67,4442,12394,851984,1.437,0,0,0,0.001414000
461,462,3,astar,fast,misplaced,gcompare,200,0,0,ok,20,-1,6875,2517,2808,10,1550,4067,376840,1.187,0,0,0,0.000378000
462,463,3,astar,fast,misplaced,gcompare,200,0,0,ok,24,-1,30881,11388,13337,55,6156,17544,1310744,1.531,0,0,0,0.002093000
463,464,3,astar,fast,misplaced,gcompare,200,0,0,ok,20,-1,6875,2509,2800,6,1566,4075,376840,1.200,0,0,0,0.000382000
464,465,3,astar,fast,misplaced,gcompare,200,0,0,ok,18,-1,3141,1149,1269,3,723,1872,368648,0.743,0,0,0,0.000150000
465,466,3,astar,fast,misplaced,gcompare,200,0,0,ok,22,-1,12769,4712,5304,16,2753,7465,425992,1.373,0,0,0,0.000754000
466,467,3,astar,fast,misplaced,gcompare,200,0,0,ok,20,-1,7914,2926,3256,14,1732,4658,409608,1.219,0,0,0,0.000459000
467,468,3,astar,fast,misplaced,gcompare,200,0,0,ok,24,-1,34656,12810,15214,64,6632,19442,1310744,1.488,0,0,0,0.002402000
468,469,3,astar,fast,misplaced,gcompare,200,0,0,ok,22,-1,21156,7782,9013,25,4361,12143,851984,1.441,0,0,0,0.001383000
469,470,3,astar,fast,misplaced,gcompare,200,0,0,ok,22,-1,12456,4575,5160,22,2721,7296,425992,1.366,0,0,0,0.000761000
470,471,3,astar,fast,misplaced,gcompare,200,0,0,ok,22,-1,11952,4399,4957,21,2596,6995,425992,1.358,0,0,0,0.000706000
471,472,3,astar,fast,misplaced,gcompare,200,0,0,ok,24,-1,31923,11772,13843,55,6308,18080,1310744,1.516,0,0,0,0.002219000
472,473,3,astar,fast,misplaced,gcompare,200,0,0,ok,24,-1,31734,11645,13695,48,6394,18039,1310744,1.523,0,0,0,0.002191000
473,474,3,astar,fast,misplaced,gcompare,200,0,0,ok,24,-1,28525,10502,12235,38,5788,16290,851984,1.556,0,0,0,0.001843000
474,475,3,astar,fast,misplaced,gcompare,200,0,0,ok,24,-1,43059,15772,18792,73,8495,24267,1376280,1.522,0,0,0,0.003005000
475,476,3,astar,fast,misplaced,gcompare,200,0,0,ok,26,-1,71042,26234,32544,180,12264,38498,2293800,1.547,0,0,0,0.005124000
476,477,3,astar,fast,misplaced,gcompare,200,0,0,ok,24,-1,35325,13010,15463,85,6852,19862,1310744,1.490,0,0,0,0.002460000
477,478,3,astar,fast,misplaced,gcompare,200,0,0,ok,22,-1,12979,4766,5402,23,2811,7577,425992,1.393,0,0,0,0.000784000
478,479,3,astar,fast,misplaced,gcompare,200,0,0,ok,18,-1,3622,1331,1462,2,829,2160,368648,0.839,0,0,0,0.000187000
479,480,3,astar,fast,misplaced,gcompare,200,0,0,ok,22,-1,22650,8317,9620,71,4713,13030,851984,1.457,0,0,0,0.001445000
480,481,3,astar,fast,misplaced,gcompare,200,0,0,ok,18,-1,2370,875,969,4,526,1401,368648,0.686,0,0,0,0.000111000
481,482,3,astar,fast,misplaced,gcompare,200,0,0,ok,20,-1,5649,2086,2291,3,1272,3358,376840,1.070,0,0,0,0.000306000
482,483,3,astar,fast,misplaced,gcompare,200,0,0,ok,26,-1,72272,26616,33467,219,12189,38805,2293800,1.566,0,0,0,0.005435000
483,484,3,astar,fast,misplaced,gcompare,200,0,0,ok,26,-1,74379,27448,34331,198,12600,40048,2293800,1.553,0,0,0,0.005440000
484,485,3,astar,fast,misplaced,gcompare,200,0,0,ok,24,-1,34400,12645,15004,72,6751,19396,1310744,1.516,0,0,0,0.002386000
485,486,3,astar,fast,misplaced,gcompare,200,0,0,ok,20,-1,6581,2417,2694,6,1470,3887,376840,1.164,0,0,0,0.000359000
486,487,3,astar,fast,misplaced,gcompare,200,0,0,ok,20,-1,5407,1971,2189,7,1247,3218,376840,1.026,0,0,0,0.000282000
487,488,3,astar,fast,misplaced,gcompare,200,0,0,ok,18,-1,3798,1389,1529,4,880,2269,368648,0.846,0,0,0,0.000188000
488,489,3,astar,fast,misplaced,gcompare,200,0,0,ok,22,-1,12507,4617,5207,11,2683,7300,425992,1.380,0,0,0,0.000752000
489,490,3,astar,fast,misplaced,gcompare,200,0,0,ok,20,-1,5481,2031,2243,3,1207,3238,376840,1.058,0,0,0,0.000289000
490,491,3,astar,fast,misplaced,gcompare,200,0,0,ok,18,-1,2272,835,912,3,525,1360,368648,0.664,0,0,0,0.000105000
491,492,3,astar,fast,misplaced,gcompare,200,0,0,ok,24,-1,38405,14179,16831,103,7395,21574,1310744,1.487,0,0,0,0.002573000
492,493,3,astar,fast,misplaced,gcompare,200,0,0,ok,22,-1,14014,5167,5833,20,3014,8181,425992,1.434,0,0,0,0.000855000
493,494,3,astar,fast,misplaced,gcompare,200,0,0,ok,24,-1,33059,12199,14240,60,6620,18819,1310744,1.500,0,0,0,0.002396000
494,495,3,astar,fast,misplaced,gcompare,200,0,0,ok,18,-1,2395,884,979,0,532,1416,368648,0.665,0,0,0,0.000119000
495,496,3,astar,fast,misplaced,gcompare,200,0,0,ok,26,-1,74143,27316,34417,268,12410,39726,2293800,1.555,0,0,0,0.005561000
496,497,3,astar,fast,misplaced,gcompare,200,0,0,ok,22,-1,11461,4204,4750,13,2507,6711,425992,1.342,0,0,0,0.000705000
497,498,3,astar,fast,misplaced,gcompare,200,0,0,ok,24,-1,57753,21327,26178,129,10248,31575,1703968,1.600,0,0,0,0.004166000
498,499,3,astar,fast,misplaced,gcompare,200,0,0,ok,18,-1,2601,948,1040,5,613,1561,368648,0.690,0,0,0,0.000124000
499,500,3,astar,fast,misplaced,gcompare,200,0,0,ok,22,-1,16451,6062,6902,52,3487,9549,819216,1.426,0,0,0,0.001061000
0,1,3,astar,fast,misplaced,gcompare,201,0,0,ok,21,-1,11273,4149,4700,36,2424,6573,425992,1.328,0,0,0,0.000707000
1,2,3,astar,fast,misplaced,gcompare,201,0,0,ok,23,-1,25539,9404,10973,37,5162,14566,851984,1.475,0,0,0,0.001736000
2,3,3,astar,fast,misplaced,gcompare,201,0,0,ok,19,-1,5942,2189,2412,5,1341,3530,376840,1.119,0,0,0,0.000328000
3,4,3,astar,fast,misplaced,gcompare,201,0,0,ok,21,-1,10446,3832,4317,18,2297,6129,425992,1.280,0,0,0,0.000626000
4,5,3,astar,fast,misplaced,gcompare,201,0,0,ok,23,-1,24737,9130,10487,75,5120,14250,851984,1.485,0,0,0,0.001606000
5,6,3,astar,fast,misplaced,gcompare,201,0,0,ok,21,-1,10067,3686,4182,23,2199,5885,425992,1.256,0,0,0,0.000604000
6,7,3,astar,fast,misplaced,gcompare,201,0,0,ok,19,-1,4785,1751,1937,10,1097,2848,376840,0.941,0,0,0,0.000251000
7,8,3,astar,fast,misplaced,gcompare,201,0,0,ok,21,-1,12569,4628,5271,24,2670,7298,425992,1.369,0,0,0,0.000755000
8,9,3,astar,fast,misplaced,gcompare,201,0,0,ok,21,-1,13721,5065,5710,11,2946,8011,425992,1.403,0,0,0,0.000844000
9,10,3,astar,fast,misplaced,gcompare,201,0,0,ok,29,-1,206256,76517,107045,726,22694,99211,5570664,1.592,0,0,0,0.015790000
10,11,3,astar,fast,misplaced,gcompare,201,0,0,ok,21,-1,14838,5429,6284,23,3125,8554,819216,1.446,0,0,0,0.000936000
11,12,3,astar,fast,misplaced,gcompare,201,0,0,ok,23,-1,24228,8910,10399,38,4919,13829,851984,1.457,0,0,0,0.001577000
12,13,3,astar,fast,misplaced,gcompare,201,0,0,ok,19,-1,4827,1775,1967,8,1085,2860,376840,0.980,0,0,0,0.000245000
13,14,3,astar,fast,misplaced,gcompare,201,0,0,ok,21,-1,9643,3560,4023,9,2060,5620,425992,1.259,0,0,0,0.000564000
14,15,3,astar,fast,misplaced,gcompare,201,0,0,ok,25,-1,54160,20012,24204,103,9944,29956,1703968,1.553,0,0,0,0.003741000
15,16,3,astar,fast,misplaced,gcompare,201,0,0,ok,23,-1,23576,8659,9991,32,4926,13585,851984,1.467,0,0,0,0.001533000
16,17,3,astar,fast,misplaced,gcompare,201,0,0,ok,21,-1,9213,3392,3763,15,2058,5450,425992,1.223,0,0,0,0.000551000
17,18,3,astar,fast,misplaced,gcompare,201,0,0,ok,21,-1,9077,3332,3721,10,2024,5356,409608,1.249,0,0,0,0.000535000
18,19,3,astar,fast,misplaced,gcompare,201,0,0,ok,21,-1,11916,4350,4954,29,2612,6962,425992,1.348,0,0,0,0.000713000
19,20,3,astar,fast,misplaced,gcompare,201,0,0,ok,23,-1,22719,8328,9715,46,4676,13004,851984,1.469,0,0,0,0.001474000
20,21,3,astar,fast,misplaced,gcompare,201,0,0,ok,23,-1,24356,8936,10517,45,4903,13839,851984,1.486,0,0,0,0.001615000
21,22,3,astar,fast,misplaced,gcompare,201,0,0,ok,21,-1,9312,3406,3828,7,2078,5484,425992,1.255,0,0,0,0.000565000
22,23,3,astar,fast,misplaced,gcompare,201,0,0,ok,25,-1,52557,19446,23591,160,9520,28966,1703968,1.539,0,0,0,0.003678000
23,24,3,astar,fast,misplaced,gcompare,201,0,0,ok,17,-1,1811,667,729,4,415,1082,368648,0.636,0,0,0,0.000088000
24,25,3,astar,fast,misplaced,gcompare,201,0,0,ok,27,-1,109597,40478,52485,292,16634,57112,3080248,1.592,0,0,0,0.008518000
25,26,3,astar,fast,misplaced,gcompare,201,0,0,ok,21,-1,11081,4078,4626,31,2377,6455,425992,1.318,0,0,0,0.000660000
26,27,3,astar,fast,misplaced,gcompare,201,0,0,ok,19,-1,6232,2293,2551,11,1388,3681,376840,1.152,0,0,0,0.000333000
27,28,3,astar,fast,misplaced,gcompare,201,0,0,ok,15,-1,758,276,294,0,188,464,368648,0.476,0,0,0,0.000034000
28,29,3,astar,fast,misplaced,gcompare,201,0,0,ok,21,-1,8412,3092,3431,17,1889,4981,409608,1.203,0,0,0,0.000475000
29,30,3,astar,fast,misplaced,gcompare,201,0,0,ok,21,-1,10383,3814,4346,24,2223,6037,425992,1.266,0,0,0,0.000605000
30,31,3,astar,fast,misplaced,gcompare,201,0,0,ok,25,-1,50402,18524,22347,76,9531,28055,1703968,1.540,0,0,0,0.003537000
31,32,3,astar,fast,misplaced,gcompare,201,0,0,ok,21,-1,8850,3254,3637,4,1959,5213,409608,1.230,0,0,0,0.000532000
32,33,3,astar,fast,misplaced,gcompare,201,0,0,ok,27,-1,126510,46675,61255,371,18580,65255,3407936,1.630,0,0,0,0.009404000
33,34,3,astar,fast,misplaced,gcompare,201,0,0,ok,25,-1,68224,25070,31032,139,12122,37192,2293800,1.561,0,0,0,0.005134000
34,35,3,astar,fast,misplaced,gcompare,201,0,0,ok,27,-1,113075,41811,54438,312,16826,58637,3407936,1.597,0,0,0,0.008321000
35,36,3,astar,fast,misplaced,gcompare,201,0,0,ok,23,-1,23899,8849,10239,48,4811,13660,851984,1.453,0,0,0,0.001580000
36,37,3,astar,fast,misplaced,gcompare,201,0,0,ok,19,-1,4495,1666,1829,1,1000,2666,368648,0.942,0,0,0,0.000240000
37,38,3,astar,fast,misplaced,gcompare,201,0,0,ok,23,-1,22791,8368,9704,40,4719,13087,851984,1.465,0,0,0,0.001486000
38,39,3,astar,fast,misplaced,gcompare,201,0,0,ok,23,-1,22682,8345,9691,60,4646,12991,851984,1.461,0,0,0,0.001485000
39,40,3,astar,fast,misplaced,gcompare,201,0,0,ok,17,-1,2075,767,837,3,471,1238,368648,0.635,0,0,0,0.000101000
40,41,3,astar,fast,misplaced,gcompare,201,0,0,ok,21,-1,10629,3915,4407,21,2307,6222,425992,1.297,0,0,0,0.000656000
41,42,3,astar,fast,misplaced,gcompare,201,0,0,ok,25,-1,56942,21058,25931,147,9953,31011,1703968,1.572,0,0,0,0.004023000
42,43,3,astar,fast,misplaced,gcompare,201,0,0,ok,21,-1,14445,5328,6043,23,3074,8402,819216,1.438,0,0,0,0.000953000
43,44,3,astar,fast,misplaced,gcompare,201,0,0,ok,27,-1,113615,42039,54966,332,16610,58649,3407936,1.604,0,0,0,0.008924000
44,45,3,astar,fast,misplaced,gcompare,201,0,0,ok,19,-1,4598,1690,1871,12,1037,2727,376840,0.957,0,0,0,0.000252000
45,46,3,astar,fast,misplaced,gcompare,201,0,0,ok,23,-1,22422,8257,9526,47,4639,12896,851984,1.462,0,0,0,0.001456000
46,47,3,astar,fast,misplaced,gcompare,201,0,0,ok,19,-1,4271,1562,1728,4,981,2543,368648,0.915,0,0,0,0.000219000
47,48,3,astar,fast,misplaced,gcompare,201,0,0,ok,17,-1,1881,687,760,0,434,1121,368648,0.622,0,0,0,0.000091000
48,49,3,astar,fast,misplaced,gcompare,201,0,0,ok,27,-1,109661,40549,52393,278,16719,57268,3080248,1.581,0,0,0,0.007886000
49,50,3,astar,fast,misplaced,gcompare,201,0,0,ok,25,-1,49715,18370,22145,151,9200,27570,1703968,1.537,0,0,0,0.003528000
50,51,3,astar,fast,misplaced,gcompare,201,0,0,ok,17,-1,2006,732,804,2,470,1202,368648,0.644,0,0,0,0.000095000
51,52,3,astar,fast,misplaced,gcompare,201,0,0,ok,19,-1,4037,1488,1637,1,912,2400,368648,0.875,0,0,0,0.000198000
52,53,3,astar,fast,misplaced,gcompare,201,0,0,ok,25,-1,52962,19527,23660,120,9775,29302,1703968,1.555,0,0,0,0.003821000
53,54,3,astar,fast,misplaced,gcompare,201,0,0,ok,19,-1,4442,1634,1802,8,1006,2640,368648,0.932,0,0,0,0.000237000
54,55,3,astar,fast,misplaced,gcompare,201,0,0,ok,19,-1,4503,1651,1840,7,1012,2663,368648,0.934,0,0,0,0.000229000
55,56,3,astar,fast,misplaced,gcompare,201,0,0,ok,19,-1,4291,1579,1744,4,968,2547,368648,0.914,0,0,0,0.000217000
56,57,3,astar,fast,misplaced,gcompare,201,0,0,ok,25,-1,55142,20335,25121,188,9686,30021,1703968,1.564,0,0,0,0.003917000
57,58,3,astar,fast,misplaced,gcompare,201,0,0,ok,25,-1,65695,24154,29880,200,11661,35815,2293800,1.553,0,0,0,0.004952000
58,59,3,astar,fast,misplaced,gcompare,201,0,0,ok,19,-1,4227,1560,1731,7,936,2496,368648,0.883,0,0,0,0.000236000
59,60,3,astar,fast,misplaced,gcompare,201,0,0,ok,21,-1,16158,5949,6792,24,3417,9366,819216,1.416,0,0,0,0.001134000
60,61,3,astar,fast,misplaced,gcompare,201,0,0,ok,19,-1,4069,1499,1654,4,916,2415,368648,0.866,0,0,0,0.000219000
61,62,3,astar,fast,misplaced,gcompare,201,0,0,ok,21,-1,9693,3560,4001,11,2132,5692,425992,1.261,0,0,0,0.000583000
62,63,3,astar,fast,misplaced,gcompare,201,0,0,ok,25,-1,69225,25565,31465,124,12195,37760,2293800,1.558,0,0,0,0.005211000
63,64,3,astar,fast,misplaced,gcompare,201,0,0,ok,25,-1,55818,20636,25321,144,9861,30497,1703968,1.579,0,0,0,0.004006000
64,65,3,astar,fast,misplaced,gcompare,201,0,0,ok,21,-1,12274,4497,5032,10,2745,7242,425992,1.380,0,0,0,0.000759000
65,66,3,astar,fast,misplaced,gcompare,201,0,0,ok,19,-1,4702,1721,1902,2,1079,2800,376840,0.938,0,0,0,0.000251000
66,67,3,astar,fast,misplaced,gcompare,201,0,0,ok,17,-1,3203,1170,1285,6,748,1918,368648,0.765,0,0,0,0.000160000
67,68,3,astar,fast,misplaced,gcompare,201,0,0,ok,25,-1,53930,19875,24064,124,9991,29866,1703968,1.553,0,0,0,0.003902000
68,69,3,astar,fast,misplaced,gcompare,201,0,0,ok,21,-1,9469,3469,3898,12,2102,5571,425992,1.249,0,0,0,0.000551000
69,70,3,astar,fast,misplaced,gcompare,201,0,0,ok,27,-1,110842,41030,53086,286,16726,57756,3407936,1.590,0,0,0,0.008014000
70,71,3,astar,fast,misplaced,gcompare,201,0,0,ok,21,-1,15294,5635,6356,6,3303,8938,819216,1.424,0,0,0,0.000999000
71,72,3,astar,fast,misplaced,gcompare,201,0,0,ok,19,-1,4137,1531,1682,1,924,2455,368648,0.886,0,0,0,0.000217000
72,73,3,astar,fast,misplaced,gcompare,201,0,0,ok,13,-1,239,86,89,1,64,150,368648,0.395,0,0,0,0.000010000
73,74,3,astar,fast,misplaced,gcompare,201,0,0,ok,19,-1,3941,1445,1592,4,904,2349,368648,0.880,0,0,0,0.000193000
74,75,3,astar,fast,misplaced,gcompare,201,0,0,ok,15,-1,1065,387,420,3,258,645,368648,0.533,0,0,0,0.000047000
75,76,3,astar,fast,misplaced,gcompare,201,0,0,ok,27,-1,110364,40800,52640,317,16924,57724,3407936,1.587,0,0,0,0.007910000
76,77,3,astar,fast,misplaced,gcompare,201,0,0,ok,15,-1,949,343,371,0,235,578,368648,0.482,0,0,0,0.000044000
77,78,3,astar,fast,misplaced,gcompare,201,0,0,ok,25,-1,51960,19219,23318,143,9423,28642,1703968,1.543,0,0,0,0.003582000
78,79,3,astar,fast,misplaced,gcompare,201,0,0,ok,21,-1,11407,4191,4693,14,2523,6714,425992,1.340,0,0,0,0.000689000
79,80,3,astar,fast,misplaced,gcompare,201,0,0,ok,27,-1,110342,40838,52790,308,16715,57552,3407936,1.593,0,0,0,0.007866000
80,81,3,astar,fast,misplaced,gcompare,201,0,0,ok,23,-1,25073,9262,10794,59,5017,14279,851984,1.486,0,0,0,0.001663000
81,82,3,astar,fast,misplaced,gcompare,201,0,0,ok,17,-1,1836,677,740,0,419,1096,368648,0.605,0,0,0,0.000086000
82,83,3,astar,fast,misplaced,gcompare,201,0,0,ok,23,-1,31908,11714,13764,45,6430,18144,1310744,1.513,0,0,0,0.002224000
83,84,3,astar,fast,misplaced,gcompare,201,0,0,ok,19,-1,7792,2852,3241,10,1699,4551,409608,1.227,0,0,0,0.000459000
84,85,3,astar,fast,misplaced,gcompare,201,0,0,ok,23,-1,23194,8531,9776,48,4887,13418,851984,1.455,0,0,0,0.001493000
85,86,3,astar,fast,misplaced,gcompare,201,0,0,ok,25,-1,56162,20704,25207,136,10251,30955,1703968,1.578,0,0,0,0.003905000
86,87,3,astar,fast,misplaced,gcompare,201,0,0,ok,25,-1,54567,20129,24578,141,9860,29989,1703968,1.555,0,0,0,0.003824000
87,88,3,astar,fast,misplaced,gcompare,201,0,0,ok,21,-1,9540,3502,3920,28,2118,5620,425992,1.257,0,0,0,0.000586000
88,89,3,astar,fast,misplaced,gcompare,201,0,0,ok,23,-1,24466,9016,10464,47,4986,14002,851984,1.473,0,0,0,0.001601000
89,90,3,astar,fast,misplaced,gcompare,201,0,0,ok,25,-1,54272,19995,24638,152,9639,29634,1703968,1.555,0,0,0,0.003739000
90,91,3,astar,fast,misplaced,gcompare,201,0,0,ok,17,-1,1706,629,690,1,387,1016,368648,0.595,0,0,0,0.000080000
91,92,3,astar,fast,misplaced,gcompare,201,0,0,ok,25,-1,53120,19576,23593,147,9951,29527,1703968,1.549,0,0,0,0.003663000
92,93,3,astar,fast,misplaced,gcompare,201,0,0,ok,25,-1,55147,20435,24917,105,9795,30230,1703968,1.563,0,0,0,0.003857000
93,94,3,astar,fast,misplaced,gcompare,201,0,0,ok,23,-1,27830,10280,12183,57,5367,15647,851984,1.520,0,0,0,0.001850000
94,95,3,astar,fast,misplaced,gcompare,201,0,0,ok,25,-1,54649,20129,24576,123,9946,30073,1703968,1.567,0,0,0,0.003817000
95,96,3,astar,fast,misplaced,gcompare,201,0,0,ok,23,-1,23693,8732,10127,28,4834,13566,851984,1.454,0,0,0,0.001538000
96,97,3,astar,fast,misplaced,gcompare,201,0,0,ok,27,-1,111327,41237,53607,221,16483,57720,3407936,1.602,0,0,0,0.008306000
97,98,3,astar,fast,misplaced,gcompare,201,0,0,ok,19,-1,4849,1774,1977,7,1098,2872,376840,0.968,0,0,0,0.000260000
98,99,3,astar,fast,misplaced,gcompare,201,0,0,ok,21,-1,9963,3666,4113,15,2184,5850,425992,1.274,0,0,0,0.000591000
99,100,3,astar,fast,misplaced,gcompare,201,0,0,ok,25,-1,49486,18195,21878,111,9413,27608,1703968,1.542,0,0,0,0.003399000
100,101,3,astar,fast,misplaced,gcompare,201,0,0,ok,17,-1,2243,824,906,7,513,1337,368648,0.684,0,0,0,0.000111000
101,102,3,astar,fast,misplaced,gcompare,201,0,0,ok,25,-1,52829,19451,23758,163,9620,29071,1703968,1.556,0,0,0,0.003636000
102,103,3,astar,fast,misplaced,gcompare,201,0,0,ok,21,-1,10853,4010,4525,13,2318,6328,425992,1.301,0,0,0,0.000660000
103,104,3,astar,fast,misplaced,gcompare,201,0,0,ok,19,-1,3790,1388,1531,13,871,2259,368648,0.847,0,0,0,0.000191000
104,105,3,astar,fast,misplaced,gcompare,201,0,0,ok,25,-1,53171,19581,23919,96,9671,29252,1703968,1.559,0,0,0,0.003770000
105,106,3,astar,fast,misplaced,gcompare,201,0,0,ok,21,-1,8924,3283,3675,11,1966,5249,409608,1.249,0,0,0,0.000534000
106,107,3,astar,fast,misplaced,gcompare,201,0,0,ok,15,-1,502,181,193,4,128,309,368648,0.441,0,0,0,0.000022000
107,108,3,astar,fast,misplaced,gcompare,201,0,0,ok,23,-1,25426,9441,10804,49,5181,14622,851984,1.494,0,0,0,0.001695000
108,109,3,astar,fast,misplaced,gcompare,201,0,0,ok,23,-1,26645,9836,11524,40,5285,15121,851984,1.500,0,0,0,0.001778000
109,110,3,astar,fast,misplaced,gcompare,201,0,0,ok,19,-1,4514,1665,1838,7,1011,2676,368648,0.940,0,0,0,0.000235000
110,111,3,astar,fast,misplaced,gcompare,201,0,0,ok,25,-1,54643,20189,24689,127,9765,29954,1703968,1.558,0,0,0,0.003897000
111,112,3,astar,fast,misplaced,gcompare,201,0,0,ok,25,-1,55298,20399,24935,174,9964,30363,1703968,1.567,0,0,0,0.003921000
112,113,3,astar,fast,misplaced,gcompare,201,0,0,ok,19,-1,3612,1315,1462,2,835,2150,368648,0.833,0,0,0,0.000181000
113,114,3,astar,fast,misplaced,gcompare,201,0,0,ok,25,-1,52925,19512,23623,168,9790,29302,1703968,1.560,0,0,0,0.003758000
114,115,3,astar,fast,misplaced,gcompare,201,0,0,ok,21,-1,10189,3753,4210,22,2226,5979,425992,1.277,0,0,0,0.000617000
115,116,3,astar,fast,misplaced,gcompare,201,0,0,ok,21,-1,10393,3809,4334,28,2250,6059,425992,1.283,0,0,0,0.000615000
116,117,3,astar,fast,misplaced,gcompare,201,0,0,ok,21,-1,9596,3538,3979,22,2079,5617,425992,1.262,0,0,0,0.000571000
117,118,3,astar,fast,misplaced,gcompare,201,0,0,ok,23,-1,22944,8413,9692,40,4839,13252,851984,1.452,0,0,0,0.001506000
118,119,3,astar,fast,misplaced,gcompare,201,0,0,ok,23,-1,22345,8186,9467,43,4692,12878,851984,1.468,0,0,0,0.001455000
119,120,3,astar,fast,misplaced,gcompare,201,0,0,ok,23,-1,24895,9192,10626,56,5077,14269,851984,1.488,0,0,0,0.001656000
120,121,3,astar,fast,misplaced,gcompare,201,0,0,ok,17,-1,2202,814,888,3,500,1314,368648,0.656,0,0,0,0.000109000
121,122,3,astar,fast,misplaced,gcompare,201,0,0,ok,15,-1,783,288,312,0,183,471,368648,0.476,0,0,0,0.000034000
122,123,3,astar,fast,misplaced,gcompare,201,0,0,ok,23,-1,25998,9613,11219,49,5166,14779,851984,1.493,0,0,0,0.001744000
123,124,3,astar,fast,misplaced,gcompare,201,0,0,ok,23,-1,25155,9265,10831,67,5059,14324,851984,1.483,0,0,0,0.001738000
124,125,3,astar,fast,misplaced,gcompare,201,0,0,ok,23,-1,21904,8067,9281,18,4556,12623,851984,1.449,0,0,0,0.001485000
125,126,3,astar,fast,misplaced,gcompare,201,0,0,ok,21,-1,10004,3670,4105,16,2229,5899,425992,1.252,0,0,0,0.000722000
126,127,3,astar,fast,misplaced,gcompare,201,0,0,ok,23,-1,24196,8912,10312,21,4972,13884,851984,1.483,0,0,0,0.001610000
127,128,3,astar,fast,misplaced,gcompare,201,0,0,ok,23,-1,30220,11077,12894,49,6249,17326,1310744,1.523,0,0,0,0.002131000
128,129,3,astar,fast,misplaced,gcompare,201,0,0,ok,25,-1,60828,22413,27623,174,10792,33205,2293800,1.598,0,0,0,0.004610000
129,130,3,astar,fast,misplaced,gcompare,201,0,0,ok,21,-1,9592,3529,3945,12,2118,5647,425992,1.255,0,0,0,0.000594000
130,131,3,astar,fast,misplaced,gcompare,201,0,0,ok,19,-1,5161,1909,2119,5,1133,3042,376840,1.015,0,0,0,0.000278000
131,132,3,astar,fast,misplaced,gcompare,201,0,0,ok,25,-1,53444,19623,23839,141,9982,29605,1703968,1.555,0,0,0,0.003810000
132,133,3,astar,fast,misplaced,gcompare,201,0,0,ok,19,-1,5656,2084,2306,8,1266,3350,376840,1.075,0,0,0,0.000311000
133,134,3,astar,fast,misplaced,gcompare,201,0,0,ok,19,-1,4510,1651,1834,8,1025,2676,376840,0.916,0,0,0,0.000234000
134,135,3,astar,fast,misplaced,gcompare,201,0,0,ok,25,-1,50650,18682,22475,132,9493,28175,1703968,1.524,0,0,0,0.003582000
135,136,3,astar,fast,misplaced,gcompare,201,0,0,ok,23,-1,23877,8789,10248,57,4840,13629,851984,1.491,0,0,0,0.001628000
136,137,3,astar,fast,misplaced,gcompare,201,0,0,ok,17,-1,1572,578,640,4,354,932,368648,0.603,0,0,0,0.000075000
137,138,3,astar,fast,misplaced,gcompare,201,0,0,ok,17,-1,1481,541,587,4,353,894,368648,0.568,0,0,0,0.000062000
138,139,3,astar,fast,misplaced,gcompare,201,0,0,ok,25,-1,69364,25571,31492,198,12301,37872,2293800,1.552,0,0,0,0.005224000
139,140,3,astar,fast,misplaced,gcompare,201,0,0,ok,21,-1,13800,5066,5726,33,3008,8074,425992,1.421,0,0,0,0.000862000
140,141,3,astar,fast,misplaced,gcompare,201,0,0,ok,25,-1,56155,20762,25336,158,10057,30819,1703968,1.571,0,0,0,0.004042000
141,142,3,astar,fast,misplaced,gcompare,201,0,0,ok,23,-1,22294,8176,9462,10,4656,12832,851984,1.464,0,0,0,0.001547000
142,143,3,astar,fast,misplaced,gcompare,201,0,0,ok,25,-1,55967,20674,25435,128,9858,30532,1703968,1.564,0,0,0,0.003998000
143,144,3,astar,fast,misplaced,gcompare,201,0,0,ok,21,-1,9558,3489,3933,21,2136,5625,425992,1.265,0,0,0,0.000598000
144,145,3,astar,fast,misplaced,gcompare,201,0,0,ok,21,-1,9356,3475,3908,6,1973,5448,409608,1.250,0,0,0,0.000582000
145,146,3,astar,fast,misplaced,gcompare,201,0,0,ok,19,-1,3889,1427,1578,1,884,2311,368648,0.849,0,0,0,0.000243000
146,147,3,astar,fast,misplaced,gcompare,201,0,0,ok,23,-1,23869,8819,10166,64,4884,13703,851984,1.473,0,0,0,0.001665000
147,148,3,astar,fast,misplaced,gcompare,201,0,0,ok,27,-1,110557,40866,52746,228,16945,57811,3407936,1.585,0,0,0,0.008408000
148,149,3,astar,fast,misplaced,gcompare,201,0,0,ok,27,-1,132960,48953,64319,395,19688,68641,4259912,1.619,0,0,0,0.010510000
149,150,3,astar,fast,misplaced,gcompare,201,0,0,ok,23,-1,25168,9276,10813,48,5079,14355,851984,1.487,0,0,0,0.001703000
150,151,3,astar,fast,misplaced,gcompare,201,0,0,ok,23,-1,25177,9282,10799,50,5096,14378,851984,1.482,0,0,0,0.001711000
151,152,3,astar,fast,misplaced,gcompare,201,0,0,ok,23,-1,21777,7996,9217,30,4564,12560,851984,1.436,0,0,0,0.001450000
152,153,3,astar,fast,misplaced,gcompare,201,0,0,ok,23,-1,24223,8943,10372,41,4908,13851,851984,1.464,0,0,0,0.001626000
153,154,3,astar,fast,misplaced,gcompare,201,0,0,ok,21,-1,9927,3634,4069,20,2224,5858,425992,1.251,0,0,0,0.000605000
154,155,3,astar,fast,misplaced,gcompare,201,0,0,ok,27,-1,108612,40092,51881,224,16639,56731,3080248,1.585,0,0,0,0.008248000
155,156,3,astar,fast,misplaced,gcompare,201,0,0,ok,21,-1,11078,4071,4584,9,2423,6494,425992,1.303,0,0,0,0.000694000
156,157,3,astar,fast,misplaced,gcompare,201,0,0,ok,25,-1,50961,18793,22719,85,9449,28242,1703968,1.544,0,0,0,0.003610000
157,158,3,astar,fast,misplaced,gcompare,201,0,0,ok,13,-1,522,192,206,0,124,316,368648,0.453,0,0,0,0.000023000
158,159,3,astar,fast,misplaced,gcompare,201,0,0,ok,23,-1,23452,8660,10044,27,4748,13408,851984,1.463,0,0,0,0.001583000
159,160,3,astar,fast,misplaced,gcompare,201,0,0,ok,19,-1,4144,1530,1676,0,938,2468,368648,0.871,0,0,0,0.000218000
160,161,3,astar,fast,misplaced,gcompare,201,0,0,ok,19,-1,3421,1258,1379,4,784,2042,368648,0.797,0,0,0,0.000164000
161,162,3,astar,fast,misplaced,gcompare,201,0,0,ok,13,-1,291,106,107,0,78,184,368648,0.393,0,0,0,0.000011000
162,163,3,astar,fast,misplaced,gcompare,201,0,0,ok,23,-1,24241,8923,10370,58,4948,13871,851984,1.482,0,0,0,0.001598000
163,164,3,astar,fast,misplaced,gcompare,201,0,0,ok,23,-1,21686,7981,9191,37,4514,12495,851984,1.430,0,0,0,0.001462000
164,165,3,astar,fast,misplaced,gcompare,201,0,0,ok,21,-1,12850,4745,5423,15,2682,7427,425992,1.373,0,0,0,0.000830000
165,166,3,astar,fast,misplaced,gcompare,201,0,0,ok,19,-1,3838,1409,1557,2,872,2281,368648,0.833,0,0,0,0.000196000
166,167,3,astar,fast,misplaced,gcompare,201,0,0,ok,25,-1,58490,21608,26594,131,10288,31896,1703968,1.596,0,0,0,0.004144000
167,168,3,astar,fast,misplaced,gcompare,201,0,0,ok,25,-1,59898,22128,26925,187,10845,32973,2293800,1.594,0,0,0,0.004370000
168,169,3,astar,fast,misplaced,gcompare,201,0,0,ok,23,-1,24390,8959,10375,39,5056,14015,851984,1.491,0,0,0,0.001608000
169,170,3,astar,fast,misplaced,gcompare,201,0,0,ok,21,-1,9281,3425,3829,12,2027,5452,409608,1.243,0,0,0,0.000564000
170,171,3,astar,fast,misplaced,gcompare,201,0,0,ok,25,-1,56062,20751,25234,108,10077,30828,1703968,1.565,0,0,0,0.003884000
171,172,3,astar,fast,misplaced,gcompare,201,0,0,ok,21,-1,9231,3390,3788,12,2053,5443,425992,1.244,0,0,0,0.000550000
172,173,3,astar,fast,misplaced,gcompare,201,0,0,ok,19,-1,4113,1510,1665,7,938,2448,368648,0.886,0,0,0,0.000213000
173,174,3,astar,fast,misplaced,gcompare,201,0,0,ok,23,-1,26559,9773,11561,67,5225,14998,851984,1.498,0,0,0,0.001756000
174,175,3,astar,fast,misplaced,gcompare,201,0,0,ok,25,-1,56743,20935,25712,95,10096,31031,1703968,1.580,0,0,0,0.003949000
175,176,3,astar,fast,misplaced,gcompare,201,0,0,ok,25,-1,64718,23789,29354,164,11575,35364,2293800,1.567,0,0,0,0.004665000
176,177,3,astar,fast,misplaced,gcompare,201,0,0,ok,23,-1,28785,10593,12366,53,5826,16419,1310744,1.540,0,0,0,0.002003000
177,178,3,astar,fast,misplaced,gcompare,201,0,0,ok,27,-1,114233,42360,55465,291,16408,58768,3407936,1.600,0,0,0,0.008330000
178,179,3,astar,fast,misplaced,gcompare,201,0,0,ok,19,-1,4395,1616,1795,12,984,2600,368648,0.922,0,0,0,0.000244000
179,180,3,astar,fast,misplaced,gcompare,201,0,0,ok,21,-1,10124,3725,4205,18,2194,5919,425992,1.278,0,0,0,0.000617000
180,181,3,astar,fast,misplaced,gcompare,201,0,0,ok,25,-1,51045,18864,22793,72,9388,28252,1703968,1.540,0,0,0,0.003678000
181,182,3,astar,fast,misplaced,gcompare,201,0,0,ok,21,-1,9677,3559,4015,21,2103,5662,425992,1.265,0,0,0,0.000585000
182,183,3,astar,fast,misplaced,gcompare,201,0,0,ok,27,-1,113975,42212,55141,340,16622,58834,3407936,1.601,0,0,0,0.008475000
183,184,3,astar,fast,misplaced,gcompare,201,0,0,ok,21,-1,9235,3393,3796,22,2046,5439,409608,1.240,0,0,0,0.000587000
184,185,3,astar,fast,misplaced,gcompare,201,0,0,ok,15,-1,881,320,347,1,214,534,368648,0.492,0,0,0,0.000039000
185,186,3,astar,fast,misplaced,gcompare,201,0,0,ok,21,-1,9226,3391,3797,14,2038,5429,409608,1.241,0,0,0,0.000552000
186,187,3,astar,fast,misplaced,gcompare,201,0,0,ok,21,-1,14240,5257,5936,15,3047,8304,819216,1.414,0,0,0,0.000942000
187,188,3,astar,fast,misplaced,gcompare,201,0,0,ok,25,-1,56233,20776,25472,102,9985,30761,1703968,1.572,0,0,0,0.003976000
188,189,3,astar,fast,misplaced,gcompare,201,0,0,ok,27,-1,107391,39627,51058,238,16706,56333,3080248,1.573,0,0,0,0.007683000
189,190,3,astar,fast,misplaced,gcompare,201,0,0,ok,25,-1,60318,22371,27284,158,10663,33034,2293800,1.592,0,0,0,0.004411000
190,191,3,astar,fast,misplaced,gcompare,201,0,0,ok,23,-1,24116,8890,10334,42,4892,13782,851984,1.469,0,0,0,0.001649000
191,192,3,astar,fast,misplaced,gcompare,201,0,0,ok,25,-1,56121,20656,25355,144,10110,30766,1703968,1.571,0,0,0,0.003937000
192,193,3,astar,fast,misplaced,gcompare,201,0,0,ok,23,-1,23586,8711,10077,30,4798,13509,851984,1.461,0,0,0,0.001555000
193,194,3,astar,fast,misplaced,gcompare,201,0,0,ok,21,-1,11430,4209,4748,8,2473,6682,425992,1.330,0,0,0,0.000700000
194,195,3,astar,fast,misplaced,gcompare,201,0,0,ok,27,-1,110941,41036,53301,312,16604,57640,3407936,1.591,0,0,0,0.008013000
195,196,3,astar,fast,misplaced,gcompare,201,0,0,ok,19,-1,3264,1191,1322,6,751,1942,368648,0.772,0,0,0,0.000165000
196,197,3,astar,fast,misplaced,gcompare,201,0,0,ok,23,-1,24223,8938,10276,57,5009,13947,851984,1.464,0,0,0,0.001603000
197,198,3,astar,fast,misplaced,gcompare,201,0,0,ok,17,-1,1902,701,757,0,444,1145,368648,0.597,0,0,0,0.000089000
198,199,3,astar,fast,misplaced,gcompare,201,0,0,ok,21,-1,10087,3725,4153,15,2209,5934,425992,1.280,0,0,0,0.000603000
199,200,3,astar,fast,misplaced,gcompare,201,0,0,ok,15,-1,895,323,353,5,219,542,368648,0.489,0,0,0,0.000040000
200,201,3,astar,fast,misplaced,gcompare,201,0,0,ok,27,-1,113908,42113,54570,262,17225,59338,3407936,1.594,0,0,0,0.008672000
201,202,3,astar,fast,misplaced,gcompare,201,0,0,ok,21,-1,8880,3262,3638,4,1980,5242,409608,1.213,0,0,0,0.000531000
202,203,3,astar,fast,misplaced,gcompare,201,0,0,ok,17,-1,1904,698,773,1,433,1131,368648,0.610,0,0,0,0.000090000
203,204,3,astar,fast,misplaced,gcompare,201,0,0,ok,25,-1,54684,20149,24668,142,9867,30016,1703968,1.563,0,0,0,0.003911000
204,205,3,astar,fast,misplaced,gcompare,201,0,0,ok,29,-1,206512,76574,106766,836,23172,99746,5570664,1.592,0,0,0,0.015812000
205,206,3,astar,fast,misplaced,gcompare,201,0,0,ok,17,-1,1687,618,673,3,396,1014,368648,0.595,0,0,0,0.000082000
206,207,3,astar,fast,misplaced,gcompare,201,0,0,ok,25,-1,50485,18589,22410,124,9486,28075,1703968,1.538,0,0,0,0.003558000
207,208,3,astar,fast,misplaced,gcompare,201,0,0,ok,23,-1,23028,8472,9824,36,4732,13204,851984,1.465,0,0,0,0.001561000
208,209,3,astar,fast,misplaced,gcompare,201,0,0,ok,21,-1,12557,4602,5213,36,2742,7344,425992,1.356,0,0,0,0.000778000
209,210,3,astar,fast,misplaced,gcompare,201,0,0,ok,23,-1,31699,11621,13555,83,6523,18144,1310744,1.511,0,0,0,0.002301000
210,211,3,astar,fast,misplaced,gcompare,201,0,0,ok,19,-1,4932,1796,1997,6,1139,2935,376840,0.972,0,0,0,0.000260000
211,212,3,astar,fast,misplaced,gcompare,201,0,0,ok,23,-1,23441,8647,10086,58,4708,13355,851984,1.454,0,0,0,0.001536000
212,213,3,astar,fast,misplaced,gcompare,201,0,0,ok,21,-1,11338,4152,4676,7,2510,6662,425992,1.332,0,0,0,0.000694000
213,214,3,astar,fast,misplaced,gcompare,201,0,0,ok,17,-1,1892,699,759,0,434,1133,368648,0.616,0,0,0,0.000091000
214,215,3,astar,fast,misplaced,gcompare,201,0,0,ok,23,-1,22062,8096,9303,56,4663,12759,851984,1.448,0,0,0,0.001442000
215,216,3,astar,fast,misplaced,gcompare,201,0,0,ok,21,-1,14453,5316,5946,36,3191,8507,819216,1.402,0,0,0,0.000952000
216,217,3,astar,fast,misplaced,gcompare,201,0,0,ok,23,-1,22726,8366,9716,40,4644,13010,851984,1.457,0,0,0,0.001492000
217,218,3,astar,fast,misplaced,gcompare,201,0,0,ok,27,-1,111511,41290,53448,297,16773,58063,3407936,1.585,0,0,0,0.008327000
218,219,3,astar,fast,misplaced,gcompare,201,0,0,ok,17,-1,1988,732,807,2,449,1181,368648,0.666,0,0,0,0.000099000
219,220,3,astar,fast,misplaced,gcompare,201,0,0,ok,17,-1,1776,655,705,1,416,1071,368648,0.617,0,0,0,0.000079000
220,221,3,astar,fast,misplaced,gcompare,201,0,0,ok,25,-1,53762,19829,24096,109,9837,29666,1703968,1.554,0,0,0,0.003698000
221,222,3,astar,fast,misplaced,gcompare,201,0,0,ok,25,-1,52417,19288,23650,113,9479,28767,1703968,1.570,0,0,0,0.003632000
222,223,3,astar,fast,misplaced,gcompare,201,0,0,ok,25,-1,54358,20050,24286,133,10022,30072,1703968,1.552,0,0,0,0.003765000
223,224,3,astar,fast,misplaced,gcompare,201,0,0,ok,15,-1,940,345,372,2,223,568,368648,0.514,0,0,0,0.000044000
224,225,3,astar,fast,misplaced,gcompare,201,0,0,ok,23,-1,22631,8343,9571,38,4717,13060,851984,1.474,0,0,0,0.001470000
225,226,3,astar,fast,misplaced,gcompare,201,0,0,ok,25,-1,53160,19622,23720,108,9818,29440,1703968,1.543,0,0,0,0.003745000
226,227,3,astar,fast,misplaced,gcompare,201,0,0,ok,23,-1,25610,9456,10995,43,5159,14615,851984,1.484,0,0,0,0.001685000
227,228,3,astar,fast,misplaced,gcompare,201,0,0,ok,25,-1,48502,17813,21432,66,9257,27070,1703968,1.538,0,0,0,0.003285000
228,229,3,astar,fast,misplaced,gcompare,201,0,0,ok,17,-1,1516,558,616,0,342,900,368648,0.585,0,0,0,0.000072000
229,230,3,astar,fast,misplaced,gcompare,201,0,0,ok,21,-1,10042,3695,4166,8,2181,5876,425992,1.305,0,0,0,0.000609000
230,231,3,astar,fast,misplaced,gcompare,201,0,0,ok,25,-1,53044,19525,23501,92,10018,29543,1703968,1.548,0,0,0,0.003650000
231,232,3,astar,fast,misplaced,gcompare,201,0,0,ok,21,-1,11124,4085,4599,23,2440,6525,425992,1.341,0,0,0,0.000689000
232,233,3,astar,fast,misplaced,gcompare,201,0,0,ok,27,-1,111658,41320,53463,308,16875,58195,3407936,1.592,0,0,0,0.008069000
233,234,3,astar,fast,misplaced,gcompare,201,0,0,ok,21,-1,11000,4047,4581,14,2372,6419,425992,1.328,0,0,0,0.000670000
234,235,3,astar,fast,misplaced,gcompare,201,0,0,ok,21,-1,12223,4479,5046,23,2698,7177,425992,1.346,0,0,0,0.000722000
235,236,3,astar,fast,misplaced,gcompare,201,0,0,ok,21,-1,10596,3897,4400,12,2299,6196,425992,1.309,0,0,0,0.000625000
236,237,3,astar,fast,misplaced,gcompare,201,0,0,ok,27,-1,110844,41001,53286,321,16557,57558,3407936,1.591,0,0,0,0.007938000
237,238,3,astar,fast,misplaced,gcompare,201,0,0,ok,21,-1,10501,3872,4327,8,2302,6174,425992,1.294,0,0,0,0.000639000
238,239,3,astar,fast,misplaced,gcompare,201,0,0,ok,19,-1,4950,1822,2010,9,1118,2940,376840,0.975,0,0,0,0.000262000
239,240,3,astar,fast,misplaced,gcompare,201,0,0,ok,25,-1,53105,19534,23823,141,9748,29282,1703968,1.556,0,0,0,0.003633000
240,241,3,astar,fast,misplaced,gcompare,201,0,0,ok,19,-1,5028,1852,2034,2,1142,2994,376840,0.990,0,0,0,0.000269000
241,242,3,astar,fast,misplaced,gcompare,201,0,0,ok,17,-1,1577,583,651,14,343,926,368648,0.612,0,0,0,0.000075000
242,243,3,astar,fast,misplaced,gcompare,201,0,0,ok,23,-1,22537,8308,9579,56,4650,12958,851984,1.478,0,0,0,0.001448000
243,244,3,astar,fast,misplaced,gcompare,201,0,0,ok,23,-1,22755,8399,9681,46,4675,13074,851984,1.458,0,0,0,0.001485000
244,245,3,astar,fast,misplaced,gcompare,201,0,0,ok,15,-1,717,264,289,2,164,428,368648,0.475,0,0,0,0.000032000
245,246,3,astar,fast,misplaced,gcompare,201,0,0,ok,23,-1,34031,12599,14967,60,6465,19064,1310744,1.497,0,0,0,0.002334000
246,247,3,astar,fast,misplaced,gcompare,201,0,0,ok,21,-1,9783,3580,4022,17,2181,5761,425992,1.258,0,0,0,0.000574000
247,248,3,astar,fast,misplaced,gcompare,201,0,0,ok,27,-1,138450,50946,67362,413,20142,71088,4259912,1.601,0,0,0,0.010607000
248,249,3,astar,fast,misplaced,gcompare,201,0,0,ok,29,-1,209540,77743,107723,656,24098,101817,5570664,1.591,0,0,0,0.016193000
249,250,3,astar,fast,misplaced,gcompare,201,0,0,ok,29,-1,206605,76561,106911,812,23133,99694,5570664,1.595,0,0,0,0.015955000
250,251,3,astar,fast,misplaced,gcompare,201,0,0,ok,25,-1,53161,19603,23955,136,9603,29206,1703968,1.554,0,0,0,0.003816000
251,252,3,astar,fast,misplaced,gcompare,201,0,0,ok,23,-1,22831,8403,9831,38,4597,13000,851984,1.454,0,0,0,0.001505000
252,253,3,astar,fast,misplaced,gcompare,201,0,0,ok,23,-1,29953,11093,13175,73,5685,16778,1310744,1.542,0,0,0,0.002157000
253,254,3,astar,fast,misplaced,gcompare,201,0,0,ok,23,-1,23204,8528,9847,44,4829,13357,851984,1.461,0,0,0,0.001540000
254,255,3,astar,fast,misplaced,gcompare,201,0,0,ok,21,-1,10986,4054,4556,24,2376,6430,425992,1.319,0,0,0,0.000663000
255,256,3,astar,fast,misplaced,gcompare,201,0,0,ok,21,-1,9106,3335,3735,19,2036,5371,409608,1.243,0,0,0,0.000534000
256,257,3,astar,fast,misplaced,gcompare,201,0,0,ok,21,-1,9453,3472,3897,9,2084,5556,425992,1.280,0,0,0,0.000564000
257,258,3,astar,fast,misplaced,gcompare,201,0,0,ok,23,-1,23813,8786,10199,34,4828,13614,851984,1.450,0,0,0,0.001549000
258,259,3,astar,fast,misplaced,gcompare,201,0,0,ok,19,-1,4306,1585,1745,10,976,2561,368648,0.895,0,0,0,0.000225000
259,260,3,astar,fast,misplaced,gcompare,201,0,0,ok,27,-1,111376,41187,53202,328,16987,58174,3407936,1.588,0,0,0,0.008180000
260,261,3,astar,fast,misplaced,gcompare,201,0,0,ok,27,-1,109134,40410,52097,242,16627,57037,3080248,1.583,0,0,0,0.007884000
261,262,3,astar,fast,misplaced,gcompare,201,0,0,ok,23,-1,24640,9097,10543,57,5000,14097,851984,1.481,0,0,0,0.001631000
262,263,3,astar,fast,misplaced,gcompare,201,0,0,ok,21,-1,10735,3949,4449,7,2337,6286,425992,1.299,0,0,0,0.000655000
263,264,3,astar,fast,misplaced,gcompare,201,0,0,ok,23,-1,34141,12634,14745,43,6762,19396,1310744,1.493,0,0,0,0.002357000
264,265,3,astar,fast,misplaced,gcompare,201,0,0,ok,21,-1,9853,3621,4071,26,2161,5782,425992,1.265,0,0,0,0.000629000
265,266,3,astar,fast,misplaced,gcompare,201,0,0,ok,25,-1,52334,19290,23517,106,9527,28817,1703968,1.542,0,0,0,0.003734000
266,267,3,astar,fast,misplaced,gcompare,201,0,0,ok,27,-1,110151,40719,52438,273,16994,57713,3407936,1.587,0,0,0,0.008195000
267,268,3,astar,fast,misplaced,gcompare,201,0,0,ok,19,-1,3570,1317,1446,2,807,2124,368648,0.824,0,0,0,0.000182000
268,269,3,astar,fast,misplaced,gcompare,201,0,0,ok,25,-1,54929,20327,24788,125,9814,30141,1703968,1.568,0,0,0,0.003949000
269,270,3,astar,fast,misplaced,gcompare,201,0,0,ok,25,-1,53524,19717,24065,147,9742,29459,1703968,1.552,0,0,0,0.003862000
270,271,3,astar,fast,misplaced,gcompare,201,0,0,ok,25,-1,51215,18911,22947,112,9357,28268,1703968,1.550,0,0,0,0.003543000
271,272,3,astar,fast,misplaced,gcompare,201,0,0,ok,17,-1,1955,712,777,6,466,1178,368648,0.599,0,0,0,0.000090000
272,273,3,astar,fast,misplaced,gcompare,201,0,0,ok,19,-1,4316,1591,1756,9,969,2560,368648,0.901,0,0,0,0.000222000
273,274,3,astar,fast,misplaced,gcompare,201,0,0,ok,27,-1,117304,43504,56326,259,17478,60978,3407936,1.607,0,0,0,0.008455000
274,275,3,astar,fast,misplaced,gcompare,201,0,0,ok,17,-1,1403,514,572,8,317,831,368648,0.571,0,0,0,0.000063000
275,276,3,astar,fast,misplaced,gcompare,201,0,0,ok,25,-1,51741,19062,22916,113,9763,28825,1703968,1.547,0,0,0,0.003608000
276,277,3,astar,fast,misplaced,gcompare,201,0,0,ok,21,-1,10194,3753,4255,35,2186,5939,425992,1.253,0,0,0,0.000623000
277,278,3,astar,fast,misplaced,gcompare,201,0,0,ok,25,-1,52904,19524,23636,142,9744,29268,1703968,1.551,0,0,0,0.003742000
278,279,3,astar,fast,misplaced,gcompare,201,0,0,ok,23,-1,33480,12343,14532,72,6605,18948,1310744,1.495,0,0,0,0.002405000
279,280,3,astar,fast,misplaced,gcompare,201,0,0,ok,21,-1,10552,3874,4374,19,2304,6178,425992,1.295,0,0,0,0.000648000
280,281,3,astar,fast,misplaced,gcompare,201,0,0,ok,21,-1,11687,4278,4807,15,2602,6880,425992,1.320,0,0,0,0.000725000
281,282,3,astar,fast,misplaced,gcompare,201,0,0,ok,25,-1,52950,19551,23785,124,9614,29165,1703968,1.556,0,0,0,0.003788000
282,283,3,astar,fast,misplaced,gcompare,201,0,0,ok,27,-1,108423,40030,51520,244,16873,56903,3080248,1.586,0,0,0,0.008030000
283,284,3,astar,fast,misplaced,gcompare,201,0,0,ok,27,-1,110600,40890,53163,264,16549,57437,3407936,1.596,0,0,0,0.008274000
284,285,3,astar,fast,misplaced,gcompare,201,0,0,ok,25,-1,53648,19794,24101,131,9753,29547,1703968,1.561,0,0,0,0.003856000
285,286,3,astar,fast,misplaced,gcompare,201,0,0,ok,23,-1,21860,8058,9282,58,4520,12578,851984,1.446,0,0,0,0.001463000
286,287,3,astar,fast,misplaced,gcompare,201,0,0,ok,21,-1,10318,3812,4267,10,2239,6051,425992,1.286,0,0,0,0.000639000
287,288,3,astar,fast,misplaced,gcompare,201,0,0,ok,25,-1,54984,20263,24749,129,9972,30235,1703968,1.558,0,0,0,0.003926000
288,289,3,astar,fast,misplaced,gcompare,201,0,0,ok,25,-1,54830,20224,24761,130,9845,30069,1703968,1.572,0,0,0,0.003918000
289,290,3,astar,fast,misplaced,gcompare,201,0,0,ok,21,-1,11120,4092,4645,31,2383,6475,425992,1.303,0,0,0,0.000687000
290,291,3,astar,fast,misplaced,gcompare,201,0,0,ok,21,-1,9695,3556,4015,18,2124,5680,425992,1.263,0,0,0,0.000578000
291,292,3,astar,fast,misplaced,gcompare,201,0,0,ok,23,-1,23111,8488,9810,42,4813,13301,851984,1.462,0,0,0,0.001522000
292,293,3,astar,fast,misplaced,gcompare,201,0,0,ok,23,-1,21599,7948,9136,38,4515,12463,851984,1.451,0,0,0,0.001409000
293,294,3,astar,fast,misplaced,gcompare,201,0,0,ok,17,-1,1572,581,635,4,356,937,368648,0.623,0,0,0,0.000071000
294,295,3,astar,fast,misplaced,gcompare,201,0,0,ok,19,-1,4429,1628,1800,1,1001,2629,368648,0.909,0,0,0,0.000230000
295,296,3,astar,fast,misplaced,gcompare,201,0,0,ok,21,-1,9542,3528,3951,4,2063,5591,425992,1.264,0,0,0,0.000592000
296,297,3,astar,fast,misplaced,gcompare,201,0,0,ok,25,-1,58118,21482,26149,96,10487,31969,1703968,1.581,0,0,0,0.004025000
297,298,3,astar,fast,misplaced,gcompare,201,0,0,ok,21,-1,13966,5186,5887,23,2893,8079,425992,1.439,0,0,0,0.000872000
298,299,3,astar,fast,misplaced,gcompare,201,0,0,ok,17,-1,2615,957,1048,3,610,1567,368648,0.713,0,0,0,0.000130000
299,300,3,astar,fast,misplaced,gcompare,201,0,0,ok,27,-1,111261,41197,53332,303,16732,57929,3407936,1.579,0,0,0,0.007996000
300,301,3,astar,fast,misplaced,gcompare,201,0,0,ok,19,-1,3773,1382,1525,6,866,2248,368648,0.866,0,0,0,0.000195000
301,302,3,astar,fast,misplaced,gcompare,201,0,0,ok,19,-1,4254,1560,1720,3,974,2534,368648,0.920,0,0,0,0.000218000
302,303,3,astar,fast,misplaced,gcompare,201,0,0,ok,21,-1,11044,4069,4601,20,2374,6443,425992,1.308,0,0,0,0.000669000
303,304,3,astar,fast,misplaced,gcompare,201,0,0,ok,27,-1,109645,40581,52583,347,16481,57062,3080248,1.587,0,0,0,0.008054000
304,305,3,astar,fast,misplaced,gcompare,201,0,0,ok,23,-1,23103,8491,9809,49,4803,13294,851984,1.467,0,0,0,0.001517000
305,306,3,astar,fast,misplaced,gcompare,201,0,0,ok,23,-1,22838,8412,9713,45,4713,13125,851984,1.458,0,0,0,0.001490000
306,307,3,astar,fast,misplaced,gcompare,201,0,0,ok,19,-1,3709,1375,1506,3,828,2203,368648,0.832,0,0,0,0.000189000
307,308,3,astar,fast,misplaced,gcompare,201,0,0,ok,23,-1,21853,8066,9300,46,4487,12553,851984,1.444,0,0,0,0.001408000
308,309,3,astar,fast,misplaced,gcompare,201,0,0,ok,19,-1,5188,1898,2105,6,1185,3083,376840,1.039,0,0,0,0.000276000
309,310,3,astar,fast,misplaced,gcompare,201,0,0,ok,21,-1,13593,5016,5728,16,2849,7865,425992,1.408,0,0,0,0.000833000
310,311,3,astar,fast,misplaced,gcompare,201,0,0,ok,23,-1,26460,9735,11494,58,5231,14966,851984,1.485,0,0,0,0.001740000
311,312,3,astar,fast,misplaced,gcompare,201,0,0,ok,25,-1,54776,20236,24639,102,9901,30137,1703968,1.563,0,0,0,0.003858000
312,313,3,astar,fast,misplaced,gcompare,201,0,0,ok,19,-1,4579,1692,1859,4,1028,2720,376840,0.935,0,0,0,0.000248000
313,314,3,astar,fast,misplaced,gcompare,201,0,0,ok,17,-1,2163,794,869,2,500,1294,368648,0.666,0,0,0,0.000103000
314,315,3,astar,fast,misplaced,gcompare,201,0,0,ok,23,-1,25239,9294,10892,33,5053,14347,851984,1.488,0,0,0,0.001664000
315,316,3,astar,fast,misplaced,gcompare,201,0,0,ok,27,-1,111516,41303,53398,242,16815,58118,3407936,1.591,0,0,0,0.007997000
316,317,3,astar,fast,misplaced,gcompare,201,0,0,ok,19,-1,4100,1495,1658,11,947,2442,368648,0.874,0,0,0,0.000212000
317,318,3,astar,fast,misplaced,gcompare,201,0,0,ok,21,-1,9805,3588,4050,18,2167,5755,425992,1.270,0,0,0,0.000604000
318,319,3,astar,fast,misplaced,gcompare,201,0,0,ok,17,-1,1510,561,603,1,346,907,368648,0.571,0,0,0,0.000070000
319,320,3,astar,fast,misplaced,gcompare,201,0,0,ok,17,-1,1615,592,647,0,376,968,368648,0.608,0,0,0,0.000070000
320,321,3,astar,fast,misplaced,gcompare,201,0,0,ok,25,-1,55366,20397,24916,139,10053,30450,1703968,1.563,0,0,0,0.003831000
321,322,3,astar,fast,misplaced,gcompare,201,0,0,ok,23,-1,23457,8678,9978,24,4801,13479,851984,1.466,0,0,0,0.001584000
322,323,3,astar,fast,misplaced,gcompare,201,0,0,ok,23,-1,24000,8842,10259,35,4899,13741,851984,1.455,0,0,0,0.001566000
323,324,3,astar,fast,misplaced,gcompare,201,0,0,ok,23,-1,21247,7805,8996,50,4446,12251,851984,1.449,0,0,0,0.001372000
324,325,3,astar,fast,misplaced,gcompare,201,0,0,ok,19,-1,3959,1449,1585,0,925,2374,368648,0.869,0,0,0,0.000205000
325,326,3,astar,fast,misplaced,gcompare,201,0,0,ok,23,-1,21996,8116,9407,52,4473,12589,851984,1.446,0,0,0,0.001422000
326,327,3,astar,fast,misplaced,gcompare,201,0,0,ok,21,-1,10097,3713,4161,20,2223,5936,425992,1.264,0,0,0,0.000613000
327,328,3,astar,fast,misplaced,gcompare,201,0,0,ok,21,-1,10949,4026,4585,16,2338,6364,425992,1.300,0,0,0,0.000649000
328,329,3,astar,fast,misplaced,gcompare,201,0,0,ok,21,-1,10609,3896,4461,29,2252,6148,425992,1.283,0,0,0,0.000626000
329,330,3,astar,fast,misplaced,gcompare,201,0,0,ok,23,-1,23424,8656,9924,55,4844,13500,851984,1.454,0,0,0,0.001525000
330,331,3,astar,fast,misplaced,gcompare,201,0,0,ok,19,-1,3938,1445,1588,0,905,2350,368648,0.871,0,0,0,0.000208000
331,332,3,astar,fast,misplaced,gcompare,201,0,0,ok,23,-1,23678,8736,10039,53,4903,13639,851984,1.449,0,0,0,0.001529000
332,333,3,astar,fast,misplaced,gcompare,201,0,0,ok,13,-1,318,114,118,0,86,200,368648,0.404,0,0,0,0.000014000
333,334,3,astar,fast,misplaced,gcompare,201,0,0,ok,23,-1,23640,8709,10098,21,4833,13542,851984,1.456,0,0,0,0.001528000
334,335,3,astar,fast,misplaced,gcompare,201,0,0,ok,25,-1,55296,20405,24844,154,10047,30452,1703968,1.570,0,0,0,0.003831000
335,336,3,astar,fast,misplaced,gcompare,201,0,0,ok,19,-1,4015,1475,1624,4,916,2391,368648,0.871,0,0,0,0.000208000
336,337,3,astar,fast,misplaced,gcompare,201,0,0,ok,17,-1,2039,748,825,3,466,1214,368648,0.655,0,0,0,0.000094000
337,338,3,astar,fast,misplaced,gcompare,201,0,0,ok,23,-1,20808,7631,8782,16,4395,12026,851984,1.424,0,0,0,0.001341000
338,339,3,astar,fast,misplaced,gcompare,201,0,0,ok,21,-1,10246,3793,4256,11,2197,5990,425992,1.310,0,0,0,0.000619000
339,340,3,astar,fast,misplaced,gcompare,201,0,0,ok,25,-1,50508,18672,22659,130,9177,27849,1703968,1.533,0,0,0,0.003481000
340,341,3,astar,fast,misplaced,gcompare,201,0,0,ok,25,-1,55799,20608,25250,168,9941,30549,1703968,1.575,0,0,0,0.003932000
341,342,3,astar,fast,misplaced,gcompare,201,0,0,ok,23,-1,25233,9306,10875,40,5052,14358,851984,1.488,0,0,0,0.001755000
342,343,3,astar,fast,misplaced,gcompare,201,0,0,ok,25,-1,51106,18772,22707,99,9627,28399,1703968,1.541,0,0,0,0.003509000
343,344,3,astar,fast,misplaced,gcompare,201,0,0,ok,21,-1,10034,3684,4150,20,2200,5884,425992,1.277,0,0,0,0.000612000
344,345,3,astar,fast,misplaced,gcompare,201,0,0,ok,25,-1,56015,20711,25260,113,10044,30755,1703968,1.572,0,0,0,0.004003000
345,346,3,astar,fast,misplaced,gcompare,201,0,0,ok,27,-1,109596,40535,51865,233,17196,57731,3407936,1.583,0,0,0,0.008141000
346,347,3,astar,fast,misplaced,gcompare,201,0,0,ok,19,-1,5787,2136,2383,14,1268,3404,376840,1.075,0,0,0,0.000315000
347,348,3,astar,fast,misplaced,gcompare,201,0,0,ok,23,-1,26517,9754,11519,52,5244,14998,851984,1.507,0,0,0,0.001781000
348,349,3,astar,fast,misplaced,gcompare,201,0,0,ok,23,-1,23530,8683,10047,35,4800,13483,851984,1.468,0,0,0,0.001558000
349,350,3,astar,fast,misplaced,gcompare,201,0,0,ok,19,-1,4230,1553,1715,8,962,2515,368648,0.903,0,0,0,0.000223000
350,351,3,astar,fast,misplaced,gcompare,201,0,0,ok,25,-1,54039,19914,24125,89,10000,29914,1703968,1.561,0,0,0,0.003909000
351,352,3,astar,fast,misplaced,gcompare,201,0,0,ok,19,-1,4491,1661,1832,7,998,2659,368648,0.921,0,0,0,0.000241000
352,353,3,astar,fast,misplaced,gcompare,201,0,0,ok,21,-1,9620,3550,4010,9,2060,5610,425992,1.271,0,0,0,0.000662000
353,354,3,astar,fast,misplaced,gcompare,201,0,0,ok,23,-1,22816,8408,9739,26,4669,13077,851984,1.453,0,0,0,0.001545000
354,355,3,astar,fast,misplaced,gcompare,201,0,0,ok,23,-1,23985,8803,10175,55,5007,13810,851984,1.478,0,0,0,0.001562000
355,356,3,astar,fast,misplaced,gcompare,201,0,0,ok,25,-1,53721,19820,24090,145,9811,29631,1703968,1.557,0,0,0,0.003806000
356,357,3,astar,fast,misplaced,gcompare,201,0,0,ok,21,-1,11036,4092,4575,8,2369,6461,425992,1.290,0,0,0,0.000672000
357,358,3,astar,fast,misplaced,gcompare,201,0,0,ok,23,-1,27551,10142,11848,48,5561,15703,851984,1.529,0,0,0,0.001810000
358,359,3,astar,fast,misplaced,gcompare,201,0,0,ok,21,-1,10329,3814,4295,16,2220,6034,425992,1.280,0,0,0,0.000630000
359,360,3,astar,fast,misplaced,gcompare,201,0,0,ok,21,-1,11898,4420,4934,12,2544,6964,425992,1.348,0,0,0,0.000725000
360,361,3,astar,fast,misplaced,gcompare,201,0,0,ok,17,-1,2128,776,850,5,502,1278,368648,0.675,0,0,0,0.000100000
361,362,3,astar,fast,misplaced,gcompare,201,0,0,ok,25,-1,51637,19054,23087,122,9496,28550,1703968,1.548,0,0,0,0.003582000
362,363,3,astar,fast,misplaced,gcompare,201,0,0,ok,21,-1,10943,4025,4503,9,2415,6440,425992,1.313,0,0,0,0.000687000
363,364,3,astar,fast,misplaced,gcompare,201,0,0,ok,21,-1,13255,4874,5529,13,2852,7726,425992,1.404,0,0,0,0.000812000
364,365,3,astar,fast,misplaced,gcompare,201,0,0,ok,25,-1,54325,19991,24432,135,9902,29893,1703968,1.567,0,0,0,0.003832000
365,366,3,astar,fast,misplaced,gcompare,201,0,0,ok,19,-1,3247,1191,1321,13,735,1926,368648,0.784,0,0,0,0.000163000
366,367,3,astar,fast,misplaced,gcompare,201,0,0,ok,23,-1,22990,8463,9765,41,4762,13225,851984,1.449,0,0,0,0.001508000
367,368,3,astar,fast,misplaced,gcompare,201,0,0,ok,21,-1,12651,4647,5251,15,2753,7400,425992,1.376,0,0,0,0.000790000
368,369,3,astar,fast,misplaced,gcompare,201,0,0,ok,19,-1,6643,2425,2691,18,1527,3952,376840,1.167,0,0,0,0.000366000
369,370,3,astar,fast,misplaced,gcompare,201,0,0,ok,27,-1,109909,40613,52523,267,16773,57386,3407936,1.590,0,0,0,0.007843000
370,371,3,astar,fast,misplaced,gcompare,201,0,0,ok,19,-1,6855,2525,2821,8,1509,4034,376840,1.189,0,0,0,0.000380000
371,372,3,astar,fast,misplaced,gcompare,201,0,0,ok,19,-1,3608,1310,1446,3,852,2162,368648,0.845,0,0,0,0.000179000
372,373,3,astar,fast,misplaced,gcompare,201,0,0,ok,25,-1,56528,20852,25279,78,10397,31249,1703968,1.584,0,0,0,0.004099000
373,374,3,astar,fast,misplaced,gcompare,201,0,0,ok,21,-1,9956,3667,4116,27,2173,5840,425992,1.282,0,0,0,0.000616000
374,375,3,astar,fast,misplaced,gcompare,201,0,0,ok,21,-1,10888,4016,4514,28,2358,6374,425992,1.309,0,0,0,0.000670000
375,376,3,astar,fast,misplaced,gcompare,201,0,0,ok,21,-1,10285,3788,4239,16,2258,6046,425992,1.277,0,0,0,0.000615000
376,377,3,astar,fast,misplaced,gcompare,201,0,0,ok,27,-1,115567,42763,55606,226,17198,59961,3407936,1.601,0,0,0,0.008664000
377,378,3,astar,fast,misplaced,gcompare,201,0,0,ok,23,-1,23497,8667,9997,53,4833,13500,851984,1.468,0,0,0,0.001578000
378,379,3,astar,fast,misplaced,gcompare,201,0,0,ok,25,-1,52797,19483,23603,104,9711,29194,1703968,1.539,0,0,0,0.003683000
379,380,3,astar,fast,misplaced,gcompare,201,0,0,ok,21,-1,12161,4459,5014,26,2688,7147,425992,1.352,0,0,0,0.000735000
380,381,3,astar,fast,misplaced,gcompare,201,0,0,ok,25,-1,54735,20147,24574,145,10014,30161,1703968,1.562,0,0,0,0.003797000
381,382,3,astar,fast,misplaced,gcompare,201,0,0,ok,19,-1,4252,1568,1732,8,952,2520,368648,0.882,0,0,0,0.000222000
382,383,3,astar,fast,misplaced,gcompare,201,0,0,ok,27,-1,111291,41108,53013,334,17170,58278,3407936,1.593,0,0,0,0.007915000
383,384,3,astar,fast,misplaced,gcompare,201,0,0,ok,21,-1,9495,3470,3887,17,2138,5608,425992,1.249,0,0,0,0.000563000
384,385,3,astar,fast,misplaced,gcompare,201,0,0,ok,23,-1,22188,8140,9424,34,4624,12764,851984,1.462,0,0,0,0.001442000
385,386,3,astar,fast,misplaced,gcompare,201,0,0,ok,21,-1,12675,4651,5219,16,2805,7456,425992,1.374,0,0,0,0.000766000
386,387,3,astar,fast,misplaced,gcompare,201,0,0,ok,23,-1,26517,9754,11519,52,5244,14998,851984,1.507,0,0,0,0.001747000
387,388,3,astar,fast,misplaced,gcompare,201,0,0,ok,17,-1,1859,683,746,1,430,1113,368648,0.615,0,0,0,0.000090000
388,389,3,astar,fast,misplaced,gcompare,201,0,0,ok,25,-1,50603,18662,22636,138,9305,27967,1703968,1.543,0,0,0,0.003458000
389,390,3,astar,fast,misplaced,gcompare,201,0,0,ok,23,-1,24975,9216,10677,79,5082,14298,851984,1.483,0,0,0,0.001640000
390,391,3,astar,fast,misplaced,gcompare,201,0,0,ok,25,-1,55563,20556,25188,164,9819,30375,1703968,1.568,0,0,0,0.003847000
391,392,3,astar,fast,misplaced,gcompare,201,0,0,ok,19,-1,5814,2114,2337,5,1363,3477,376840,1.101,0,0,0,0.000317000
392,393,3,astar,fast,misplaced,gcompare,201,0,0,ok,25,-1,71499,26433,32740,143,12326,38759,2293800,1.548,0,0,0,0.005457000
393,394,3,astar,fast,misplaced,gcompare,201,0,0,ok,19,-1,4401,1625,1772,4,1004,2629,368648,0.927,0,0,0,0.000224000
394,395,3,astar,fast,misplaced,gcompare,201,0,0,ok,21,-1,10267,3788,4254,10,2225,6013,425992,1.276,0,0,0,0.000603000
395,396,3,astar,fast,misplaced,gcompare,201,0,0,ok,23,-1,22779,8394,9614,38,4771,13165,851984,1.473,0,0,0,0.001502000
396,397,3,astar,fast,misplaced,gcompare,201,0,0,ok,23,-1,23799,8774,10121,37,4904,13678,851984,1.471,0,0,0,0.001570000
397,398,3,astar,fast,misplaced,gcompare,201,0,0,ok,25,-1,54997,20307,24709,90,9981,30288,1703968,1.560,0,0,0,0.003860000
398,399,3,astar,fast,misplaced,gcompare,201,0,0,ok,21,-1,9012,3321,3711,9,1980,5301,409608,1.220,0,0,0,0.000526000
399,400,3,astar,fast,misplaced,gcompare,201,0,0,ok,25,-1,56325,20846,25249,153,10230,31076,1703968,1.573,0,0,0,0.003889000
400,401,3,astar,fast,misplaced,gcompare,201,0,0,ok,19,-1,4394,1621,1790,1,983,2604,368648,0.932,0,0,0,0.000233000
401,402,3,astar,fast,misplaced,gcompare,201,0,0,ok,21,-1,8615,3146,3534,12,1935,5081,409608,1.257,0,0,0,0.000501000
402,403,3,astar,fast,misplaced,gcompare,201,0,0,ok,23,-1,24702,9077,10614,38,5011,14088,851984,1.483,0,0,0,0.001620000
403,404,3,astar,fast,misplaced,gcompare,201,0,0,ok,21,-1,9931,3649,4109,9,2173,5822,425992,1.263,0,0,0,0.000595000
404,405,3,astar,fast,misplaced,gcompare,201,0,0,ok,19,-1,3896,1446,1583,3,867,2313,368648,0.865,0,0,0,0.000228000
405,406,3,astar,fast,misplaced,gcompare,201,0,0,ok,19,-1,4418,1626,1794,10,998,2624,368648,0.892,0,0,0,0.000224000
406,407,3,astar,fast,misplaced,gcompare,201,0,0,ok,21,-1,9227,3392,3813,3,2022,5414,409608,1.222,0,0,0,0.000542000
407,408,3,astar,fast,misplaced,gcompare,201,0,0,ok,19,-1,3934,1454,1592,2,888,2342,368648,0.840,0,0,0,0.000205000
408,409,3,astar,fast,misplaced,gcompare,201,0,0,ok,23,-1,23977,8841,10248,39,4888,13729,851984,1.473,0,0,0,0.001578000
409,410,3,astar,fast,misplaced,gcompare,201,0,0,ok,23,-1,24216,8912,10317,44,4987,13899,851984,1.461,0,0,0,0.001575000
410,411,3,astar,fast,misplaced,gcompare,201,0,0,ok,15,-1,689,254,269,0,166,420,368648,0.475,0,0,0,0.000031000
411,412,3,astar,fast,misplaced,gcompare,201,0,0,ok,13,-1,345,124,135,1,86,210,368648,0.451,0,0,0,0.000014000
412,413,3,astar,fast,misplaced,gcompare,201,0,0,ok,21,-1,8956,3279,3682,19,1995,5274,409608,1.224,0,0,0,0.000549000
413,414,3,astar,fast,misplaced,gcompare,201,0,0,ok,23,-1,22694,8390,9662,30,4642,13032,851984,1.454,0,0,0,0.001470000
414,415,3,astar,fast,misplaced,gcompare,201,0,0,ok,23,-1,25049,9225,10758,40,5066,14291,851984,1.485,0,0,0,0.001652000
415,416,3,astar,fast,misplaced,gcompare,201,0,0,ok,23,-1,24547,9018,10457,47,5072,14090,851984,1.482,0,0,0,0.001619000
416,417,3,astar,fast,misplaced,gcompare,201,0,0,ok,23,-1,22648,8336,9595,26,4717,13053,851984,1.460,0,0,0,0.001510000
417,418,3,astar,fast,misplaced,gcompare,201,0,0,ok,21,-1,9805,3615,4038,14,2152,5767,425992,1.288,0,0,0,0.000599000
418,419,3,astar,fast,misplaced,gcompare,201,0,0,ok,21,-1,10236,3770,4241,17,2225,5995,425992,1.251,0,0,0,0.000613000
419,420,3,astar,fast,misplaced,gcompare,201,0,0,ok,19,-1,4341,1605,1753,2,983,2588,368648,0.898,0,0,0,0.000228000
420,421,3,astar,fast,misplaced,gcompare,201,0,0,ok,19,-1,4724,1733,1910,4,1081,2814,376840,0.939,0,0,0,0.000244000
421,422,3,astar,fast,misplaced,gcompare,201,0,0,ok,23,-1,26338,9683,11325,62,5330,15013,851984,1.511,0,0,0,0.001762000
422,423,3,astar,fast,misplaced,gcompare,201,0,0,ok,21,-1,9530,3522,3930,5,2078,5600,425992,1.229,0,0,0,0.000585000
423,424,3,astar,fast,misplaced,gcompare,201,0,0,ok,21,-1,10076,3711,4161,21,2204,5915,425992,1.276,0,0,0,0.000608000
424,425,3,astar,fast,misplaced,gcompare,201,0,0,ok,19,-1,3792,1384,1530,8,878,2262,368648,0.837,0,0,0,0.000191000
425,426,3,astar,fast,misplaced,gcompare,201,0,0,ok,25,-1,54810,20268,24895,146,9647,29915,1703968,1.562,0,0,0,0.004177000
426,427,3,astar,fast,misplaced,gcompare,201,0,0,ok,23,-1,24090,8895,10253,25,4942,13837,851984,1.481,0,0,0,0.001651000
427,428,3,astar,fast,misplaced,gcompare,201,0,0,ok,19,-1,6393,2359,2604,10,1430,3789,376840,1.169,0,0,0,0.000419000
428,429,3,astar,fast,misplaced,gcompare,201,0,0,ok,23,-1,24152,8878,10259,65,5015,13893,851984,1.481,0,0,0,0.001706000
429,430,3,astar,fast,misplaced,gcompare,201,0,0,ok,25,-1,56635,20918,25628,93,10089,31007,1703968,1.581,0,0,0,0.004278000
430,431,3,astar,fast,misplaced,gcompare,201,0,0,ok,23,-1,23683,8703,10118,49,4862,13565,851984,1.443,0,0,0,0.001643000
431,432,3,astar,fast,misplaced,gcompare,201,0,0,ok,23,-1,34198,12616,14877,59,6705,19321,1310744,1.513,0,0,0,0.002545000
432,433,3,astar,fast,misplaced,gcompare,201,0,0,ok,29,-1,210113,78030,108309,766,23833,101804,5570664,1.598,0,0,0,0.018206000
433,434,3,astar,fast,misplaced,gcompare,201,0,0,ok,25,-1,50485,18617,22409,130,9459,28076,1703968,1.535,0,0,0,0.004408000
434,435,3,astar,fast,misplaced,gcompare,201,0,0,ok,21,-1,15079,5561,6343,40,3175,8736,819216,1.430,0,0,0,0.001232000
435,436,3,astar,fast,misplaced,gcompare,201,0,0,ok,21,-1,10583,3881,4350,10,2352,6233,425992,1.304,0,0,0,0.000982000
436,437,3,astar,fast,misplaced,gcompare,201,0,0,ok,21,-1,9812,3617,4075,13,2120,5737,425992,1.278,0,0,0,0.001127000
437,438,3,astar,fast,misplaced,gcompare,201,0,0,ok,19,-1,5264,1936,2136,13,1192,3128,376840,1.020,0,0,0,0.001134000
438,439,3,astar,fast,misplaced,gcompare,201,0,0,ok,23,-1,23906,8793,10193,54,4920,13713,851984,1.487,0,0,0,0.001675000
439,440,3,astar,fast,misplaced,gcompare,201,0,0,ok,25,-1,53009,19572,23755,123,9682,29254,1703968,1.554,0,0,0,0.004191000
440,441,3,astar,fast,misplaced,gcompare,201,0,0,ok,27,-1,108616,40093,51882,224,16641,56734,3080248,1.585,0,0,0,0.008885000
441,442,3,astar,fast,misplaced,gcompare,201,0,0,ok,21,-1,13386,4949,5566,19,2871,7820,425992,1.428,0,0,0,0.000864000
442,443,3,astar,fast,misplaced,gcompare,201,0,0,ok,23,-1,28288,10421,12204,62,5663,16084,851984,1.539,0,0,0,0.001973000
443,444,3,astar,fast,misplaced,gcompare,201,0,0,ok,21,-1,10045,3722,4186,9,2137,5859,425992,1.273,0,0,0,0.000616000
444,445,3,astar,fast,misplaced,gcompare,201,0,0,ok,27,-1,109034,40244,51812,229,16978,57222,3080248,1.590,0,0,0,0.008787000
445,446,3,astar,fast,misplaced,gcompare,201,0,0,ok,19,-1,4874,1786,1980,10,1108,2894,376840,0.995,0,0,0,0.000462000
446,447,3,astar,fast,misplaced,gcompare,201,0,0,ok,27,-1,110035,40701,52887,324,16447,57148,3080248,1.593,0,0,0,0.009147000
447,448,3,astar,fast,misplaced,gcompare,201,0,0,ok,23,-1,27539,10216,11938,31,5385,15601,851984,1.515,0,0,0,0.001893000
448,449,3,astar,fast,misplaced,gcompare,201,0,0,ok,19,-1,4983,1822,2024,9,1137,2959,376840,0.990,0,0,0,0.000273000
449,450,3,astar,fast,misplaced,gcompare,201,0,0,ok,23,-1,23584,8711,10033,44,4840,13551,851984,1.442,0,0,0,0.001596000
450,451,3,astar,fast,misplaced,gcompare,201,0,0,ok,23,-1,22557,8316,9596,36,4645,12961,851984,1.450,0,0,0,0.001530000
451,452,3,astar,fast,misplaced,gcompare,201,0,0,ok,19,-1,4306,1578,1742,0,986,2564,368648,0.921,0,0,0,0.000230000
452,453,3,astar,fast,misplaced,gcompare,201,0,0,ok,27,-1,111142,41017,53429,363,16696,57713,3407936,1.596,0,0,0,0.008348000
453,454,3,astar,fast,misplaced,gcompare,201,0,0,ok,27,-1,113584,42090,54966,318,16528,58618,3407936,1.601,0,0,0,0.008708000
454,455,3,astar,fast,misplaced,gcompare,201,0,0,ok,23,-1,24807,9110,10621,47,5076,14186,851984,1.494,0,0,0,0.001699000
455,456,3,astar,fast,misplaced,gcompare,201,0,0,ok,25,-1,53980,19963,24204,176,9813,29776,1703968,1.554,0,0,0,0.003872000
456,457,3,astar,fast,misplaced,gcompare,201,0,0,ok,27,-1,131487,48349,63854,376,19284,67633,4259912,1.627,0,0,0,0.010436000
457,458,3,astar,fast,misplaced,gcompare,201,0,0,ok,23,-1,24866,9152,10682,48,5032,14184,851984,1.476,0,0,0,0.001715000
458,459,3,astar,fast,misplaced,gcompare,201,0,0,ok,21,-1,10207,3752,4204,8,2251,6003,425992,1.313,0,0,0,0.000649000
459,460,3,astar,fast,misplaced,gcompare,201,0,0,ok,21,-1,9751,3575,3999,6,2177,5752,425992,1.267,0,0,0,0.000611000
460,461,3,astar,fast,misplaced,gcompare,201,0,0,ok,23,-1,24390,8966,10381,68,5043,14009,851984,1.471,0,0,0,0.001665000
461,462,3,astar,fast,misplaced,gcompare,201,0,0,ok,21,-1,11957,4368,4962,19,2627,6995,425992,1.354,0,0,0,0.000761000
462,463,3,astar,fast,misplaced,gcompare,201,0,0,ok,23,-1,22852,8431,9702,33,4719,13150,851984,1.475,0,0,0,0.001620000
463,464,3,astar,fast,misplaced,gcompare,201,0,0,ok,19,-1,4869,1782,1982,6,1105,2887,376840,0.994,0,0,0,0.000265000
464,465,3,astar,fast,misplaced,gcompare,201,0,0,ok,17,-1,2017,742,812,1,463,1205,368648,0.617,0,0,0,0.000094000
465,466,3,astar,fast,misplaced,gcompare,201,0,0,ok,23,-1,22779,8392,9682,40,4705,13097,851984,1.466,0,0,0,0.001542000
466,467,3,astar,fast,misplaced,gcompare,201,0,0,ok,21,-1,10951,4038,4549,24,2364,6402,425992,1.320,0,0,0,0.000685000
467,468,3,astar,fast,misplaced,gcompare,201,0,0,ok,25,-1,56889,21025,25801,121,10063,31088,1703968,1.566,0,0,0,0.004386000
468,469,3,astar,fast,misplaced,gcompare,201,0,0,ok,23,-1,34337,12661,15040,54,6636,19297,1310744,1.504,0,0,0,0.002609000
469,470,3,astar,fast,misplaced,gcompare,201,0,0,ok,21,-1,9049,3319,3713,16,2017,5336,409608,1.239,0,0,0,0.000625000
470,471,3,astar,fast,misplaced,gcompare,201,0,0,ok,23,-1,21186,7794,8991,47,4401,12195,851984,1.451,0,0,0,0.001433000
471,472,3,astar,fast,misplaced,gcompare,201,0,0,ok,23,-1,23651,8717,10060,32,4874,13591,851984,1.467,0,0,0,0.001604000
472,473,3,astar,fast,misplaced,gcompare,201,0,0,ok,25,-1,53752,19767,24134,116,9851,29618,1703968,1.559,0,0,0,0.003889000
473,474,3,astar,fast,misplaced,gcompare,201,0,0,ok,23,-1,20551,7582,8655,17,4314,11896,851984,1.425,0,0,0,0.001384000
474,475,3,astar,fast,misplaced,gcompare,201,0,0,ok,25,-1,77636,28643,35799,193,13200,41837,2621488,1.556,0,0,0,0.006016000
475,476,3,astar,fast,misplaced,gcompare,201,0,0,ok,25,-1,53474,19737,23922,138,9815,29552,1703968,1.548,0,0,0,0.003919000
476,477,3,astar,fast,misplaced,gcompare,201,0,0,ok,25,-1,57403,21199,26063,140,10141,31340,1703968,1.584,0,0,0,0.004237000
477,478,3,astar,fast,misplaced,gcompare,201,0,0,ok,21,-1,9348,3432,3865,16,2051,5483,425992,1.259,0,0,0,0.000592000
478,479,3,astar,fast,misplaced,gcompare,201,0,0,ok,19,-1,5091,1870,2078,6,1143,3013,376840,1.010,0,0,0,0.000289000
479,480,3,astar,fast,misplaced,gcompare,201,0,0,ok,23,-1,31940,11727,13784,93,6429,18156,1310744,1.506,0,0,0,0.002330000
480,481,3,astar,fast,misplaced,gcompare,201,0,0,ok,17,-1,1813,668,733,3,412,1080,368648,0.621,0,0,0,0.000085000
481,482,3,astar,fast,misplaced,gcompare,201,0,0,ok,19,-1,4044,1493,1629,1,922,2415,368648,0.872,0,0,0,0.000213000
482,483,3,astar,fast,misplaced,gcompare,201,0,0,ok,27,-1,112155,41441,54088,383,16626,58067,3407936,1.604,0,0,0,0.008535000
483,484,3,astar,fast,misplaced,gcompare,201,0,0,ok,25,-1,55047,20343,24780,137,9924,30267,1703968,1.564,0,0,0,0.003992000
484,485,3,astar,fast,misplaced,gcompare,201,0,0,ok,25,-1,55165,20366,24913,122,9886,30252,1703968,1.580,0,0,0,0.003999000
485,486,3,astar,fast,misplaced,gcompare,201,0,0,ok,21,-1,8874,3259,3651,5,1964,5223,409608,1.219,0,0,0,0.000553000
486,487,3,astar,fast,misplaced,gcompare,201,0,0,ok,21,-1,9469,3464,3872,9,2133,5597,425992,1.255,0,0,0,0.000595000
487,488,3,astar,fast,misplaced,gcompare,201,0,0,ok,19,-1,5959,2194,2431,6,1334,3528,376840,1.091,0,0,0,0.000333000
488,489,3,astar,fast,misplaced,gcompare,201,0,0,ok,23,-1,21936,8059,9301,20,4576,12635,851984,1.458,0,0,0,0.001482000
489,490,3,astar,fast,misplaced,gcompare,201,0,0,ok,21,-1,9788,3620,4050,10,2118,5738,425992,1.272,0,0,0,0.000621000
490,491,3,astar,fast,misplaced,gcompare,201,0,0,ok,17,-1,1598,591,641,1,366,957,368648,0.592,0,0,0,0.000076000
491,492,3,astar,fast,misplaced,gcompare,201,0,0,ok,23,-1,22255,8203,9451,53,4601,12804,851984,1.454,0,0,0,0.001503000
492,493,3,astar,fast,misplaced,gcompare,201,0,0,ok,21,-1,9974,3687,4114,14,2173,5860,425992,1.266,0,0,0,0.000632000
493,494,3,astar,fast,misplaced,gcompare,201,0,0,ok,23,-1,24997,9202,10558,46,5237,14439,851984,1.472,0,0,0,0.001731000
494,495,3,astar,fast,misplaced,gcompare,201,0,0,ok,17,-1,1777,652,717,0,408,1060,368648,0.595,0,0,0,0.000089000
495,496,3,astar,fast,misplaced,gcompare,201,0,0,ok,25,-1,55878,20583,25381,169,9914,30497,1703968,1.574,0,0,0,0.004114000
496,497,3,astar,fast,misplaced,gcompare,201,0,0,ok,23,-1,21051,7688,8855,24,4508,12196,851984,1.436,0,0,0,0.001457000
497,498,3,astar,fast,misplaced,gcompare,201,0,0,ok,23,-1,33808,12402,14669,69,6737,19139,1310744,1.486,0,0,0,0.002517000
498,499,3,astar,fast,misplaced,gcompare,201,0,0,ok,17,-1,1565,577,633,7,355,932,368648,0.563,0,0,0,0.000076000
499,500,3,astar,fast,misplaced,gcompare,201,0,0,ok,21,-1,9452,3469,3873,26,2110,5579,425992,1.244,0,0,0,0.000598000
0,1,3,astar,fast,manhattan,gcompare,200,0,0,ok,22,-1,1737,646,709,26,382,1028,368648,0.585,0,0,0,0.000224000
1,2,3,astar,fast,manhattan,gcompare,200,0,0,ok,22,-1,1383,513,553,8,317,830,368648,0.539,0,0,0,0.000066000
2,3,3,astar,fast,manhattan,gcompare,200,0,0,ok,20,-1,505,188,191,0,126,314,368648,0.456,0,0,0,0.000022000
3,4,3,astar,fast,manhattan,gcompare,200,0,0,ok,22,-1,809,304,321,6,184,488,368648,0.486,0,0,0,0.000034000
4,5,3,astar,fast,manhattan,gcompare,200,0,0,ok,24,-1,508,193,206,7,109,302,368648,0.493,0,0,0,0.000022000
5,6,3,astar,fast,manhattan,gcompare,200,0,0,ok,22,-1,2021,752,834,31,435,1187,368648,0.626,0,0,0,0.000093000
6,7,3,astar,fast,manhattan,gcompare,200,0,0,ok,20,-1,853,313,336,7,204,517,368648,0.469,0,0,0,0.000036000
7,8,3,astar,fast,manhattan,gcompare,200,0,0,ok,22,-1,1139,425,457,10,257,682,368648,0.552,0,0,0,0.000049000
8,9,3,astar,fast,manhattan,gcompare,200,0,0,ok,20,-1,1225,459,485,3,281,740,368648,0.538,0,0,0,0.000054000
9,10,3,astar,fast,manhattan,gcompare,200,0,0,ok,28,-1,13951,5240,6041,193,2670,7910,425992,1.360,0,0,0,0.000921000
10,11,3,astar,fast,manhattan,gcompare,200,0,0,ok,20,-1,1588,590,637,4,361,951,368648,0.612,0,0,0,0.000076000
11,12,3,astar,fast,manhattan,gcompare,200,0,0,ok,22,-1,1333,497,528,12,308,805,368648,0.539,0,0,0,0.000060000
12,13,3,astar,fast,manhattan,gcompare,200,0,0,ok,20,-1,776,287,301,5,188,475,368648,0.453,0,0,0,0.000031000
13,14,3,astar,fast,manhattan,gcompare,200,0,0,ok,20,-1,836,310,330,3,196,506,368648,0.505,0,0,0,0.000037000
14,15,3,astar,fast,manhattan,gcompare,200,0,0,ok,24,-1,1922,722,786,27,414,1136,368648,0.598,0,0,0,0.000087000
15,16,3,astar,fast,manhattan,gcompare,200,0,0,ok,24,-1,2312,860,934,15,518,1378,368648,0.648,0,0,0,0.000105000
16,17,3,astar,fast,manhattan,gcompare,200,0,0,ok,22,-1,604,226,234,4,144,370,368648,0.471,0,0,0,0.000028000
17,18,3,astar,fast,manhattan,gcompare,200,0,0,ok,20,-1,348,132,136,1,80,212,368648,0.441,0,0,0,0.000014000
18,19,3,astar,fast,manhattan,gcompare,200,0,0,ok,20,-1,1108,412,472,17,224,636,368648,0.544,0,0,0,0.000048000
19,20,3,astar,fast,manhattan,gcompare,200,0,0,ok,24,-1,2361,882,971,24,508,1390,368648,0.665,0,0,0,0.000109000
20,21,3,astar,fast,manhattan,gcompare,200,0,0,ok,22,-1,2589,967,1083,29,539,1506,368648,0.702,0,0,0,0.000122000
21,22,3,astar,fast,manhattan,gcompare,200,0,0,ok,20,-1,267,99,101,1,67,166,368648,0.410,0,0,0,0.000011000
22,23,3,astar,fast,manhattan,gcompare,200,0,0,ok,24,-1,2499,929,1024,36,546,1475,368648,0.646,0,0,0,0.000118000
23,24,3,astar,fast,manhattan,gcompare,200,0,0,ok,16,-1,259,92,95,1,72,164,368648,0.391,0,0,0,0.000010000
24,25,3,astar,fast,manhattan,gcompare,200,0,0,ok,28,-1,6152,2326,2582,74,1244,3570,376840,1.068,0,0,0,0.000347000
25,26,3,astar,fast,manhattan,gcompare,200,0,0,ok,20,-1,1130,419,458,14,253,672,368648,0.547,0,0,0,0.000051000
26,27,3,astar,fast,manhattan,gcompare,200,0,0,ok,20,-1,599,221,235,5,143,364,368648,0.438,0,0,0,0.000023000
27,28,3,astar,fast,manhattan,gcompare,200,0,0,ok,16,-1,172,61,60,0,51,112,368648,0.374,0,0,0,0.000006000
28,29,3,astar,fast,manhattan,gcompare,200,0,0,ok,20,-1,163,60,61,1,42,102,368648,0.377,0,0,0,0.000006000
29,30,3,astar,fast,manhattan,gcompare,200,0,0,ok,20,-1,603,223,230,1,150,373,368648,0.440,0,0,0,0.000024000
30,31,3,astar,fast,manhattan,gcompare,200,0,0,ok,24,-1,667,250,266,6,151,401,368648,0.468,0,0,0,0.000026000
31,32,3,astar,fast,manhattan,gcompare,200,0,0,ok,20,-1,611,228,238,1,145,373,368648,0.452,0,0,0,0.000023000
32,33,3,astar,fast,manhattan,gcompare,200,0,0,ok,28,-1,8899,3357,3732,116,1810,5167,409608,1.163,0,0,0,0.000542000
33,34,3,astar,fast,manhattan,gcompare,200,0,0,ok,26,-1,4696,1771,1941,47,984,2755,368648,0.927,0,0,0,0.000254000
34,35,3,astar,fast,manhattan,gcompare,200,0,0,ok,28,-1,14537,5459,6247,189,2831,8290,819216,1.373,0,0,0,0.000985000
35,36,3,astar,fast,manhattan,gcompare,200,0,0,ok,22,-1,2253,846,922,17,485,1331,368648,0.650,0,0,0,0.000111000
36,37,3,astar,fast,manhattan,gcompare,200,0,0,ok,20,-1,635,235,246,5,154,389,368648,0.451,0,0,0,0.000028000
37,38,3,astar,fast,manhattan,gcompare,200,0,0,ok,22,-1,720,269,286,6,165,434,368648,0.463,0,0,0,0.000030000
38,39,3,astar,fast,manhattan,gcompare,200,0,0,ok,24,-1,1449,539,574,12,336,875,368648,0.552,0,0,0,0.000067000
39,40,3,astar,fast,manhattan,gcompare,200,0,0,ok,18,-1,388,143,153,3,92,235,368648,0.429,0,0,0,0.000016000
40,41,3,astar,fast,manhattan,gcompare,200,0,0,ok,22,-1,1779,659,714,12,406,1065,368648,0.611,0,0,0,0.000081000
41,42,3,astar,fast,manhattan,gcompare,200,0,0,ok,24,-1,4723,1766,1991,55,966,2732,368648,0.931,0,0,0,0.000235000
42,43,3,astar,fast,manhattan,gcompare,200,0,0,ok,22,-1,1257,467,504,15,286,753,368648,0.530,0,0,0,0.000054000
43,44,3,astar,fast,manhattan,gcompare,200,0,0,ok,28,-1,13770,5162,5972,232,2636,7798,425992,1.369,0,0,0,0.000861000
44,45,3,astar,fast,manhattan,gcompare,200,0,0,ok,20,-1,147,55,54,0,38,93,368648,0.404,0,0,0,0.000007000
45,46,3,astar,fast,manhattan,gcompare,200,0,0,ok,22,-1,1119,416,451,14,252,668,368648,0.516,0,0,0,0.000050000
46,47,3,astar,fast,manhattan,gcompare,200,0,0,ok,18,-1,239,88,91,2,60,148,368648,0.420,0,0,0,0.000009000
47,48,3,astar,fast,manhattan,gcompare,200,0,0,ok,18,-1,559,206,216,3,137,343,368648,0.453,0,0,0,0.000023000
48,49,3,astar,fast,manhattan,gcompare,200,0,0,ok,26,-1,2250,846,919,26,485,1331,368648,0.660,0,0,0,0.000108000
49,50,3,astar,fast,manhattan,gcompare,200,0,0,ok,26,-1,2904,1101,1208,40,595,1696,368648,0.713,0,0,0,0.000143000
50,51,3,astar,fast,manhattan,gcompare,200,0,0,ok,18,-1,369,137,149,3,83,220,368648,0.440,0,0,0,0.000014000
51,52,3,astar,fast,manhattan,gcompare,200,0,0,ok,20,-1,374,140,142,0,92,232,368648,0.418,0,0,0,0.000014000
52,53,3,astar,fast,manhattan,gcompare,200,0,0,ok,24,-1,3236,1211,1331,29,694,1905,368648,0.755,0,0,0,0.000158000
53,54,3,astar,fast,manhattan,gcompare,200,0,0,ok,20,-1,674,251,274,10,149,400,368648,0.468,0,0,0,0.000028000
54,55,3,astar,fast,manhattan,gcompare,200,0,0,ok,18,-1,885,326,349,3,210,536,368648,0.541,0,0,0,0.000038000
55,56,3,astar,fast,manhattan,gcompare,200,0,0,ok,18,-1,380,139,143,1,98,237,368648,0.409,0,0,0,0.000014000
56,57,3,astar,fast,manhattan,gcompare,200,0,0,ok,24,-1,2553,956,1045,19,552,1508,368648,0.668,0,0,0,0.000117000
57,58,3,astar,fast,manhattan,gcompare,200,0,0,ok,26,-1,5325,2001,2239,89,1085,3086,376840,0.948,0,0,0,0.000280000
58,59,3,astar,fast,manhattan,gcompare,200,0,0,ok,20,-1,901,333,362,8,206,539,368648,0.521,0,0,0,0.000037000
59,60,3,astar,fast,manhattan,gcompare,200,0,0,ok,22,-1,2417,898,980,15,539,1437,368648,0.712,0,0,0,0.000114000
60,61,3,astar,fast,manhattan,gcompare,200,0,0,ok,20,-1,432,160,166,2,106,266,368648,0.427,0,0,0,0.000020000
61,62,3,astar,fast,manhattan,gcompare,200,0,0,ok,20,-1,1070,399,431,10,240,639,368648,0.537,0,0,0,0.000046000
62,63,3,astar,fast,manhattan,gcompare,200,0,0,ok,26,-1,2479,931,1008,34,540,1471,368648,0.693,0,0,0,0.000114000
63,64,3,astar,fast,manhattan,gcompare,200,0,0,ok,24,-1,2606,974,1081,30,551,1525,368648,0.711,0,0,0,0.000121000
64,65,3,astar,fast,manhattan,gcompare,200,0,0,ok,20,-1,582,217,223,2,142,359,368648,0.451,0,0,0,0.000022000
65,66,3,astar,fast,manhattan,gcompare,200,0,0,ok,20,-1,1034,385,418,8,231,616,368648,0.516,0,0,0,0.000044000
66,67,3,astar,fast,manhattan,gcompare,200,0,0,ok,18,-1,1096,407,451,6,238,645,368648,0.528,0,0,0,0.000046000
67,68,3,astar,fast,manhattan,gcompare,200,0,0,ok,26,-1,3358,1261,1380,38,717,1978,368648,0.757,0,0,0,0.000166000
68,69,3,astar,fast,manhattan,gcompare,200,0,0,ok,22,-1,842,316,337,8,189,505,368648,0.537,0,0,0,0.000035000
69,70,3,astar,fast,manhattan,gcompare,200,0,0,ok,26,-1,3337,1255,1379,46,703,1958,368648,0.760,0,0,0,0.000160000
70,71,3,astar,fast,manhattan,gcompare,200,0,0,ok,22,-1,2894,1082,1194,22,618,1700,368648,0.730,0,0,0,0.000133000
71,72,3,astar,fast,manhattan,gcompare,200,0,0,ok,20,-1,825,305,330,6,190,495,368648,0.488,0,0,0,0.000034000
72,73,3,astar,fast,manhattan,gcompare,200,0,0,ok,12,-1,38,13,12,0,13,26,368648,0.324,0,0,0,0.000002000
73,74,3,astar,fast,manhattan,gcompare,200,0,0,ok,20,-1,982,366,401,15,215,581,368648,0.516,0,0,0,0.000044000
74,75,3,astar,fast,manhattan,gcompare,200,0,0,ok,16,-1,236,86,87,1,63,149,368648,0.387,0,0,0,0.000009000
75,76,3,astar,fast,manhattan,gcompare,200,0,0,ok,26,-1,2722,1035,1136,36,551,1586,368648,0.688,0,0,0,0.000128000
76,77,3,astar,fast,manhattan,gcompare,200,0,0,ok,14,-1,201,72,73,0,56,128,368648,0.375,0,0,0,0.000008000
77,78,3,astar,fast,manhattan,gcompare,200,0,0,ok,24,-1,1239,466,500,11,273,739,368648,0.525,0,0,0,0.000052000
78,79,3,astar,fast,manhattan,gcompare,200,0,0,ok,22,-1,1413,531,569,13,313,844,368648,0.569,0,0,0,0.000059000
79,80,3,astar,fast,manhattan,gcompare,200,0,0,ok,26,-1,4393,1649,1836,56,908,2557,368648,0.898,0,0,0,0.000216000
80,81,3,astar,fast,manhattan,gcompare,200,0,0,ok,24,-1,4071,1521,1682,43,868,2389,368648,0.852,0,0,0,0.000200000
81,82,3,astar,fast,manhattan,gcompare,200,0,0,ok,16,-1,118,42,43,1,33,75,368648,0.368,0,0,0,0.000005000
82,83,3,astar,fast,manhattan,gcompare,200,0,0,ok,24,-1,2208,830,884,15,494,1324,368648,0.641,0,0,0,0.000104000
83,84,3,astar,fast,manhattan,gcompare,200,0,0,ok,20,-1,2592,961,1047,14,584,1545,368648,0.681,0,0,0,0.000119000
84,85,3,astar,fast,manhattan,gcompare,200,0,0,ok,24,-1,1794,671,718,16,405,1076,368648,0.589,0,0,0,0.000079000
85,86,3,astar,fast,manhattan,gcompare,200,0,0,ok,26,-1,6397,2406,2680,85,1311,3717,376840,1.107,0,0,0,0.000350000
86,87,3,astar,fast,manhattan,gcompare,200,0,0,ok,24,-1,5161,1935,2155,65,1071,3006,376840,0.953,0,0,0,0.000272000
87,88,3,astar,fast,manhattan,gcompare,200,0,0,ok,20,-1,889,331,350,8,208,539,368648,0.528,0,0,0,0.000040000
88,89,3,astar,fast,manhattan,gcompare,200,0,0,ok,22,-1,1918,709,771,20,438,1147,368648,0.596,0,0,0,0.000087000
89,90,3,astar,fast,manhattan,gcompare,200,0,0,ok,24,-1,2633,983,1063,19,587,1570,368648,0.674,0,0,0,0.000123000
90,91,3,astar,fast,manhattan,gcompare,200,0,0,ok,18,-1,398,146,155,1,97,243,368648,0.423,0,0,0,0.000015000
91,92,3,astar,fast,manhattan,gcompare,200,0,0,ok,24,-1,1582,591,624,14,367,958,368648,0.557,0,0,0,0.000070000
92,93,3,astar,fast,manhattan,gcompare,200,0,0,ok,26,-1,10216,3824,4408,166,1984,5808,409608,1.223,0,0,0,0.000644000
93,94,3,astar,fast,manhattan,gcompare,200,0,0,ok,22,-1,1640,613,666,10,361,974,368648,0.606,0,0,0,0.000078000
94,95,3,astar,fast,manhattan,gcompare,200,0,0,ok,26,-1,5174,1938,2158,62,1078,3016,376840,0.979,0,0,0,0.000279000
95,96,3,astar,fast,manhattan,gcompare,200,0,0,ok,24,-1,1807,682,742,18,383,1065,368648,0.616,0,0,0,0.000088000
96,97,3,astar,fast,manhattan,gcompare,200,0,0,ok,26,-1,4694,1766,1955,51,973,2739,368648,0.909,0,0,0,0.000244000
97,98,3,astar,fast,manhattan,gcompare,200,0,0,ok,20,-1,860,320,346,6,194,514,368648,0.499,0,0,0,0.000040000
98,99,3,astar,fast,manhattan,gcompare,200,0,0,ok,20,-1,424,156,159,2,109,265,368648,0.407,0,0,0,0.000018000
99,100,3,astar,fast,manhattan,gcompare,200,0,0,ok,24,-1,1365,517,552,13,296,813,368648,0.534,0,0,0,0.000063000
100,101,3,astar,fast,manhattan,gcompare,200,0,0,ok,16,-1,57,21,20,0,16,37,368648,0.357,0,0,0,0.000003000
101,102,3,astar,fast,manhattan,gcompare,200,0,0,ok,26,-1,6791,2547,2914,108,1330,3877,376840,1.116,0,0,0,0.000473000
102,103,3,astar,fast,manhattan,gcompare,200,0,0,ok,20,-1,688,259,272,2,157,416,368648,0.466,0,0,0,0.000032000
103,104,3,astar,fast,manhattan,gcompare,200,0,0,ok,20,-1,941,350,391,16,200,550,368648,0.528,0,0,0,0.000070000
104,105,3,astar,fast,manhattan,gcompare,200,0,0,ok,24,-1,3349,1244,1378,51,727,1971,368648,0.763,0,0,0,0.000171000
105,106,3,astar,fast,manhattan,gcompare,200,0,0,ok,22,-1,1121,420,456,9,245,665,368648,0.544,0,0,0,0.000048000
106,107,3,astar,fast,manhattan,gcompare,200,0,0,ok,14,-1,49,17,16,0,16,33,368648,0.333,0,0,0,0.000002000
107,108,3,astar,fast,manhattan,gcompare,200,0,0,ok,22,-1,702,264,271,4,167,431,368648,0.451,0,0,0,0.000028000
108,109,3,astar,fast,manhattan,gcompare,200,0,0,ok,24,-1,4223,1564,1728,40,931,2495,368648,0.876,0,0,0,0.000212000
109,110,3,astar,fast,manhattan,gcompare,200,0,0,ok,20,-1,946,351,377,4,218,569,368648,0.514,0,0,0,0.000039000
110,111,3,astar,fast,manhattan,gcompare,200,0,0,ok,26,-1,4777,1799,2004,65,974,2773,368648,0.924,0,0,0,0.000242000
111,112,3,astar,fast,manhattan,gcompare,200,0,0,ok,24,-1,2835,1064,1181,34,590,1654,368648,0.713,0,0,0,0.000137000
112,113,3,astar,fast,manhattan,gcompare,200,0,0,ok,18,-1,84,30,29,0,25,55,368648,0.373,0,0,0,0.000004000
113,114,3,astar,fast,manhattan,gcompare,200,0,0,ok,26,-1,4537,1694,1879,60,964,2658,368648,0.872,0,0,0,0.000227000
114,115,3,astar,fast,manhattan,gcompare,200,0,0,ok,22,-1,2262,846,947,28,469,1315,368648,0.643,0,0,0,0.000104000
115,116,3,astar,fast,manhattan,gcompare,200,0,0,ok,20,-1,471,176,186,4,109,285,368648,0.445,0,0,0,0.000018000
116,117,3,astar,fast,manhattan,gcompare,200,0,0,ok,22,-1,752,282,299,5,171,453,368648,0.486,0,0,0,0.000031000
117,118,3,astar,fast,manhattan,gcompare,200,0,0,ok,24,-1,1604,604,641,13,359,963,368648,0.566,0,0,0,0.000069000
118,119,3,astar,fast,manhattan,gcompare,200,0,0,ok,24,-1,2075,776,845,20,454,1230,368648,0.615,0,0,0,0.000092000
119,120,3,astar,fast,manhattan,gcompare,200,0,0,ok,22,-1,2402,897,968,13,537,1434,368648,0.680,0,0,0,0.000107000
120,121,3,astar,fast,manhattan,gcompare,200,0,0,ok,18,-1,565,210,214,2,141,351,368648,0.445,0,0,0,0.000021000
121,122,3,astar,fast,manhattan,gcompare,200,0,0,ok,16,-1,174,63,64,1,47,110,368648,0.393,0,0,0,0.000007000
122,123,3,astar,fast,manhattan,gcompare,200,0,0,ok,24,-1,4340,1619,1806,48,915,2534,368648,0.904,0,0,0,0.000216000
123,124,3,astar,fast,manhattan,gcompare,200,0,0,ok,22,-1,2985,1120,1238,32,627,1747,368648,0.746,0,0,0,0.000145000
124,125,3,astar,fast,manhattan,gcompare,200,0,0,ok,24,-1,1555,582,629,16,344,926,368648,0.564,0,0,0,0.000067000
125,126,3,astar,fast,manhattan,gcompare,200,0,0,ok,22,-1,1888,701,756,17,431,1132,368648,0.600,0,0,0,0.000083000
126,127,3,astar,fast,manhattan,gcompare,200,0,0,ok,22,-1,629,233,250,7,146,379,368648,0.460,0,0,0,0.000025000
127,128,3,astar,fast,manhattan,gcompare,200,0,0,ok,24,-1,1864,695,755,21,414,1109,368648,0.612,0,0,0,0.000083000
128,129,3,astar,fast,manhattan,gcompare,200,0,0,ok,26,-1,5494,2059,2281,74,1154,3213,376840,0.984,0,0,0,0.000280000
129,130,3,astar,fast,manhattan,gcompare,200,0,0,ok,20,-1,247,93,100,4,54,147,368648,0.419,0,0,0,0.000010000
130,131,3,astar,fast,manhattan,gcompare,200,0,0,ok,20,-1,995,372,396,6,227,599,368648,0.505,0,0,0,0.000042000
131,132,3,astar,fast,manhattan,gcompare,200,0,0,ok,26,-1,4759,1781,1991,72,987,2768,368648,0.899,0,0,0,0.000245000
132,133,3,astar,fast,manhattan,gcompare,200,0,0,ok,20,-1,1002,373,402,9,227,600,368648,0.514,0,0,0,0.000043000
133,134,3,astar,fast,manhattan,gcompare,200,0,0,ok,18,-1,547,201,211,3,135,336,368648,0.443,0,0,0,0.000022000
134,135,3,astar,fast,manhattan,gcompare,200,0,0,ok,26,-1,2833,1067,1155,30,611,1678,368648,0.686,0,0,0,0.000132000
135,136,3,astar,fast,manhattan,gcompare,200,0,0,ok,24,-1,4294,1605,1804,50,885,2490,368648,0.859,0,0,0,0.000210000
136,137,3,astar,fast,manhattan,gcompare,200,0,0,ok,18,-1,173,64,66,1,43,107,368648,0.395,0,0,0,0.000007000
137,138,3,astar,fast,manhattan,gcompare,200,0,0,ok,16,-1,54,18,17,0,19,37,368648,0.321,0,0,0,0.000002000
138,139,3,astar,fast,manhattan,gcompare,200,0,0,ok,26,-1,3313,1249,1372,46,692,1941,368648,0.751,0,0,0,0.000164000
139,140,3,astar,fast,manhattan,gcompare,200,0,0,ok,22,-1,2574,960,1052,29,562,1522,368648,0.661,0,0,0,0.000119000
140,141,3,astar,fast,manhattan,gcompare,200,0,0,ok,24,-1,3456,1290,1435,39,731,2021,368648,0.806,0,0,0,0.000172000
141,142,3,astar,fast,manhattan,gcompare,200,0,0,ok,22,-1,935,351,386,10,198,549,368648,0.509,0,0,0,0.000039000
142,143,3,astar,fast,manhattan,gcompare,200,0,0,ok,24,-1,4446,1658,1873,38,915,2573,368648,0.911,0,0,0,0.000221000
143,144,3,astar,fast,manhattan,gcompare,200,0,0,ok,22,-1,1932,715,804,32,413,1128,368648,0.623,0,0,0,0.000089000
144,145,3,astar,fast,manhattan,gcompare,200,0,0,ok,20,-1,240,90,91,0,59,149,368648,0.427,0,0,0,0.000009000
145,146,3,astar,fast,manhattan,gcompare,200,0,0,ok,20,-1,469,172,181,4,116,288,368648,0.423,0,0,0,0.000017000
146,147,3,astar,fast,manhattan,gcompare,200,0,0,ok,24,-1,2694,1005,1089,28,600,1605,368648,0.687,0,0,0,0.000122000
147,148,3,astar,fast,manhattan,gcompare,200,0,0,ok,26,-1,3850,1445,1583,46,822,2267,368648,0.821,0,0,0,0.000194000
148,149,3,astar,fast,manhattan,gcompare,200,0,0,ok,26,-1,2012,764,820,21,428,1192,368648,0.612,0,0,0,0.000087000
149,150,3,astar,fast,manhattan,gcompare,200,0,0,ok,24,-1,7291,2728,3090,71,1473,4201,409608,1.200,0,0,0,0.000422000
150,151,3,astar,fast,manhattan,gcompare,200,0,0,ok,22,-1,1570,584,629,14,357,941,368648,0.592,0,0,0,0.000072000
151,152,3,astar,fast,manhattan,gcompare,200,0,0,ok,24,-1,3078,1157,1263,36,658,1815,368648,0.724,0,0,0,0.000148000
152,153,3,astar,fast,manhattan,gcompare,200,0,0,ok,24,-1,3333,1242,1352,26,739,1981,368648,0.752,0,0,0,0.000160000
153,154,3,astar,fast,manhattan,gcompare,200,0,0,ok,22,-1,714,269,281,4,164,433,368648,0.471,0,0,0,0.000029000
154,155,3,astar,fast,manhattan,gcompare,200,0,0,ok,26,-1,4384,1650,1812,50,922,2572,368648,0.878,0,0,0,0.000221000
155,156,3,astar,fast,manhattan,gcompare,200,0,0,ok,20,-1,1062,393,417,5,252,645,368648,0.498,0,0,0,0.000044000
156,157,3,astar,fast,manhattan,gcompare,200,0,0,ok,26,-1,4346,1639,1794,46,913,2552,368648,0.882,0,0,0,0.000214000
157,158,3,astar,fast,manhattan,gcompare,200,0,0,ok,12,-1,135,49,48,0,38,87,368648,0.396,0,0,0,0.000006000
158,159,3,astar,fast,manhattan,gcompare,200,0,0,ok,24,-1,2171,812,870,18,489,1301,368648,0.635,0,0,0,0.000099000
159,160,3,astar,fast,manhattan,gcompare,200,0,0,ok,18,-1,925,343,372,7,210,553,368648,0.481,0,0,0,0.000038000
160,161,3,astar,fast,manhattan,gcompare,200,0,0,ok,18,-1,68,25,24,0,19,44,368648,0.358,0,0,0,0.000003000
161,162,3,astar,fast,manhattan,gcompare,200,0,0,ok,12,-1,37,12,11,0,14,26,368648,0.306,0,0,0,0.000002000
162,163,3,astar,fast,manhattan,gcompare,200,0,0,ok,24,-1,3680,1378,1558,73,744,2122,368648,0.783,0,0,0,0.000177000
163,164,3,astar,fast,manhattan,gcompare,200,0,0,ok,22,-1,991,371,402,11,218,589,368648,0.517,0,0,0,0.000040000
164,165,3,astar,fast,manhattan,gcompare,200,0,0,ok,22,-1,1895,703,755,7,437,1140,368648,0.615,0,0,0,0.000084000
165,166,3,astar,fast,manhattan,gcompare,200,0,0,ok,20,-1,585,218,235,4,132,350,368648,0.454,0,0,0,0.000024000
166,167,3,astar,fast,manhattan,gcompare,200,0,0,ok,26,-1,7855,2943,3365,116,1547,4490,409608,1.184,0,0,0,0.000459000
167,168,3,astar,fast,manhattan,gcompare,200,0,0,ok,24,-1,871,328,351,10,192,520,368648,0.505,0,0,0,0.000037000
168,169,3,astar,fast,manhattan,gcompare,200,0,0,ok,24,-1,2651,994,1082,24,575,1569,368648,0.703,0,0,0,0.000127000
169,170,3,astar,fast,manhattan,gcompare,200,0,0,ok,22,-1,787,293,317,10,177,470,368648,0.495,0,0,0,0.000032000
170,171,3,astar,fast,manhattan,gcompare,200,0,0,ok,26,-1,3910,1472,1607,44,831,2303,368648,0.808,0,0,0,0.000230000
171,172,3,astar,fast,manhattan,gcompare,200,0,0,ok,22,-1,728,270,285,3,173,443,368648,0.469,0,0,0,0.000034000
172,173,3,astar,fast,manhattan,gcompare,200,0,0,ok,20,-1,806,299,323,7,184,483,368648,0.492,0,0,0,0.000035000
173,174,3,astar,fast,manhattan,gcompare,200,0,0,ok,22,-1,2551,954,1060,21,537,1491,368648,0.679,0,0,0,0.000120000
174,175,3,astar,fast,manhattan,gcompare,200,0,0,ok,24,-1,3312,1236,1366,31,710,1946,368648,0.780,0,0,0,0.000164000
175,176,3,astar,fast,manhattan,gcompare,200,0,0,ok,26,-1,2790,1047,1147,35,596,1643,368648,0.716,0,0,0,0.000137000
176,177,3,astar,fast,manhattan,gcompare,200,0,0,ok,22,-1,806,304,326,12,176,480,368648,0.493,0,0,0,0.000035000
177,178,3,astar,fast,manhattan,gcompare,200,0,0,ok,26,-1,6459,2411,2683,64,1365,3776,376840,1.093,0,0,0,0.000367000
178,179,3,astar,fast,manhattan,gcompare,200,0,0,ok,20,-1,457,169,179,4,109,278,368648,0.454,0,0,0,0.000021000
179,180,3,astar,fast,manhattan,gcompare,200,0,0,ok,22,-1,2018,752,820,17,446,1198,368648,0.614,0,0,0,0.000097000
180,181,3,astar,fast,manhattan,gcompare,200,0,0,ok,24,-1,967,363,387,8,217,580,368648,0.514,0,0,0,0.000044000
181,182,3,astar,fast,manhattan,gcompare,200,0,0,ok,22,-1,1919,719,782,19,418,1137,368648,0.628,0,0,0,0.000095000
182,183,3,astar,fast,manhattan,gcompare,200,0,0,ok,26,-1,7730,2905,3246,79,1579,4484,409608,1.177,0,0,0,0.000463000
183,184,3,astar,fast,manhattan,gcompare,200,0,0,ok,22,-1,872,322,347,11,203,525,368648,0.488,0,0,0,0.000040000
184,185,3,astar,fast,manhattan,gcompare,200,0,0,ok,14,-1,164,61,60,0,43,104,368648,0.387,0,0,0,0.000008000
185,186,3,astar,fast,manhattan,gcompare,200,0,0,ok,22,-1,786,292,313,7,181,473,368648,0.478,0,0,0,0.000033000
186,187,3,astar,fast,manhattan,gcompare,200,0,0,ok,22,-1,1262,473,509,14,280,753,368648,0.534,0,0,0,0.000055000
187,188,3,astar,fast,manhattan,gcompare,200,0,0,ok,24,-1,3643,1367,1490,30,786,2153,368648,0.813,0,0,0,0.000181000
188,189,3,astar,fast,manhattan,gcompare,200,0,0,ok,28,-1,10810,4052,4630,207,2128,6180,425992,1.182,0,0,0,0.000664000
189,190,3,astar,fast,manhattan,gcompare,200,0,0,ok,26,-1,5057,1899,2122,83,1036,2935,376840,0.941,0,0,0,0.000265000
190,191,3,astar,fast,manhattan,gcompare,200,0,0,ok,22,-1,1301,487,543,22,271,758,368648,0.559,0,0,0,0.000059000
191,192,3,astar,fast,manhattan,gcompare,200,0,0,ok,24,-1,2514,938,1039,34,537,1475,368648,0.676,0,0,0,0.000122000
192,193,3,astar,fast,manhattan,gcompare,200,0,0,ok,24,-1,2615,974,1071,32,570,1544,368648,0.686,0,0,0,0.000126000
193,194,3,astar,fast,manhattan,gcompare,200,0,0,ok,20,-1,1936,721,785,10,430,1151,368648,0.605,0,0,0,0.000088000
194,195,3,astar,fast,manhattan,gcompare,200,0,0,ok,26,-1,4061,1533,1673,45,855,2388,368648,0.836,0,0,0,0.000205000
195,196,3,astar,fast,manhattan,gcompare,200,0,0,ok,18,-1,115,43,42,0,30,73,368648,0.386,0,0,0,0.000005000
196,197,3,astar,fast,manhattan,gcompare,200,0,0,ok,22,-1,2247,844,922,28,481,1325,368648,0.643,0,0,0,0.000104000
197,198,3,astar,fast,manhattan,gcompare,200,0,0,ok,16,-1,165,61,61,0,43,104,368648,0.378,0,0,0,0.000007000
198,199,3,astar,fast,manhattan,gcompare,200,0,0,ok,20,-1,665,247,273,13,145,392,368648,0.471,0,0,0,0.000028000
199,200,3,astar,fast,manhattan,gcompare,200,0,0,ok,16,-1,266,97,101,2,68,165,368648,0.389,0,0,0,0.000010000
200,201,3,astar,fast,manhattan,gcompare,200,0,0,ok,28,-1,13140,4959,5659,202,2522,7481,425992,1.302,0,0,0,0.000825000
201,202,3,astar,fast,manhattan,gcompare,200,0,0,ok,22,-1,1195,443,490,14,262,705,368648,0.535,0,0,0,0.000057000
202,203,3,astar,fast,manhattan,gcompare,200,0,0,ok,18,-1,701,260,278,4,163,423,368648,0.453,0,0,0,0.000030000
203,204,3,astar,fast,manhattan,gcompare,200,0,0,ok,24,-1,2410,897,974,22,539,1436,368648,0.663,0,0,0,0.000115000
204,205,3,astar,fast,manhattan,gcompare,200,0,0,ok,28,-1,7997,3008,3357,111,1632,4640,409608,1.132,0,0,0,0.000486000
205,206,3,astar,fast,manhattan,gcompare,200,0,0,ok,16,-1,139,51,52,1,36,87,368648,0.384,0,0,0,0.000006000
206,207,3,astar,fast,manhattan,gcompare,200,0,0,ok,24,-1,1232,466,515,23,251,717,368648,0.546,0,0,0,0.000064000
207,208,3,astar,fast,manhattan,gcompare,200,0,0,ok,24,-1,1298,486,515,13,297,783,368648,0.527,0,0,0,0.000073000
208,209,3,astar,fast,manhattan,gcompare,200,0,0,ok,22,-1,1175,440,478,13,257,697,368648,0.558,0,0,0,0.000054000
209,210,3,astar,fast,manhattan,gcompare,200,0,0,ok,24,-1,2469,928,998,21,543,1471,368648,0.671,0,0,0,0.000118000
210,211,3,astar,fast,manhattan,gcompare,200,0,0,ok,20,-1,1288,479,523,10,286,765,368648,0.523,0,0,0,0.000057000
211,212,3,astar,fast,manhattan,gcompare,200,0,0,ok,22,-1,949,353,383,11,213,566,368648,0.508,0,0,0,0.000039000
212,213,3,astar,fast,manhattan,gcompare,200,0,0,ok,22,-1,2159,807,886,25,466,1273,368648,0.651,0,0,0,0.000100000
213,214,3,astar,fast,manhattan,gcompare,200,0,0,ok,16,-1,254,93,96,2,65,158,368648,0.415,0,0,0,0.000010000
214,215,3,astar,fast,manhattan,gcompare,200,0,0,ok,22,-1,417,155,160,2,102,257,368648,0.430,0,0,0,0.000017000
215,216,3,astar,fast,manhattan,gcompare,200,0,0,ok,22,-1,1551,580,632,16,339,919,368648,0.572,0,0,0,0.000068000
216,217,3,astar,fast,manhattan,gcompare,200,0,0,ok,22,-1,809,301,320,6,188,489,368648,0.483,0,0,0,0.000032000
217,218,3,astar,fast,manhattan,gcompare,200,0,0,ok,28,-1,7597,2869,3189,109,1539,4408,409608,1.149,0,0,0,0.000451000
218,219,3,astar,fast,manhattan,gcompare,200,0,0,ok,18,-1,606,224,246,9,136,360,368648,0.484,0,0,0,0.000026000
219,220,3,astar,fast,manhattan,gcompare,200,0,0,ok,18,-1,401,146,152,0,103,249,368648,0.420,0,0,0,0.000016000
220,221,3,astar,fast,manhattan,gcompare,200,0,0,ok,24,-1,2129,801,873,21,455,1256,368648,0.653,0,0,0,0.000099000
221,222,3,astar,fast,manhattan,gcompare,200,0,0,ok,24,-1,1852,693,762,20,397,1090,368648,0.625,0,0,0,0.000089000
222,223,3,astar,fast,manhattan,gcompare,200,0,0,ok,26,-1,3654,1378,1526,51,750,2128,368648,0.770,0,0,0,0.000186000
223,224,3,astar,fast,manhattan,gcompare,200,0,0,ok,14,-1,281,104,106,0,71,175,368648,0.429,0,0,0,0.000012000
224,225,3,astar,fast,manhattan,gcompare,200,0,0,ok,24,-1,1842,688,738,21,416,1104,368648,0.605,0,0,0,0.000085000
225,226,3,astar,fast,manhattan,gcompare,200,0,0,ok,24,-1,1295,491,529,17,275,766,368648,0.546,0,0,0,0.000056000
226,227,3,astar,fast,manhattan,gcompare,200,0,0,ok,24,-1,3933,1470,1636,40,827,2297,368648,0.816,0,0,0,0.000194000
227,228,3,astar,fast,manhattan,gcompare,200,0,0,ok,26,-1,1632,615,662,17,355,970,368648,0.570,0,0,0,0.000073000
228,229,3,astar,fast,manhattan,gcompare,200,0,0,ok,18,-1,113,40,39,0,34,74,368648,0.357,0,0,0,0.000004000
229,230,3,astar,fast,manhattan,gcompare,200,0,0,ok,20,-1,714,270,292,8,152,422,368648,0.508,0,0,0,0.000030000
230,231,3,astar,fast,manhattan,gcompare,200,0,0,ok,26,-1,4459,1698,1845,53,916,2614,368648,0.876,0,0,0,0.000226000
231,232,3,astar,fast,manhattan,gcompare,200,0,0,ok,22,-1,1572,588,637,15,347,935,368648,0.580,0,0,0,0.000094000
232,233,3,astar,fast,manhattan,gcompare,200,0,0,ok,26,-1,3789,1427,1576,55,786,2213,368648,0.815,0,0,0,0.000245000
233,234,3,astar,fast,manhattan,gcompare,200,0,0,ok,20,-1,1625,602,655,13,368,970,368648,0.599,0,0,0,0.000075000
234,235,3,astar,fast,manhattan,gcompare,200,0,0,ok,22,-1,1043,391,417,9,235,626,368648,0.501,0,0,0,0.000043000
235,236,3,astar,fast,manhattan,gcompare,200,0,0,ok,20,-1,620,233,246,5,141,374,368648,0.457,0,0,0,0.000025000
236,237,3,astar,fast,manhattan,gcompare,200,0,0,ok,28,-1,9815,3691,4203,170,1921,5612,409608,1.196,0,0,0,0.000583000
237,238,3,astar,fast,manhattan,gcompare,200,0,0,ok,20,-1,1090,407,437,9,246,653,368648,0.511,0,0,0,0.000048000
238,239,3,astar,fast,manhattan,gcompare,200,0,0,ok,20,-1,657,242,252,3,163,405,368648,0.460,0,0,0,0.000026000
239,240,3,astar,fast,manhattan,gcompare,200,0,0,ok,24,-1,2306,869,942,24,495,1364,368648,0.625,0,0,0,0.000108000
240,241,3,astar,fast,manhattan,gcompare,200,0,0,ok,20,-1,765,284,300,3,181,465,368648,0.486,0,0,0,0.000030000
241,242,3,astar,fast,manhattan,gcompare,200,0,0,ok,16,-1,49,16,15,0,18,34,368648,0.312,0,0,0,0.000002000
242,243,3,astar,fast,manhattan,gcompare,200,0,0,ok,22,-1,1876,703,762,23,411,1114,368648,0.610,0,0,0,0.000083000
243,244,3,astar,fast,manhattan,gcompare,200,0,0,ok,24,-1,5422,2028,2277,60,1117,3145,376840,0.987,0,0,0,0.000282000
244,245,3,astar,fast,manhattan,gcompare,200,0,0,ok,14,-1,154,56,57,1,41,97,368648,0.399,0,0,0,0.000007000
245,246,3,astar,fast,manhattan,gcompare,200,0,0,ok,22,-1,2082,781,862,23,439,1220,368648,0.647,0,0,0,0.000096000
246,247,3,astar,fast,manhattan,gcompare,200,0,0,ok,22,-1,914,341,366,8,207,548,368648,0.495,0,0,0,0.000037000
247,248,3,astar,fast,manhattan,gcompare,200,0,0,ok,28,-1,6891,2605,2925,104,1361,3966,376840,1.092,0,0,0,0.000380000
248,249,3,astar,fast,manhattan,gcompare,200,0,0,ok,28,-1,5433,2046,2286,100,1101,3147,376840,0.946,0,0,0,0.000288000
249,250,3,astar,fast,manhattan,gcompare,200,0,0,ok,28,-1,6641,2503,2826,88,1312,3815,376840,1.107,0,0,0,0.000365000
250,251,3,astar,fast,manhattan,gcompare,200,0,0,ok,26,-1,2703,1021,1111,31,571,1592,368648,0.690,0,0,0,0.000134000
251,252,3,astar,fast,manhattan,gcompare,200,0,0,ok,24,-1,1878,703,767,26,408,1111,368648,0.606,0,0,0,0.000084000
252,253,3,astar,fast,manhattan,gcompare,200,0,0,ok,24,-1,4140,1546,1701,36,893,2439,368648,0.863,0,0,0,0.000210000
253,254,3,astar,fast,manhattan,gcompare,200,0,0,ok,22,-1,1203,451,493,17,259,710,368648,0.532,0,0,0,0.000052000
254,255,3,astar,fast,manhattan,gcompare,200,0,0,ok,22,-1,1890,705,761,14,424,1129,368648,0.602,0,0,0,0.000082000
255,256,3,astar,fast,manhattan,gcompare,200,0,0,ok,20,-1,234,86,86,0,62,148,368648,0.391,0,0,0,0.000009000
256,257,3,astar,fast,manhattan,gcompare,200,0,0,ok,20,-1,417,155,163,4,99,254,368648,0.421,0,0,0,0.000018000
257,258,3,astar,fast,manhattan,gcompare,200,0,0,ok,24,-1,1914,714,768,19,432,1146,368648,0.591,0,0,0,0.000086000
258,259,3,astar,fast,manhattan,gcompare,200,0,0,ok,20,-1,596,221,241,9,134,355,368648,0.452,0,0,0,0.000024000
259,260,3,astar,fast,manhattan,gcompare,200,0,0,ok,28,-1,6855,2592,2864,102,1399,3991,376840,1.149,0,0,0,0.000380000
260,261,3,astar,fast,manhattan,gcompare,200,0,0,ok,26,-1,2366,898,977,39,491,1389,368648,0.661,0,0,0,0.000114000
261,262,3,astar,fast,manhattan,gcompare,200,0,0,ok,24,-1,2611,977,1071,27,563,1540,368648,0.684,0,0,0,0.000122000
262,263,3,astar,fast,manhattan,gcompare,200,0,0,ok,22,-1,1639,608,671,11,360,968,368648,0.580,0,0,0,0.000072000
263,264,3,astar,fast,manhattan,gcompare,200,0,0,ok,22,-1,984,371,399,14,214,585,368648,0.511,0,0,0,0.000042000
264,265,3,astar,fast,manhattan,gcompare,200,0,0,ok,22,-1,991,371,408,14,212,583,368648,0.500,0,0,0,0.000042000
265,266,3,astar,fast,manhattan,gcompare,200,0,0,ok,26,-1,3508,1319,1444,42,745,2064,368648,0.804,0,0,0,0.000171000
266,267,3,astar,fast,manhattan,gcompare,200,0,0,ok,26,-1,2192,829,893,23,470,1299,368648,0.628,0,0,0,0.000100000
267,268,3,astar,fast,manhattan,gcompare,200,0,0,ok,20,-1,184,69,70,1,45,114,368648,0.393,0,0,0,0.000007000
268,269,3,astar,fast,manhattan,gcompare,200,0,0,ok,24,-1,2034,764,831,20,439,1203,368648,0.624,0,0,0,0.000089000
269,270,3,astar,fast,manhattan,gcompare,200,0,0,ok,26,-1,3930,1483,1630,47,817,2300,368648,0.818,0,0,0,0.000195000
270,271,3,astar,fast,manhattan,gcompare,200,0,0,ok,24,-1,1606,602,648,18,356,958,368648,0.593,0,0,0,0.000070000
271,272,3,astar,fast,manhattan,gcompare,200,0,0,ok,18,-1,493,183,197,7,113,296,368648,0.453,0,0,0,0.000019000
272,273,3,astar,fast,manhattan,gcompare,200,0,0,ok,20,-1,1303,482,521,8,300,782,368648,0.572,0,0,0,0.000055000
273,274,3,astar,fast,manhattan,gcompare,200,0,0,ok,28,-1,6513,2456,2749,106,1308,3764,376840,1.102,0,0,0,0.000345000
274,275,3,astar,fast,manhattan,gcompare,200,0,0,ok,18,-1,240,89,96,4,55,144,368648,0.414,0,0,0,0.000009000
275,276,3,astar,fast,manhattan,gcompare,200,0,0,ok,26,-1,2590,974,1055,31,561,1535,368648,0.673,0,0,0,0.000119000
276,277,3,astar,fast,manhattan,gcompare,200,0,0,ok,22,-1,1179,442,479,11,258,700,368648,0.525,0,0,0,0.000057000
277,278,3,astar,fast,manhattan,gcompare,200,0,0,ok,24,-1,2337,872,956,31,509,1381,368648,0.652,0,0,0,0.000105000
278,279,3,astar,fast,manhattan,gcompare,200,0,0,ok,24,-1,2613,977,1072,27,564,1541,368648,0.698,0,0,0,0.000120000
279,280,3,astar,fast,manhattan,gcompare,200,0,0,ok,22,-1,1637,607,671,18,359,966,368648,0.587,0,0,0,0.000073000
280,281,3,astar,fast,manhattan,gcompare,200,0,0,ok,22,-1,575,217,225,4,133,350,368648,0.477,0,0,0,0.000023000
281,282,3,astar,fast,manhattan,gcompare,200,0,0,ok,26,-1,4178,1572,1720,60,886,2458,368648,0.848,0,0,0,0.000211000
282,283,3,astar,fast,manhattan,gcompare,200,0,0,ok,28,-1,3673,1395,1525,49,753,2148,368648,0.767,0,0,0,0.000184000
283,284,3,astar,fast,manhattan,gcompare,200,0,0,ok,28,-1,9050,3396,3850,145,1804,5200,409608,1.196,0,0,0,0.000546000
284,285,3,astar,fast,manhattan,gcompare,200,0,0,ok,24,-1,1565,586,643,24,336,922,368648,0.561,0,0,0,0.000069000
285,286,3,astar,fast,manhattan,gcompare,200,0,0,ok,22,-1,263,98,100,1,65,163,368648,0.405,0,0,0,0.000010000
286,287,3,astar,fast,manhattan,gcompare,200,0,0,ok,20,-1,592,222,233,1,137,359,368648,0.494,0,0,0,0.000025000
287,288,3,astar,fast,manhattan,gcompare,200,0,0,ok,24,-1,1975,739,809,19,427,1166,368648,0.616,0,0,0,0.000096000
288,289,3,astar,fast,manhattan,gcompare,200,0,0,ok,24,-1,2803,1047,1136,26,620,1667,368648,0.733,0,0,0,0.000134000
289,290,3,astar,fast,manhattan,gcompare,200,0,0,ok,20,-1,1126,418,457,14,251,669,368648,0.527,0,0,0,0.000047000
290,291,3,astar,fast,manhattan,gcompare,200,0,0,ok,20,-1,817,304,340,17,173,477,368648,0.496,0,0,0,0.000032000
291,292,3,astar,fast,manhattan,gcompare,200,0,0,ok,24,-1,2283,852,919,26,512,1364,368648,0.634,0,0,0,0.000102000
292,293,3,astar,fast,manhattan,gcompare,200,0,0,ok,24,-1,1142,429,465,14,248,677,368648,0.524,0,0,0,0.000048000
293,294,3,astar,fast,manhattan,gcompare,200,0,0,ok,16,-1,110,41,42,1,27,68,368648,0.394,0,0,0,0.000005000
294,295,3,astar,fast,manhattan,gcompare,200,0,0,ok,20,-1,548,205,213,4,130,335,368648,0.466,0,0,0,0.000023000
295,296,3,astar,fast,manhattan,gcompare,200,0,0,ok,20,-1,358,133,140,4,85,218,368648,0.431,0,0,0,0.000013000
296,297,3,astar,fast,manhattan,gcompare,200,0,0,ok,26,-1,2004,759,812,21,433,1192,368648,0.620,0,0,0,0.000087000
297,298,3,astar,fast,manhattan,gcompare,200,0,0,ok,22,-1,1011,377,396,9,238,615,368648,0.500,0,0,0,0.000039000
298,299,3,astar,fast,manhattan,gcompare,200,0,0,ok,18,-1,899,333,361,7,205,538,368648,0.500,0,0,0,0.000040000
299,300,3,astar,fast,manhattan,gcompare,200,0,0,ok,26,-1,3609,1359,1502,60,748,2107,368648,0.800,0,0,0,0.000180000
300,301,3,astar,fast,manhattan,gcompare,200,0,0,ok,18,-1,273,101,108,4,64,165,368648,0.419,0,0,0,0.000011000
301,302,3,astar,fast,manhattan,gcompare,200,0,0,ok,18,-1,357,132,147,4,78,210,368648,0.458,0,0,0,0.000014000
302,303,3,astar,fast,manhattan,gcompare,200,0,0,ok,22,-1,1954,729,797,19,428,1157,368648,0.623,0,0,0,0.000086000
303,304,3,astar,fast,manhattan,gcompare,200,0,0,ok,26,-1,3093,1171,1280,46,642,1813,368648,0.728,0,0,0,0.000141000
304,305,3,astar,fast,manhattan,gcompare,200,0,0,ok,22,-1,1483,557,610,18,316,873,368648,0.569,0,0,0,0.000062000
305,306,3,astar,fast,manhattan,gcompare,200,0,0,ok,24,-1,1498,562,613,23,323,885,368648,0.569,0,0,0,0.000065000
306,307,3,astar,fast,manhattan,gcompare,200,0,0,ok,20,-1,307,115,117,0,75,190,368648,0.441,0,0,0,0.000011000
307,308,3,astar,fast,manhattan,gcompare,200,0,0,ok,24,-1,2590,977,1082,33,531,1508,368648,0.693,0,0,0,0.000117000
308,309,3,astar,fast,manhattan,gcompare,200,0,0,ok,20,-1,880,330,354,4,196,526,368648,0.510,0,0,0,0.000035000
309,310,3,astar,fast,manhattan,gcompare,200,0,0,ok,22,-1,2318,864,947,14,507,1371,368648,0.648,0,0,0,0.000104000
310,311,3,astar,fast,manhattan,gcompare,200,0,0,ok,22,-1,3988,1483,1667,32,838,2321,368648,0.852,0,0,0,0.000190000
311,312,3,astar,fast,manhattan,gcompare,200,0,0,ok,26,-1,5046,1896,2104,69,1046,2942,376840,0.959,0,0,0,0.000257000
312,313,3,astar,fast,manhattan,gcompare,200,0,0,ok,18,-1,240,89,90,1,61,150,368648,0.410,0,0,0,0.000009000
313,314,3,astar,fast,manhattan,gcompare,200,0,0,ok,16,-1,145,53,54,1,38,91,368648,0.389,0,0,0,0.000006000
314,315,3,astar,fast,manhattan,gcompare,200,0,0,ok,22,-1,4016,1498,1692,48,826,2324,368648,0.853,0,0,0,0.000195000
315,316,3,astar,fast,manhattan,gcompare,200,0,0,ok,28,-1,7942,2996,3328,121,1618,4614,409608,1.158,0,0,0,0.000470000
316,317,3,astar,fast,manhattan,gcompare,200,0,0,ok,18,-1,365,135,145,5,85,220,368648,0.451,0,0,0,0.000015000
317,318,3,astar,fast,manhattan,gcompare,200,0,0,ok,22,-1,745,277,299,10,169,446,368648,0.470,0,0,0,0.000030000
318,319,3,astar,fast,manhattan,gcompare,200,0,0,ok,18,-1,153,56,59,2,38,94,368648,0.388,0,0,0,0.000007000
319,320,3,astar,fast,manhattan,gcompare,200,0,0,ok,18,-1,459,169,177,2,113,282,368648,0.443,0,0,0,0.000017000
320,321,3,astar,fast,manhattan,gcompare,200,0,0,ok,26,-1,3970,1488,1644,54,838,2326,368648,0.827,0,0,0,0.000199000
321,322,3,astar,fast,manhattan,gcompare,200,0,0,ok,24,-1,1836,688,737,17,411,1099,368648,0.602,0,0,0,0.000082000
322,323,3,astar,fast,manhattan,gcompare,200,0,0,ok,22,-1,2066,769,845,28,452,1221,368648,0.648,0,0,0,0.000093000
323,324,3,astar,fast,manhattan,gcompare,200,0,0,ok,22,-1,774,289,299,3,186,475,368648,0.454,0,0,0,0.000031000
324,325,3,astar,fast,manhattan,gcompare,200,0,0,ok,18,-1,307,113,120,3,74,187,368648,0.428,0,0,0,0.000012000
325,326,3,astar,fast,manhattan,gcompare,200,0,0,ok,24,-1,929,349,379,11,201,550,368648,0.536,0,0,0,0.000038000
326,327,3,astar,fast,manhattan,gcompare,200,0,0,ok,22,-1,1145,428,461,9,256,684,368648,0.507,0,0,0,0.000047000
327,328,3,astar,fast,manhattan,gcompare,200,0,0,ok,20,-1,1745,654,707,6,384,1038,368648,0.596,0,0,0,0.000075000
328,329,3,astar,fast,manhattan,gcompare,200,0,0,ok,22,-1,2017,755,814,9,448,1203,368648,0.638,0,0,0,0.000085000
329,330,3,astar,fast,manhattan,gcompare,200,0,0,ok,22,-1,633,238,251,7,144,382,368648,0.441,0,0,0,0.000023000
330,331,3,astar,fast,manhattan,gcompare,200,0,0,ok,18,-1,307,113,120,3,74,187,368648,0.428,0,0,0,0.000010000
331,332,3,astar,fast,manhattan,gcompare,200,0,0,ok,24,-1,2702,1012,1090,30,600,1612,368648,0.670,0,0,0,0.000124000
332,333,3,astar,fast,manhattan,gcompare,200,0,0,ok,14,-1,191,69,69,0,53,122,368648,0.379,0,0,0,0.000007000
333,334,3,astar,fast,manhattan,gcompare,200,0,0,ok,24,-1,3661,1367,1531,51,763,2130,368648,0.811,0,0,0,0.000178000
334,335,3,astar,fast,manhattan,gcompare,200,0,0,ok,26,-1,4188,1573,1742,62,873,2446,368648,0.846,0,0,0,0.000204000
335,336,3,astar,fast,manhattan,gcompare,200,0,0,ok,20,-1,1075,401,423,4,251,652,368648,0.508,0,0,0,0.000044000
336,337,3,astar,fast,manhattan,gcompare,200,0,0,ok,18,-1,1142,422,461,5,259,681,368648,0.541,0,0,0,0.000047000
337,338,3,astar,fast,manhattan,gcompare,200,0,0,ok,22,-1,196,73,73,0,50,123,368648,0.400,0,0,0,0.000008000
338,339,3,astar,fast,manhattan,gcompare,200,0,0,ok,22,-1,1214,451,486,13,277,728,368648,0.525,0,0,0,0.000052000
339,340,3,astar,fast,manhattan,gcompare,200,0,0,ok,26,-1,3030,1147,1259,42,624,1771,368648,0.742,0,0,0,0.000142000
340,341,3,astar,fast,manhattan,gcompare,200,0,0,ok,24,-1,2299,864,942,28,493,1357,368648,0.640,0,0,0,0.000102000
341,342,3,astar,fast,manhattan,gcompare,200,0,0,ok,22,-1,1530,570,614,11,346,916,368648,0.553,0,0,0,0.000066000
342,343,3,astar,fast,manhattan,gcompare,200,0,0,ok,26,-1,4070,1529,1719,53,822,2351,368648,0.822,0,0,0,0.000196000
343,344,3,astar,fast,manhattan,gcompare,200,0,0,ok,22,-1,1607,603,653,22,351,954,368648,0.565,0,0,0,0.000072000
344,345,3,astar,fast,manhattan,gcompare,200,0,0,ok,26,-1,8596,3227,3636,95,1733,4960,409608,1.188,0,0,0,0.000505000
345,346,3,astar,fast,manhattan,gcompare,200,0,0,ok,26,-1,2167,818,890,32,459,1277,368648,0.601,0,0,0,0.000099000
346,347,3,astar,fast,manhattan,gcompare,200,0,0,ok,18,-1,447,165,175,5,107,272,368648,0.435,0,0,0,0.000017000
347,348,3,astar,fast,manhattan,gcompare,200,0,0,ok,22,-1,1719,636,688,11,395,1031,368648,0.578,0,0,0,0.000075000
348,349,3,astar,fast,manhattan,gcompare,200,0,0,ok,24,-1,2827,1056,1177,43,594,1650,368648,0.707,0,0,0,0.000127000
349,350,3,astar,fast,manhattan,gcompare,200,0,0,ok,20,-1,1110,413,446,10,251,664,368648,0.521,0,0,0,0.000053000
350,351,3,astar,fast,manhattan,gcompare,200,0,0,ok,26,-1,4016,1509,1673,52,834,2343,368648,0.824,0,0,0,0.000197000
351,352,3,astar,fast,manhattan,gcompare,200,0,0,ok,20,-1,803,300,318,3,185,485,368648,0.460,0,0,0,0.000033000
352,353,3,astar,fast,manhattan,gcompare,200,0,0,ok,22,-1,1000,372,402,7,226,598,368648,0.506,0,0,0,0.000041000
353,354,3,astar,fast,manhattan,gcompare,200,0,0,ok,24,-1,2049,770,828,16,451,1221,368648,0.622,0,0,0,0.000090000
354,355,3,astar,fast,manhattan,gcompare,200,0,0,ok,24,-1,4250,1592,1779,52,879,2471,368648,0.895,0,0,0,0.000210000
355,356,3,astar,fast,manhattan,gcompare,200,0,0,ok,24,-1,2605,975,1055,27,575,1550,368648,0.712,0,0,0,0.000121000
356,357,3,astar,fast,manhattan,gcompare,200,0,0,ok,22,-1,628,237,240,0,151,388,368648,0.450,0,0,0,0.000024000
357,358,3,astar,fast,manhattan,gcompare,200,0,0,ok,22,-1,1774,669,733,23,372,1041,368648,0.635,0,0,0,0.000078000
358,359,3,astar,fast,manhattan,gcompare,200,0,0,ok,20,-1,847,319,343,5,185,504,368648,0.508,0,0,0,0.000034000
359,360,3,astar,fast,manhattan,gcompare,200,0,0,ok,22,-1,1296,483,520,11,293,776,368648,0.558,0,0,0,0.000058000
360,361,3,astar,fast,manhattan,gcompare,200,0,0,ok,16,-1,300,110,115,2,75,185,368648,0.425,0,0,0,0.000012000
361,362,3,astar,fast,manhattan,gcompare,200,0,0,ok,24,-1,969,365,386,8,218,583,368648,0.488,0,0,0,0.000038000
362,363,3,astar,fast,manhattan,gcompare,200,0,0,ok,22,-1,1982,734,799,8,449,1183,368648,0.645,0,0,0,0.000084000
363,364,3,astar,fast,manhattan,gcompare,200,0,0,ok,22,-1,1489,555,595,15,339,894,368648,0.550,0,0,0,0.000061000
364,365,3,astar,fast,manhattan,gcompare,200,0,0,ok,26,-1,4914,1836,2039,65,1039,2875,376840,0.947,0,0,0,0.000249000
365,366,3,astar,fast,manhattan,gcompare,200,0,0,ok,20,-1,364,133,142,5,89,222,368648,0.433,0,0,0,0.000014000
366,367,3,astar,fast,manhattan,gcompare,200,0,0,ok,22,-1,591,222,238,3,131,353,368648,0.476,0,0,0,0.000022000
367,368,3,astar,fast,manhattan,gcompare,200,0,0,ok,20,-1,162,60,59,0,43,103,368648,0.379,0,0,0,0.000006000
368,369,3,astar,fast,manhattan,gcompare,200,0,0,ok,18,-1,677,252,266,5,159,411,368648,0.448,0,0,0,0.000028000
369,370,3,astar,fast,manhattan,gcompare,200,0,0,ok,28,-1,6826,2583,2890,100,1353,3936,376840,1.111,0,0,0,0.000375000
370,371,3,astar,fast,manhattan,gcompare,200,0,0,ok,18,-1,754,280,300,4,174,454,368648,0.487,0,0,0,0.000031000
371,372,3,astar,fast,manhattan,gcompare,200,0,0,ok,20,-1,544,198,208,5,138,336,368648,0.435,0,0,0,0.000022000
372,373,3,astar,fast,manhattan,gcompare,200,0,0,ok,26,-1,1868,709,789,32,370,1079,368648,0.601,0,0,0,0.000083000
373,374,3,astar,fast,manhattan,gcompare,200,0,0,ok,22,-1,1115,416,444,9,255,671,368648,0.514,0,0,0,0.000045000
374,375,3,astar,fast,manhattan,gcompare,200,0,0,ok,20,-1,666,247,264,7,155,402,368648,0.474,0,0,0,0.000031000
375,376,3,astar,fast,manhattan,gcompare,200,0,0,ok,20,-1,616,229,243,6,144,373,368648,0.480,0,0,0,0.000026000
376,377,3,astar,fast,manhattan,gcompare,200,0,0,ok,28,-1,15666,5892,6764,255,3010,8902,819216,1.352,0,0,0,0.001033000
377,378,3,astar,fast,manhattan,gcompare,200,0,0,ok,22,-1,996,370,400,14,226,596,368648,0.517,0,0,0,0.000041000
378,379,3,astar,fast,manhattan,gcompare,200,0,0,ok,26,-1,4231,1599,1757,68,875,2474,368648,0.842,0,0,0,0.000227000
379,380,3,astar,fast,manhattan,gcompare,200,0,0,ok,22,-1,553,209,225,7,119,328,368648,0.447,0,0,0,0.000021000
380,381,3,astar,fast,manhattan,gcompare,200,0,0,ok,24,-1,2360,886,969,23,505,1391,368648,0.656,0,0,0,0.000109000
381,382,3,astar,fast,manhattan,gcompare,200,0,0,ok,20,-1,480,177,184,3,119,296,368648,0.438,0,0,0,0.000018000
382,383,3,astar,fast,manhattan,gcompare,200,0,0,ok,28,-1,6563,2495,2781,120,1287,3782,376840,1.072,0,0,0,0.000356000
383,384,3,astar,fast,manhattan,gcompare,200,0,0,ok,22,-1,1697,630,680,17,387,1017,368648,0.581,0,0,0,0.000085000
384,385,3,astar,fast,manhattan,gcompare,200,0,0,ok,22,-1,479,180,189,5,110,290,368648,0.458,0,0,0,0.000021000
385,386,3,astar,fast,manhattan,gcompare,200,0,0,ok,22,-1,1134,423,452,9,259,682,368648,0.541,0,0,0,0.000050000
386,387,3,astar,fast,manhattan,gcompare,200,0,0,ok,22,-1,1719,636,688,11,395,1031,368648,0.578,0,0,0,0.000078000
387,388,3,astar,fast,manhattan,gcompare,200,0,0,ok,18,-1,357,133,141,2,83,216,368648,0.421,0,0,0,0.000015000
388,389,3,astar,fast,manhattan,gcompare,200,0,0,ok,26,-1,2065,780,854,34,431,1211,368648,0.611,0,0,0,0.000097000
389,390,3,astar,fast,manhattan,gcompare,200,0,0,ok,24,-1,955,360,386,10,209,569,368648,0.495,0,0,0,0.000042000
390,391,3,astar,fast,manhattan,gcompare,200,0,0,ok,24,-1,6085,2273,2577,54,1235,3508,376840,1.069,0,0,0,0.000330000
391,392,3,astar,fast,manhattan,gcompare,200,0,0,ok,20,-1,870,323,346,7,201,524,368648,0.493,0,0,0,0.000041000
392,393,3,astar,fast,manhattan,gcompare,200,0,0,ok,26,-1,2854,1074,1170,31,610,1684,368648,0.710,0,0,0,0.000141000
393,394,3,astar,fast,manhattan,gcompare,200,0,0,ok,20,-1,784,292,312,7,180,472,368648,0.475,0,0,0,0.000038000
394,395,3,astar,fast,manhattan,gcompare,200,0,0,ok,22,-1,2425,904,982,13,539,1443,368648,0.708,0,0,0,0.000116000
395,396,3,astar,fast,manhattan,gcompare,200,0,0,ok,22,-1,1371,515,569,23,287,802,368648,0.556,0,0,0,0.000062000
396,397,3,astar,fast,manhattan,gcompare,200,0,0,ok,22,-1,1285,481,517,11,287,768,368648,0.558,0,0,0,0.000055000
397,398,3,astar,fast,manhattan,gcompare,200,0,0,ok,24,-1,2265,848,925,19,492,1340,368648,0.662,0,0,0,0.000105000
398,399,3,astar,fast,manhattan,gcompare,200,0,0,ok,20,-1,356,133,143,5,80,213,368648,0.423,0,0,0,0.000013000
399,400,3,astar,fast,manhattan,gcompare,200,0,0,ok,24,-1,1853,699,765,22,389,1088,368648,0.596,0,0,0,0.000083000
400,401,3,astar,fast,manhattan,gcompare,200,0,0,ok,18,-1,544,199,216,7,129,328,368648,0.470,0,0,0,0.000022000
401,402,3,astar,fast,manhattan,gcompare,200,0,0,ok,20,-1,378,141,145,2,92,233,368648,0.430,0,0,0,0.000015000
402,403,3,astar,fast,manhattan,gcompare,200,0,0,ok,24,-1,3706,1384,1541,42,781,2165,368648,0.806,0,0,0,0.000178000
403,404,3,astar,fast,manhattan,gcompare,200,0,0,ok,20,-1,760,282,298,3,180,462,368648,0.470,0,0,0,0.000031000
404,405,3,astar,fast,manhattan,gcompare,200,0,0,ok,18,-1,598,222,236,4,140,362,368648,0.471,0,0,0,0.000024000
405,406,3,astar,fast,manhattan,gcompare,200,0,0,ok,18,-1,539,202,217,8,120,322,368648,0.441,0,0,0,0.000022000
406,407,3,astar,fast,manhattan,gcompare,200,0,0,ok,22,-1,720,266,280,6,174,440,368648,0.467,0,0,0,0.000028000
407,408,3,astar,fast,manhattan,gcompare,200,0,0,ok,20,-1,749,278,301,7,170,448,368648,0.484,0,0,0,0.000036000
408,409,3,astar,fast,manhattan,gcompare,200,0,0,ok,22,-1,1472,548,599,19,325,873,368648,0.553,0,0,0,0.000064000
409,410,3,astar,fast,manhattan,gcompare,200,0,0,ok,24,-1,1991,744,826,35,421,1165,368648,0.603,0,0,0,0.000090000
410,411,3,astar,fast,manhattan,gcompare,200,0,0,ok,16,-1,424,157,164,3,103,260,368648,0.433,0,0,0,0.000017000
411,412,3,astar,fast,manhattan,gcompare,200,0,0,ok,12,-1,50,18,17,0,15,33,368648,0.347,0,0,0,0.000003000
412,413,3,astar,fast,manhattan,gcompare,200,0,0,ok,22,-1,808,301,315,7,192,493,368648,0.499,0,0,0,0.000033000
413,414,3,astar,fast,manhattan,gcompare,200,0,0,ok,24,-1,1590,599,644,17,347,946,368648,0.570,0,0,0,0.000070000
414,415,3,astar,fast,manhattan,gcompare,200,0,0,ok,24,-1,3071,1146,1258,37,667,1813,368648,0.750,0,0,0,0.000148000
415,416,3,astar,fast,manhattan,gcompare,200,0,0,ok,24,-1,2077,773,821,11,483,1256,368648,0.627,0,0,0,0.000092000
416,417,3,astar,fast,manhattan,gcompare,200,0,0,ok,22,-1,548,208,214,3,126,334,368648,0.457,0,0,0,0.000022000
417,418,3,astar,fast,manhattan,gcompare,200,0,0,ok,20,-1,788,294,310,4,184,478,368648,0.497,0,0,0,0.000031000
418,419,3,astar,fast,manhattan,gcompare,200,0,0,ok,20,-1,601,222,230,3,149,371,368648,0.432,0,0,0,0.000024000
419,420,3,astar,fast,manhattan,gcompare,200,0,0,ok,20,-1,861,322,339,1,200,522,368648,0.490,0,0,0,0.000034000
420,421,3,astar,fast,manhattan,gcompare,200,0,0,ok,20,-1,595,221,237,4,137,358,368648,0.476,0,0,0,0.000023000
421,422,3,astar,fast,manhattan,gcompare,200,0,0,ok,22,-1,2587,965,1053,15,569,1534,368648,0.701,0,0,0,0.000119000
422,423,3,astar,fast,manhattan,gcompare,200,0,0,ok,20,-1,392,147,158,5,87,234,368648,0.450,0,0,0,0.000015000
423,424,3,astar,fast,manhattan,gcompare,200,0,0,ok,20,-1,794,291,310,9,193,484,368648,0.465,0,0,0,0.000031000
424,425,3,astar,fast,manhattan,gcompare,200,0,0,ok,20,-1,869,326,348,8,195,521,368648,0.488,0,0,0,0.000033000
425,426,3,astar,fast,manhattan,gcompare,200,0,0,ok,24,-1,3227,1207,1344,40,676,1883,368648,0.780,0,0,0,0.000154000
426,427,3,astar,fast,manhattan,gcompare,200,0,0,ok,24,-1,3959,1485,1614,40,860,2345,368648,0.846,0,0,0,0.000191000
427,428,3,astar,fast,manhattan,gcompare,200,0,0,ok,18,-1,597,221,231,3,145,366,368648,0.468,0,0,0,0.000023000
428,429,3,astar,fast,manhattan,gcompare,200,0,0,ok,22,-1,1231,461,493,11,277,738,368648,0.528,0,0,0,0.000051000
429,430,3,astar,fast,manhattan,gcompare,200,0,0,ok,24,-1,2896,1078,1191,32,627,1705,368648,0.701,0,0,0,0.000135000
430,431,3,astar,fast,manhattan,gcompare,200,0,0,ok,24,-1,3937,1473,1605,39,859,2332,368648,0.815,0,0,0,0.000192000
431,432,3,astar,fast,manhattan,gcompare,200,0,0,ok,22,-1,712,264,276,5,172,436,368648,0.473,0,0,0,0.000030000
432,433,3,astar,fast,manhattan,gcompare,200,0,0,ok,28,-1,4581,1737,1917,71,927,2664,368648,0.876,0,0,0,0.000233000
433,434,3,astar,fast,manhattan,gcompare,200,0,0,ok,24,-1,825,313,330,8,182,495,368648,0.494,0,0,0,0.000034000
434,435,3,astar,fast,manhattan,gcompare,200,0,0,ok,20,-1,1987,741,813,16,433,1174,368648,0.609,0,0,0,0.000090000
435,436,3,astar,fast,manhattan,gcompare,200,0,0,ok,20,-1,768,285,304,5,179,464,368648,0.502,0,0,0,0.000032000
436,437,3,astar,fast,manhattan,gcompare,200,0,0,ok,22,-1,1020,382,404,7,234,616,368648,0.523,0,0,0,0.000043000
437,438,3,astar,fast,manhattan,gcompare,200,0,0,ok,20,-1,1090,409,440,10,241,650,368648,0.534,0,0,0,0.000043000
438,439,3,astar,fast,manhattan,gcompare,200,0,0,ok,22,-1,1490,558,606,18,326,884,368648,0.576,0,0,0,0.000065000
439,440,3,astar,fast,manhattan,gcompare,200,0,0,ok,24,-1,2950,1101,1228,35,621,1722,368648,0.730,0,0,0,0.000137000
440,441,3,astar,fast,manhattan,gcompare,200,0,0,ok,26,-1,4604,1734,1908,55,962,2696,368648,0.886,0,0,0,0.000233000
441,442,3,astar,fast,manhattan,gcompare,200,0,0,ok,22,-1,2615,976,1060,20,579,1555,368648,0.718,0,0,0,0.000127000
442,443,3,astar,fast,manhattan,gcompare,200,0,0,ok,24,-1,2166,812,875,18,479,1291,368648,0.632,0,0,0,0.000099000
443,444,3,astar,fast,manhattan,gcompare,200,0,0,ok,22,-1,955,358,380,6,217,575,368648,0.503,0,0,0,0.000038000
444,445,3,astar,fast,manhattan,gcompare,200,0,0,ok,26,-1,2696,1014,1118,37,564,1578,368648,0.678,0,0,0,0.000124000
445,446,3,astar,fast,manhattan,gcompare,200,0,0,ok,20,-1,227,83,85,1,59,142,368648,0.407,0,0,0,0.000008000
446,447,3,astar,fast,manhattan,gcompare,200,0,0,ok,28,-1,13257,4979,5694,206,2584,7563,425992,1.310,0,0,0,0.000829000
447,448,3,astar,fast,manhattan,gcompare,200,0,0,ok,22,-1,1744,648,693,13,403,1051,368648,0.587,0,0,0,0.000085000
448,449,3,astar,fast,manhattan,gcompare,200,0,0,ok,20,-1,1081,402,433,8,246,648,368648,0.528,0,0,0,0.000047000
449,450,3,astar,fast,manhattan,gcompare,200,0,0,ok,24,-1,2436,910,998,28,528,1438,368648,0.662,0,0,0,0.000114000
450,451,3,astar,fast,manhattan,gcompare,200,0,0,ok,22,-1,1680,624,665,11,391,1015,368648,0.581,0,0,0,0.000074000
451,452,3,astar,fast,manhattan,gcompare,200,0,0,ok,18,-1,182,67,66,0,49,116,368648,0.392,0,0,0,0.000008000
452,453,3,astar,fast,manhattan,gcompare,200,0,0,ok,26,-1,5904,2211,2493,77,1200,3411,376840,1.055,0,0,0,0.000321000
453,454,3,astar,fast,manhattan,gcompare,200,0,0,ok,26,-1,9362,3501,3956,133,1905,5406,409608,1.179,0,0,0,0.000572000
454,455,3,astar,fast,manhattan,gcompare,200,0,0,ok,24,-1,3452,1290,1419,37,743,2033,368648,0.797,0,0,0,0.000179000
455,456,3,astar,fast,manhattan,gcompare,200,0,0,ok,26,-1,4286,1618,1782,55,886,2504,368648,0.875,0,0,0,0.000224000
456,457,3,astar,fast,manhattan,gcompare,200,0,0,ok,26,-1,3350,1258,1378,46,714,1972,368648,0.761,0,0,0,0.000171000
457,458,3,astar,fast,manhattan,gcompare,200,0,0,ok,22,-1,1044,393,419,7,232,625,368648,0.515,0,0,0,0.000045000
458,459,3,astar,fast,manhattan,gcompare,200,0,0,ok,22,-1,1321,495,527,6,299,794,368648,0.566,0,0,0,0.000058000
459,460,3,astar,fast,manhattan,gcompare,200,0,0,ok,22,-1,1386,514,556,11,316,830,368648,0.541,0,0,0,0.000061000
460,461,3,astar,fast,manhattan,gcompare,200,0,0,ok,22,-1,1087,409,443,16,235,644,368648,0.516,0,0,0,0.000048000
461,462,3,astar,fast,manhattan,gcompare,200,0,0,ok,20,-1,513,190,200,4,123,313,368648,0.471,0,0,0,0.000021000
462,463,3,astar,fast,manhattan,gcompare,200,0,0,ok,24,-1,2100,787,841,19,472,1259,368648,0.621,0,0,0,0.000095000
463,464,3,astar,fast,manhattan,gcompare,200,0,0,ok,20,-1,751,278,299,6,174,452,368648,0.515,0,0,0,0.000031000
464,465,3,astar,fast,manhattan,gcompare,200,0,0,ok,18,-1,283,103,108,2,72,175,368648,0.418,0,0,0,0.000011000
465,466,3,astar,fast,manhattan,gcompare,200,0,0,ok,22,-1,758,283,300,5,175,458,368648,0.478,0,0,0,0.000031000
466,467,3,astar,fast,manhattan,gcompare,200,0,0,ok,20,-1,1330,493,537,14,300,793,368648,0.554,0,0,0,0.000056000
467,468,3,astar,fast,manhattan,gcompare,200,0,0,ok,24,-1,4341,1618,1803,48,920,2538,368648,0.881,0,0,0,0.000216000
468,469,3,astar,fast,manhattan,gcompare,200,0,0,ok,22,-1,2087,774,852,20,461,1235,368648,0.641,0,0,0,0.000098000
469,470,3,astar,fast,manhattan,gcompare,200,0,0,ok,22,-1,1197,449,480,12,268,717,368648,0.513,0,0,0,0.000053000
470,471,3,astar,fast,manhattan,gcompare,200,0,0,ok,22,-1,270,103,104,0,63,166,368648,0.405,0,0,0,0.000010000
471,472,3,astar,fast,manhattan,gcompare,200,0,0,ok,24,-1,3842,1437,1590,58,815,2252,368648,0.823,0,0,0,0.000190000
472,473,3,astar,fast,manhattan,gcompare,200,0,0,ok,24,-1,1240,465,496,4,279,744,368648,0.552,0,0,0,0.000053000
473,474,3,astar,fast,manhattan,gcompare,200,0,0,ok,24,-1,1048,398,429,13,221,619,368648,0.517,0,0,0,0.000046000
474,475,3,astar,fast,manhattan,gcompare,200,0,0,ok,24,-1,2644,985,1065,25,594,1579,368648,0.700,0,0,0,0.000122000
475,476,3,astar,fast,manhattan,gcompare,200,0,0,ok,26,-1,3649,1374,1533,67,742,2116,368648,0.775,0,0,0,0.000178000
476,477,3,astar,fast,manhattan,gcompare,200,0,0,ok,24,-1,4070,1524,1711,42,835,2359,368648,0.852,0,0,0,0.000200000
477,478,3,astar,fast,manhattan,gcompare,200,0,0,ok,22,-1,1057,392,421,12,244,636,368648,0.543,0,0,0,0.000049000
478,479,3,astar,fast,manhattan,gcompare,200,0,0,ok,18,-1,811,300,327,3,184,484,368648,0.511,0,0,0,0.000034000
479,480,3,astar,fast,manhattan,gcompare,200,0,0,ok,22,-1,890,333,355,8,202,535,368648,0.496,0,0,0,0.000036000
480,481,3,astar,fast,manhattan,gcompare,200,0,0,ok,18,-1,429,157,165,3,107,264,368648,0.444,0,0,0,0.000016000
481,482,3,astar,fast,manhattan,gcompare,200,0,0,ok,20,-1,1188,445,471,3,272,717,368648,0.550,0,0,0,0.000050000
482,483,3,astar,fast,manhattan,gcompare,200,0,0,ok,26,-1,7957,2973,3406,103,1578,4551,409608,1.177,0,0,0,0.000464000
483,484,3,astar,fast,manhattan,gcompare,200,0,0,ok,26,-1,6829,2556,2885,94,1388,3944,376840,1.153,0,0,0,0.000382000
484,485,3,astar,fast,manhattan,gcompare,200,0,0,ok,24,-1,2318,867,943,19,508,1375,368648,0.650,0,0,0,0.000117000
485,486,3,astar,fast,manhattan,gcompare,200,0,0,ok,20,-1,308,113,118,3,77,190,368648,0.420,0,0,0,0.000013000
486,487,3,astar,fast,manhattan,gcompare,200,0,0,ok,20,-1,376,141,152,6,83,224,368648,0.448,0,0,0,0.000015000
487,488,3,astar,fast,manhattan,gcompare,200,0,0,ok,18,-1,978,361,388,6,229,590,368648,0.498,0,0,0,0.000041000
488,489,3,astar,fast,manhattan,gcompare,200,0,0,ok,22,-1,707,267,276,0,164,431,368648,0.452,0,0,0,0.000028000
489,490,3,astar,fast,manhattan,gcompare,200,0,0,ok,20,-1,738,274,291,5,173,447,368648,0.493,0,0,0,0.000030000
490,491,3,astar,fast,manhattan,gcompare,200,0,0,ok,18,-1,496,183,191,1,122,305,368648,0.436,0,0,0,0.000019000
491,492,3,astar,fast,manhattan,gcompare,200,0,0,ok,24,-1,1339,503,539,14,297,800,368648,0.586,0,0,0,0.000058000
492,493,3,astar,fast,manhattan,gcompare,200,0,0,ok,22,-1,907,343,372,10,192,535,368648,0.494,0,0,0,0.000037000
493,494,3,astar,fast,manhattan,gcompare,200,0,0,ok,24,-1,3183,1188,1299,38,696,1884,368648,0.758,0,0,0,0.000152000
494,495,3,astar,fast,manhattan,gcompare,200,0,0,ok,18,-1,301,110,117,4,74,184,368648,0.413,0,0,0,0.000011000
495,496,3,astar,fast,manhattan,gcompare,200,0,0,ok,26,-1,6251,2335,2639,82,1277,3612,376840,1.069,0,0,0,0.000330000
496,497,3,astar,fast,manhattan,gcompare,200,0,0,ok,22,-1,172,64,63,0,45,109,368648,0.380,0,0,0,0.000007000
497,498,3,astar,fast,manhattan,gcompare,200,0,0,ok,24,-1,4634,1738,1903,42,993,2731,368648,0.932,0,0,0,0.000242000
498,499,3,astar,fast,manhattan,gcompare,200,0,0,ok,18,-1,259,98,101,2,60,158,368648,0.419,0,0,0,0.000010000
499,500,3,astar,fast,manhattan,gcompare,200,0,0,ok,22,-1,658,246,261,8,151,397,368648,0.466,0,0,0,0.000027000
0,1,3,astar,fast,manhattan,gcompare,201,0,0,ok,21,-1,1944,722,795,22,427,1149,368648,0.625,0,0,0,0.000103000
1,2,3,astar,fast,manhattan,gcompare,201,0,0,ok,23,-1,2881,1073,1163,16,645,1718,368648,0.710,0,0,0,0.000152000
2,3,3,astar,fast,manhattan,gcompare,201,0,0,ok,19,-1,484,179,186,3,119,298,368648,0.460,0,0,0,0.000025000
3,4,3,astar,fast,manhattan,gcompare,201,0,0,ok,21,-1,566,214,224,5,128,342,368648,0.473,0,0,0,0.000024000
4,5,3,astar,fast,manhattan,gcompare,201,0,0,ok,23,-1,334,125,132,4,77,202,368648,0.465,0,0,0,0.000015000
5,6,3,astar,fast,manhattan,gcompare,201,0,0,ok,21,-1,1687,626,694,27,367,993,368648,0.584,0,0,0,0.000076000
6,7,3,astar,fast,manhattan,gcompare,201,0,0,ok,19,-1,446,166,173,3,107,273,368648,0.418,0,0,0,0.000018000
7,8,3,astar,fast,manhattan,gcompare,201,0,0,ok,21,-1,887,329,352,6,206,535,368648,0.527,0,0,0,0.000039000
8,9,3,astar,fast,manhattan,gcompare,201,0,0,ok,21,-1,1675,623,676,6,376,999,368648,0.602,0,0,0,0.000074000
9,10,3,astar,fast,manhattan,gcompare,201,0,0,ok,29,-1,16927,6348,7382,266,3197,9545,819216,1.359,0,0,0,0.001208000
10,11,3,astar,fast,manhattan,gcompare,201,0,0,ok,21,-1,1812,673,730,7,409,1082,368648,0.630,0,0,0,0.000088000
11,12,3,astar,fast,manhattan,gcompare,201,0,0,ok,23,-1,1487,558,605,19,324,882,368648,0.554,0,0,0,0.000069000
12,13,3,astar,fast,manhattan,gcompare,201,0,0,ok,19,-1,463,170,175,3,118,288,368648,0.418,0,0,0,0.000020000
13,14,3,astar,fast,manhattan,gcompare,201,0,0,ok,21,-1,1209,451,486,6,272,723,368648,0.553,0,0,0,0.000055000
14,15,3,astar,fast,manhattan,gcompare,201,0,0,ok,25,-1,3123,1176,1300,54,647,1823,368648,0.744,0,0,0,0.000155000
15,16,3,astar,fast,manhattan,gcompare,201,0,0,ok,23,-1,2153,810,878,18,465,1275,368648,0.622,0,0,0,0.000102000
16,17,3,astar,fast,manhattan,gcompare,201,0,0,ok,21,-1,499,187,195,3,117,304,368648,0.422,0,0,0,0.000020000
17,18,3,astar,fast,manhattan,gcompare,201,0,0,ok,21,-1,530,198,207,4,125,323,368648,0.452,0,0,0,0.000021000
18,19,3,astar,fast,manhattan,gcompare,201,0,0,ok,21,-1,1651,617,697,21,337,954,368648,0.590,0,0,0,0.000076000
19,20,3,astar,fast,manhattan,gcompare,201,0,0,ok,23,-1,1627,609,670,18,348,957,368648,0.582,0,0,0,0.000078000
20,21,3,astar,fast,manhattan,gcompare,201,0,0,ok,23,-1,3315,1239,1391,37,685,1924,368648,0.784,0,0,0,0.000166000
21,22,3,astar,fast,manhattan,gcompare,201,0,0,ok,21,-1,786,294,311,6,181,475,368648,0.469,0,0,0,0.000036000
22,23,3,astar,fast,manhattan,gcompare,201,0,0,ok,25,-1,3032,1138,1253,45,641,1779,368648,0.709,0,0,0,0.000147000
23,24,3,astar,fast,manhattan,gcompare,201,0,0,ok,17,-1,320,115,120,2,85,200,368648,0.423,0,0,0,0.000014000
24,25,3,astar,fast,manhattan,gcompare,201,0,0,ok,27,-1,3916,1481,1611,40,824,2305,368648,0.828,0,0,0,0.000204000
25,26,3,astar,fast,manhattan,gcompare,201,0,0,ok,21,-1,1595,592,651,15,352,944,368648,0.592,0,0,0,0.000073000
26,27,3,astar,fast,manhattan,gcompare,201,0,0,ok,19,-1,517,191,203,3,123,314,368648,0.434,0,0,0,0.000021000
27,28,3,astar,fast,manhattan,gcompare,201,0,0,ok,15,-1,86,31,30,0,25,56,368648,0.365,0,0,0,0.000004000
28,29,3,astar,fast,manhattan,gcompare,201,0,0,ok,21,-1,407,151,158,3,98,249,368648,0.416,0,0,0,0.000016000
29,30,3,astar,fast,manhattan,gcompare,201,0,0,ok,21,-1,1004,375,397,2,232,607,368648,0.497,0,0,0,0.000042000
30,31,3,astar,fast,manhattan,gcompare,201,0,0,ok,25,-1,1316,493,521,10,302,795,368648,0.526,0,0,0,0.000057000
31,32,3,astar,fast,manhattan,gcompare,201,0,0,ok,21,-1,869,323,339,4,207,530,368648,0.498,0,0,0,0.000036000
32,33,3,astar,fast,manhattan,gcompare,201,0,0,ok,27,-1,3568,1350,1460,43,758,2108,368648,0.754,0,0,0,0.000175000
33,34,3,astar,fast,manhattan,gcompare,201,0,0,ok,25,-1,3503,1316,1415,26,772,2088,368648,0.803,0,0,0,0.000175000
34,35,3,astar,fast,manhattan,gcompare,201,0,0,ok,27,-1,20340,7631,8943,298,3766,11397,819216,1.365,0,0,0,0.001363000
35,36,3,astar,fast,manhattan,gcompare,201,0,0,ok,23,-1,2017,758,829,15,430,1188,368648,0.611,0,0,0,0.000099000
36,37,3,astar,fast,manhattan,gcompare,201,0,0,ok,19,-1,494,182,191,4,121,303,368648,0.432,0,0,0,0.000021000
37,38,3,astar,fast,manhattan,gcompare,201,0,0,ok,23,-1,1214,454,484,13,276,730,368648,0.521,0,0,0,0.000056000
38,39,3,astar,fast,manhattan,gcompare,201,0,0,ok,23,-1,1064,398,418,7,248,646,368648,0.513,0,0,0,0.000047000
39,40,3,astar,fast,manhattan,gcompare,201,0,0,ok,17,-1,203,75,77,1,51,126,368648,0.406,0,0,0,0.000009000
40,41,3,astar,fast,manhattan,gcompare,201,0,0,ok,21,-1,1254,462,495,8,297,759,368648,0.553,0,0,0,0.000053000
41,42,3,astar,fast,manhattan,gcompare,201,0,0,ok,25,-1,5943,2228,2511,71,1204,3432,376840,1.036,0,0,0,0.000332000
42,43,3,astar,fast,manhattan,gcompare,201,0,0,ok,21,-1,1026,381,416,14,229,610,368648,0.520,0,0,0,0.000047000
43,44,3,astar,fast,manhattan,gcompare,201,0,0,ok,27,-1,9473,3558,4025,133,1890,5448,409608,1.194,0,0,0,0.000575000
44,45,3,astar,fast,manhattan,gcompare,201,0,0,ok,19,-1,145,54,53,0,38,92,368648,0.403,0,0,0,0.000006000
45,46,3,astar,fast,manhattan,gcompare,201,0,0,ok,23,-1,1251,468,512,16,271,739,368648,0.542,0,0,0,0.000059000
46,47,3,astar,fast,manhattan,gcompare,201,0,0,ok,19,-1,315,118,121,2,76,194,368648,0.436,0,0,0,0.000013000
47,48,3,astar,fast,manhattan,gcompare,201,0,0,ok,17,-1,353,129,134,1,90,219,368648,0.429,0,0,0,0.000017000
48,49,3,astar,fast,manhattan,gcompare,201,0,0,ok,27,-1,4515,1703,1872,58,940,2643,368648,0.873,0,0,0,0.000243000
49,50,3,astar,fast,manhattan,gcompare,201,0,0,ok,25,-1,1424,540,584,14,300,840,368648,0.569,0,0,0,0.000062000
50,51,3,astar,fast,manhattan,gcompare,201,0,0,ok,17,-1,436,161,175,3,100,261,368648,0.441,0,0,0,0.000016000
51,52,3,astar,fast,manhattan,gcompare,201,0,0,ok,19,-1,379,141,145,0,93,234,368648,0.421,0,0,0,0.000014000
52,53,3,astar,fast,manhattan,gcompare,201,0,0,ok,25,-1,3123,1171,1274,27,678,1849,368648,0.749,0,0,0,0.000151000
53,54,3,astar,fast,manhattan,gcompare,201,0,0,ok,19,-1,598,222,245,10,131,353,368648,0.471,0,0,0,0.000024000
54,55,3,astar,fast,manhattan,gcompare,201,0,0,ok,19,-1,1012,375,403,2,234,609,368648,0.546,0,0,0,0.000042000
55,56,3,astar,fast,manhattan,gcompare,201,0,0,ok,19,-1,491,179,186,0,126,305,368648,0.424,0,0,0,0.000018000
56,57,3,astar,fast,manhattan,gcompare,201,0,0,ok,25,-1,4290,1609,1784,39,897,2506,368648,0.869,0,0,0,0.000213000
57,58,3,astar,fast,manhattan,gcompare,201,0,0,ok,25,-1,4791,1796,1997,77,998,2794,368648,0.902,0,0,0,0.000259000
58,59,3,astar,fast,manhattan,gcompare,201,0,0,ok,19,-1,765,282,307,7,176,458,368648,0.499,0,0,0,0.000032000
59,60,3,astar,fast,manhattan,gcompare,201,0,0,ok,21,-1,2224,822,883,10,519,1341,368648,0.674,0,0,0,0.000111000
60,61,3,astar,fast,manhattan,gcompare,201,0,0,ok,19,-1,357,132,136,1,89,221,368648,0.424,0,0,0,0.000015000
61,62,3,astar,fast,manhattan,gcompare,201,0,0,ok,21,-1,1312,492,540,14,280,772,368648,0.584,0,0,0,0.000057000
62,63,3,astar,fast,manhattan,gcompare,201,0,0,ok,25,-1,1730,651,695,21,384,1035,368648,0.617,0,0,0,0.000080000
63,64,3,astar,fast,manhattan,gcompare,201,0,0,ok,25,-1,4694,1752,1957,61,985,2737,368648,0.913,0,0,0,0.000244000
64,65,3,astar,fast,manhattan,gcompare,201,0,0,ok,21,-1,621,231,240,5,150,381,368648,0.460,0,0,0,0.000026000
65,66,3,astar,fast,manhattan,gcompare,201,0,0,ok,19,-1,757,281,303,5,173,454,368648,0.478,0,0,0,0.000035000
66,67,3,astar,fast,manhattan,gcompare,201,0,0,ok,17,-1,910,338,373,5,199,537,368648,0.507,0,0,0,0.000038000
67,68,3,astar,fast,manhattan,gcompare,201,0,0,ok,25,-1,2296,859,927,22,510,1369,368648,0.641,0,0,0,0.000107000
68,69,3,astar,fast,manhattan,gcompare,201,0,0,ok,21,-1,555,208,218,3,129,337,368648,0.480,0,0,0,0.000022000
69,70,3,astar,fast,manhattan,gcompare,201,0,0,ok,27,-1,5560,2098,2333,92,1129,3227,376840,0.992,0,0,0,0.000302000
70,71,3,astar,fast,manhattan,gcompare,201,0,0,ok,21,-1,3276,1212,1331,24,733,1945,368648,0.772,0,0,0,0.000164000
71,72,3,astar,fast,manhattan,gcompare,201,0,0,ok,19,-1,550,205,219,6,126,331,368648,0.463,0,0,0,0.000023000
72,73,3,astar,fast,manhattan,gcompare,201,0,0,ok,13,-1,51,18,17,0,16,34,368648,0.340,0,0,0,0.000002000
73,74,3,astar,fast,manhattan,gcompare,201,0,0,ok,19,-1,628,235,250,8,143,378,368648,0.472,0,0,0,0.000026000
74,75,3,astar,fast,manhattan,gcompare,201,0,0,ok,15,-1,167,60,61,1,46,106,368648,0.373,0,0,0,0.000007000
75,76,3,astar,fast,manhattan,gcompare,201,0,0,ok,27,-1,4612,1742,1916,55,954,2696,368648,0.895,0,0,0,0.000240000
76,77,3,astar,fast,manhattan,gcompare,201,0,0,ok,15,-1,291,108,112,0,71,179,368648,0.397,0,0,0,0.000012000
77,78,3,astar,fast,manhattan,gcompare,201,0,0,ok,25,-1,2178,822,885,21,471,1293,368648,0.643,0,0,0,0.000105000
78,79,3,astar,fast,manhattan,gcompare,201,0,0,ok,21,-1,947,356,370,5,221,577,368648,0.515,0,0,0,0.000039000
79,80,3,astar,fast,manhattan,gcompare,201,0,0,ok,27,-1,8051,3023,3419,108,1609,4632,409608,1.171,0,0,0,0.000475000
80,81,3,astar,fast,manhattan,gcompare,201,0,0,ok,23,-1,2974,1104,1222,25,648,1752,368648,0.742,0,0,0,0.000154000
81,82,3,astar,fast,manhattan,gcompare,201,0,0,ok,17,-1,279,101,108,4,70,171,368648,0.410,0,0,0,0.000013000
82,83,3,astar,fast,manhattan,gcompare,201,0,0,ok,23,-1,1596,599,641,12,356,955,368648,0.572,0,0,0,0.000074000
83,84,3,astar,fast,manhattan,gcompare,201,0,0,ok,19,-1,1683,623,675,5,385,1008,368648,0.597,0,0,0,0.000075000
84,85,3,astar,fast,manhattan,gcompare,201,0,0,ok,23,-1,1479,551,587,11,341,892,368648,0.547,0,0,0,0.000068000
85,86,3,astar,fast,manhattan,gcompare,201,0,0,ok,25,-1,4815,1800,1989,51,1026,2826,376840,0.940,0,0,0,0.000248000
86,87,3,astar,fast,manhattan,gcompare,201,0,0,ok,25,-1,4094,1535,1700,50,859,2394,368648,0.842,0,0,0,0.000234000
87,88,3,astar,fast,manhattan,gcompare,201,0,0,ok,21,-1,1505,563,614,22,328,891,368648,0.587,0,0,0,0.000074000
88,89,3,astar,fast,manhattan,gcompare,201,0,0,ok,23,-1,3204,1197,1314,35,693,1890,368648,0.755,0,0,0,0.000160000
89,90,3,astar,fast,manhattan,gcompare,201,0,0,ok,25,-1,4658,1747,1950,49,961,2708,368648,0.914,0,0,0,0.000241000
90,91,3,astar,fast,manhattan,gcompare,201,0,0,ok,17,-1,283,103,107,1,73,176,368648,0.415,0,0,0,0.000012000
91,92,3,astar,fast,manhattan,gcompare,201,0,0,ok,25,-1,2306,867,935,29,504,1371,368648,0.655,0,0,0,0.000109000
92,93,3,astar,fast,manhattan,gcompare,201,0,0,ok,25,-1,6956,2601,2964,108,1391,3992,376840,1.182,0,0,0,0.000392000
93,94,3,astar,fast,manhattan,gcompare,201,0,0,ok,23,-1,2945,1101,1225,24,619,1720,368648,0.750,0,0,0,0.000150000
94,95,3,astar,fast,manhattan,gcompare,201,0,0,ok,25,-1,3703,1394,1532,40,777,2171,368648,0.807,0,0,0,0.000192000
95,96,3,astar,fast,manhattan,gcompare,201,0,0,ok,23,-1,1496,562,612,16,322,884,368648,0.572,0,0,0,0.000076000
96,97,3,astar,fast,manhattan,gcompare,201,0,0,ok,27,-1,7540,2840,3202,107,1498,4338,409608,1.167,0,0,0,0.000456000
97,98,3,astar,fast,manhattan,gcompare,201,0,0,ok,19,-1,1302,481,520,7,301,782,368648,0.575,0,0,0,0.000061000
98,99,3,astar,fast,manhattan,gcompare,201,0,0,ok,21,-1,655,244,255,5,156,400,368648,0.422,0,0,0,0.000028000
99,100,3,astar,fast,manhattan,gcompare,201,0,0,ok,25,-1,2063,785,851,19,427,1212,368648,0.607,0,0,0,0.000100000
100,101,3,astar,fast,manhattan,gcompare,201,0,0,ok,17,-1,389,144,154,6,91,235,368648,0.456,0,0,0,0.000017000
101,102,3,astar,fast,manhattan,gcompare,201,0,0,ok,25,-1,3844,1435,1606,54,803,2238,368648,0.807,0,0,0,0.000197000
102,103,3,astar,fast,manhattan,gcompare,201,0,0,ok,21,-1,840,315,332,7,193,508,368648,0.492,0,0,0,0.000037000
103,104,3,astar,fast,manhattan,gcompare,201,0,0,ok,19,-1,662,244,271,13,147,391,368648,0.470,0,0,0,0.000027000
104,105,3,astar,fast,manhattan,gcompare,201,0,0,ok,25,-1,3370,1252,1403,61,715,1967,368648,0.771,0,0,0,0.000174000
105,106,3,astar,fast,manhattan,gcompare,201,0,0,ok,21,-1,894,334,363,6,197,531,368648,0.512,0,0,0,0.000040000
106,107,3,astar,fast,manhattan,gcompare,201,0,0,ok,15,-1,78,28,27,0,23,51,368648,0.351,0,0,0,0.000003000
107,108,3,astar,fast,manhattan,gcompare,201,0,0,ok,23,-1,1777,670,719,22,388,1058,368648,0.557,0,0,0,0.000086000
108,109,3,astar,fast,manhattan,gcompare,201,0,0,ok,23,-1,3141,1165,1275,25,701,1866,368648,0.739,0,0,0,0.000152000
109,110,3,astar,fast,manhattan,gcompare,201,0,0,ok,19,-1,706,262,281,6,163,425,368648,0.488,0,0,0,0.000030000
110,111,3,astar,fast,manhattan,gcompare,201,0,0,ok,25,-1,4454,1673,1868,52,913,2586,368648,0.892,0,0,0,0.000223000
111,112,3,astar,fast,manhattan,gcompare,201,0,0,ok,25,-1,3659,1375,1528,45,756,2131,368648,0.809,0,0,0,0.000192000
112,113,3,astar,fast,manhattan,gcompare,201,0,0,ok,19,-1,115,42,41,0,32,74,368648,0.386,0,0,0,0.000005000
113,114,3,astar,fast,manhattan,gcompare,201,0,0,ok,25,-1,3505,1309,1448,48,748,2057,368648,0.772,0,0,0,0.000174000
114,115,3,astar,fast,manhattan,gcompare,201,0,0,ok,21,-1,1683,627,697,21,359,986,368648,0.579,0,0,0,0.000080000
115,116,3,astar,fast,manhattan,gcompare,201,0,0,ok,21,-1,841,313,337,8,191,504,368648,0.488,0,0,0,0.000036000
116,117,3,astar,fast,manhattan,gcompare,201,0,0,ok,21,-1,587,219,232,3,136,355,368648,0.464,0,0,0,0.000024000
117,118,3,astar,fast,manhattan,gcompare,201,0,0,ok,23,-1,961,362,381,9,218,580,368648,0.501,0,0,0,0.000041000
118,119,3,astar,fast,manhattan,gcompare,201,0,0,ok,23,-1,1774,663,735,28,376,1039,368648,0.575,0,0,0,0.000077000
119,120,3,astar,fast,manhattan,gcompare,201,0,0,ok,23,-1,3160,1176,1279,23,705,1881,368648,0.761,0,0,0,0.000153000
120,121,3,astar,fast,manhattan,gcompare,201,0,0,ok,17,-1,459,169,178,5,112,281,368648,0.450,0,0,0,0.000019000
121,122,3,astar,fast,manhattan,gcompare,201,0,0,ok,15,-1,176,64,65,1,47,111,368648,0.394,0,0,0,0.000007000
122,123,3,astar,fast,manhattan,gcompare,201,0,0,ok,23,-1,3583,1338,1475,32,770,2108,368648,0.828,0,0,0,0.000174000
123,124,3,astar,fast,manhattan,gcompare,201,0,0,ok,23,-1,5062,1888,2124,60,1050,2938,376840,0.975,0,0,0,0.000275000
124,125,3,astar,fast,manhattan,gcompare,201,0,0,ok,23,-1,1052,397,424,12,231,628,368648,0.513,0,0,0,0.000045000
125,126,3,astar,fast,manhattan,gcompare,201,0,0,ok,21,-1,1272,473,504,11,295,768,368648,0.529,0,0,0,0.000054000
126,127,3,astar,fast,manhattan,gcompare,201,0,0,ok,23,-1,1321,490,538,12,293,783,368648,0.557,0,0,0,0.000055000
127,128,3,astar,fast,manhattan,gcompare,201,0,0,ok,23,-1,2045,768,824,20,453,1221,368648,0.628,0,0,0,0.000092000
128,129,3,astar,fast,manhattan,gcompare,201,0,0,ok,25,-1,3241,1217,1355,50,669,1886,368648,0.760,0,0,0,0.000151000
129,130,3,astar,fast,manhattan,gcompare,201,0,0,ok,21,-1,493,183,197,7,113,296,368648,0.441,0,0,0,0.000019000
130,131,3,astar,fast,manhattan,gcompare,201,0,0,ok,19,-1,588,220,234,5,134,354,368648,0.453,0,0,0,0.000023000
131,132,3,astar,fast,manhattan,gcompare,201,0,0,ok,25,-1,5574,2088,2335,88,1151,3239,376840,0.976,0,0,0,0.000291000
132,133,3,astar,fast,manhattan,gcompare,201,0,0,ok,19,-1,688,255,273,5,160,415,368648,0.485,0,0,0,0.000030000
133,134,3,astar,fast,manhattan,gcompare,201,0,0,ok,19,-1,624,232,246,4,146,378,368648,0.457,0,0,0,0.000025000
134,135,3,astar,fast,manhattan,gcompare,201,0,0,ok,25,-1,1910,719,777,23,414,1133,368648,0.595,0,0,0,0.000088000
135,136,3,astar,fast,manhattan,gcompare,201,0,0,ok,23,-1,3450,1289,1437,36,724,2013,368648,0.778,0,0,0,0.000168000
136,137,3,astar,fast,manhattan,gcompare,201,0,0,ok,17,-1,115,42,42,0,31,73,368648,0.377,0,0,0,0.000005000
137,138,3,astar,fast,manhattan,gcompare,201,0,0,ok,17,-1,114,41,40,0,33,74,368648,0.354,0,0,0,0.000005000
138,139,3,astar,fast,manhattan,gcompare,201,0,0,ok,25,-1,2257,846,919,28,492,1338,368648,0.632,0,0,0,0.000104000
139,140,3,astar,fast,manhattan,gcompare,201,0,0,ok,21,-1,1481,554,601,18,326,880,368648,0.536,0,0,0,0.000062000
140,141,3,astar,fast,manhattan,gcompare,201,0,0,ok,25,-1,5121,1922,2158,68,1041,2963,376840,0.968,0,0,0,0.000260000
141,142,3,astar,fast,manhattan,gcompare,201,0,0,ok,23,-1,1121,422,464,11,235,657,368648,0.520,0,0,0,0.000047000
142,143,3,astar,fast,manhattan,gcompare,201,0,0,ok,25,-1,5581,2084,2334,55,1163,3247,376840,1.016,0,0,0,0.000297000
143,144,3,astar,fast,manhattan,gcompare,201,0,0,ok,21,-1,1166,431,472,17,263,694,368648,0.543,0,0,0,0.000053000
144,145,3,astar,fast,manhattan,gcompare,201,0,0,ok,21,-1,423,158,163,2,102,260,368648,0.434,0,0,0,0.000017000
145,146,3,astar,fast,manhattan,gcompare,201,0,0,ok,19,-1,438,160,167,3,111,271,368648,0.419,0,0,0,0.000016000
146,147,3,astar,fast,manhattan,gcompare,201,0,0,ok,23,-1,1896,708,768,25,420,1128,368648,0.576,0,0,0,0.000086000
147,148,3,astar,fast,manhattan,gcompare,201,0,0,ok,27,-1,4858,1833,2010,58,1015,2848,368648,0.918,0,0,0,0.000253000
148,149,3,astar,fast,manhattan,gcompare,201,0,0,ok,27,-1,4237,1601,1771,64,865,2466,368648,0.847,0,0,0,0.000213000
149,150,3,astar,fast,manhattan,gcompare,201,0,0,ok,23,-1,5232,1956,2193,54,1083,3039,376840,0.989,0,0,0,0.000271000
150,151,3,astar,fast,manhattan,gcompare,201,0,0,ok,23,-1,2473,918,1014,25,541,1459,368648,0.687,0,0,0,0.000118000
151,152,3,astar,fast,manhattan,gcompare,201,0,0,ok,23,-1,1860,700,755,19,405,1105,368648,0.606,0,0,0,0.000085000
152,153,3,astar,fast,manhattan,gcompare,201,0,0,ok,23,-1,2318,864,946,18,508,1372,368648,0.644,0,0,0,0.000105000
153,154,3,astar,fast,manhattan,gcompare,201,0,0,ok,21,-1,616,231,245,6,140,371,368648,0.457,0,0,0,0.000025000
154,155,3,astar,fast,manhattan,gcompare,201,0,0,ok,27,-1,3846,1453,1612,53,781,2234,368648,0.807,0,0,0,0.000194000
155,156,3,astar,fast,manhattan,gcompare,201,0,0,ok,21,-1,1640,609,647,12,384,993,368648,0.563,0,0,0,0.000072000
156,157,3,astar,fast,manhattan,gcompare,201,0,0,ok,25,-1,2331,882,954,20,495,1377,368648,0.658,0,0,0,0.000102000
157,158,3,astar,fast,manhattan,gcompare,201,0,0,ok,13,-1,197,72,74,1,51,123,368648,0.413,0,0,0,0.000008000
158,159,3,astar,fast,manhattan,gcompare,201,0,0,ok,23,-1,2132,795,855,18,482,1277,368648,0.635,0,0,0,0.000098000
159,160,3,astar,fast,manhattan,gcompare,201,0,0,ok,19,-1,1161,430,464,9,267,697,368648,0.508,0,0,0,0.000049000
160,161,3,astar,fast,manhattan,gcompare,201,0,0,ok,19,-1,71,26,25,0,20,46,368648,0.357,0,0,0,0.000003000
161,162,3,astar,fast,manhattan,gcompare,201,0,0,ok,13,-1,40,13,12,0,15,28,368648,0.308,0,0,0,0.000001000
162,163,3,astar,fast,manhattan,gcompare,201,0,0,ok,23,-1,2540,953,1051,38,536,1489,368648,0.677,0,0,0,0.000116000
163,164,3,astar,fast,manhattan,gcompare,201,0,0,ok,23,-1,1553,585,630,13,338,923,368648,0.573,0,0,0,0.000066000
164,165,3,astar,fast,manhattan,gcompare,201,0,0,ok,21,-1,1344,502,535,9,307,809,368648,0.552,0,0,0,0.000058000
165,166,3,astar,fast,manhattan,gcompare,201,0,0,ok,19,-1,661,244,259,4,158,402,368648,0.450,0,0,0,0.000026000
166,167,3,astar,fast,manhattan,gcompare,201,0,0,ok,25,-1,8167,3063,3504,125,1600,4663,409608,1.179,0,0,0,0.000480000
167,168,3,astar,fast,manhattan,gcompare,201,0,0,ok,25,-1,1314,496,528,14,290,786,368648,0.558,0,0,0,0.000059000
168,169,3,astar,fast,manhattan,gcompare,201,0,0,ok,23,-1,2256,846,926,21,484,1330,368648,0.661,0,0,0,0.000107000
169,170,3,astar,fast,manhattan,gcompare,201,0,0,ok,21,-1,729,271,289,7,169,440,368648,0.481,0,0,0,0.000029000
170,171,3,astar,fast,manhattan,gcompare,201,0,0,ok,25,-1,2833,1067,1149,24,617,1684,368648,0.695,0,0,0,0.000133000
171,172,3,astar,fast,manhattan,gcompare,201,0,0,ok,21,-1,349,130,132,1,87,217,368648,0.417,0,0,0,0.000013000
172,173,3,astar,fast,manhattan,gcompare,201,0,0,ok,19,-1,1083,401,433,8,249,650,368648,0.522,0,0,0,0.000046000
173,174,3,astar,fast,manhattan,gcompare,201,0,0,ok,23,-1,4525,1688,1906,44,931,2619,368648,0.899,0,0,0,0.000233000
174,175,3,astar,fast,manhattan,gcompare,201,0,0,ok,25,-1,5164,1931,2138,54,1095,3026,376840,0.972,0,0,0,0.000268000
175,176,3,astar,fast,manhattan,gcompare,201,0,0,ok,25,-1,2055,771,844,26,440,1211,368648,0.639,0,0,0,0.000094000
176,177,3,astar,fast,manhattan,gcompare,201,0,0,ok,23,-1,1552,584,630,22,338,922,368648,0.578,0,0,0,0.000069000
177,178,3,astar,fast,manhattan,gcompare,201,0,0,ok,27,-1,11380,4272,4829,133,2279,6551,425992,1.238,0,0,0,0.000676000
178,179,3,astar,fast,manhattan,gcompare,201,0,0,ok,19,-1,527,196,205,3,126,322,368648,0.475,0,0,0,0.000023000
179,180,3,astar,fast,manhattan,gcompare,201,0,0,ok,21,-1,1391,516,564,12,311,827,368648,0.542,0,0,0,0.000059000
180,181,3,astar,fast,manhattan,gcompare,201,0,0,ok,25,-1,1451,549,584,10,318,867,368648,0.566,0,0,0,0.000065000
181,182,3,astar,fast,manhattan,gcompare,201,0,0,ok,21,-1,1095,411,443,8,241,652,368648,0.529,0,0,0,0.000045000
182,183,3,astar,fast,manhattan,gcompare,201,0,0,ok,27,-1,9596,3602,4043,109,1951,5553,409608,1.187,0,0,0,0.000561000
183,184,3,astar,fast,manhattan,gcompare,201,0,0,ok,21,-1,723,265,286,10,172,437,368648,0.468,0,0,0,0.000031000
184,185,3,astar,fast,manhattan,gcompare,201,0,0,ok,15,-1,166,62,61,0,43,105,368648,0.388,0,0,0,0.000007000
185,186,3,astar,fast,manhattan,gcompare,201,0,0,ok,21,-1,561,210,222,5,129,339,368648,0.468,0,0,0,0.000022000
186,187,3,astar,fast,manhattan,gcompare,201,0,0,ok,21,-1,775,290,306,7,179,469,368648,0.464,0,0,0,0.000031000
187,188,3,astar,fast,manhattan,gcompare,201,0,0,ok,25,-1,4801,1804,1993,51,1004,2808,368648,0.927,0,0,0,0.000270000
188,189,3,astar,fast,manhattan,gcompare,201,0,0,ok,27,-1,6981,2625,2981,123,1375,4000,376840,1.108,0,0,0,0.000404000
189,190,3,astar,fast,manhattan,gcompare,201,0,0,ok,25,-1,6480,2425,2721,102,1334,3759,376840,1.106,0,0,0,0.000371000
190,191,3,astar,fast,manhattan,gcompare,201,0,0,ok,23,-1,1663,624,698,25,341,965,368648,0.596,0,0,0,0.000084000
191,192,3,astar,fast,manhattan,gcompare,201,0,0,ok,25,-1,4747,1776,1988,67,983,2759,368648,0.915,0,0,0,0.000311000
192,193,3,astar,fast,manhattan,gcompare,201,0,0,ok,23,-1,2419,899,990,26,530,1429,368648,0.660,0,0,0,0.000120000
193,194,3,astar,fast,manhattan,gcompare,201,0,0,ok,21,-1,1961,724,786,8,451,1175,368648,0.639,0,0,0,0.000091000
194,195,3,astar,fast,manhattan,gcompare,201,0,0,ok,27,-1,5805,2187,2388,55,1230,3417,376840,1.028,0,0,0,0.000337000
195,196,3,astar,fast,manhattan,gcompare,201,0,0,ok,19,-1,134,50,51,1,33,83,368648,0.414,0,0,0,0.000006000
196,197,3,astar,fast,manhattan,gcompare,201,0,0,ok,23,-1,1800,673,737,25,390,1063,368648,0.602,0,0,0,0.000082000
197,198,3,astar,fast,manhattan,gcompare,201,0,0,ok,17,-1,211,79,79,0,53,132,368648,0.424,0,0,0,0.000008000
198,199,3,astar,fast,manhattan,gcompare,201,0,0,ok,21,-1,904,334,369,13,201,535,368648,0.492,0,0,0,0.000038000
199,200,3,astar,fast,manhattan,gcompare,201,0,0,ok,15,-1,219,80,83,2,56,136,368648,0.390,0,0,0,0.000009000
200,201,3,astar,fast,manhattan,gcompare,201,0,0,ok,27,-1,7137,2681,2994,89,1462,4143,409608,1.149,0,0,0,0.000427000
201,202,3,astar,fast,manhattan,gcompare,201,0,0,ok,21,-1,651,239,254,5,158,397,368648,0.475,0,0,0,0.000029000
202,203,3,astar,fast,manhattan,gcompare,201,0,0,ok,17,-1,505,187,198,3,120,307,368648,0.431,0,0,0,0.000020000
203,204,3,astar,fast,manhattan,gcompare,201,0,0,ok,25,-1,4084,1528,1692,41,864,2392,368648,0.853,0,0,0,0.000206000
204,205,3,astar,fast,manhattan,gcompare,201,0,0,ok,29,-1,16280,6130,7044,289,3106,9236,819216,1.307,0,0,0,0.001062000
205,206,3,astar,fast,manhattan,gcompare,201,0,0,ok,17,-1,160,59,60,1,41,100,368648,0.390,0,0,0,0.000007000
206,207,3,astar,fast,manhattan,gcompare,201,0,0,ok,25,-1,1744,658,710,22,376,1034,368648,0.574,0,0,0,0.000083000
207,208,3,astar,fast,manhattan,gcompare,201,0,0,ok,23,-1,1063,398,417,8,248,646,368648,0.502,0,0,0,0.000047000
208,209,3,astar,fast,manhattan,gcompare,201,0,0,ok,21,-1,725,271,292,9,162,433,368648,0.503,0,0,0,0.000031000
209,210,3,astar,fast,manhattan,gcompare,201,0,0,ok,23,-1,1378,515,546,6,317,832,368648,0.542,0,0,0,0.000058000
210,211,3,astar,fast,manhattan,gcompare,201,0,0,ok,19,-1,1107,411,445,9,251,662,368648,0.496,0,0,0,0.000046000
211,212,3,astar,fast,manhattan,gcompare,201,0,0,ok,23,-1,1470,551,602,19,317,868,368648,0.551,0,0,0,0.000061000
212,213,3,astar,fast,manhattan,gcompare,201,0,0,ok,21,-1,1774,660,729,20,385,1045,368648,0.597,0,0,0,0.000080000
213,214,3,astar,fast,manhattan,gcompare,201,0,0,ok,17,-1,320,117,123,3,80,197,368648,0.423,0,0,0,0.000011000
214,215,3,astar,fast,manhattan,gcompare,201,0,0,ok,23,-1,795,298,324,10,173,471,368648,0.477,0,0,0,0.000032000
215,216,3,astar,fast,manhattan,gcompare,201,0,0,ok,21,-1,1537,574,622,14,341,915,368648,0.555,0,0,0,0.000064000
216,217,3,astar,fast,manhattan,gcompare,201,0,0,ok,23,-1,1139,426,458,10,255,681,368648,0.522,0,0,0,0.000048000
217,218,3,astar,fast,manhattan,gcompare,201,0,0,ok,27,-1,5686,2144,2364,74,1178,3322,376840,0.999,0,0,0,0.000309000
218,219,3,astar,fast,manhattan,gcompare,201,0,0,ok,17,-1,540,199,213,5,128,327,368648,0.464,0,0,0,0.000023000
219,220,3,astar,fast,manhattan,gcompare,201,0,0,ok,17,-1,240,87,88,0,65,152,368648,0.393,0,0,0,0.000009000
220,221,3,astar,fast,manhattan,gcompare,201,0,0,ok,25,-1,2715,1027,1135,32,553,1580,368648,0.724,0,0,0,0.000132000
221,222,3,astar,fast,manhattan,gcompare,201,0,0,ok,25,-1,2868,1078,1190,31,600,1678,368648,0.747,0,0,0,0.000141000
222,223,3,astar,fast,manhattan,gcompare,201,0,0,ok,25,-1,2393,904,992,35,497,1401,368648,0.648,0,0,0,0.000111000
223,224,3,astar,fast,manhattan,gcompare,201,0,0,ok,15,-1,322,118,121,0,83,201,368648,0.439,0,0,0,0.000013000
224,225,3,astar,fast,manhattan,gcompare,201,0,0,ok,23,-1,1247,468,501,14,278,746,368648,0.552,0,0,0,0.000053000
225,226,3,astar,fast,manhattan,gcompare,201,0,0,ok,25,-1,2503,947,1037,40,519,1466,368648,0.671,0,0,0,0.000119000
226,227,3,astar,fast,manhattan,gcompare,201,0,0,ok,23,-1,3414,1275,1399,27,740,2015,368648,0.756,0,0,0,0.000163000
227,228,3,astar,fast,manhattan,gcompare,201,0,0,ok,25,-1,1148,434,473,15,241,675,368648,0.528,0,0,0,0.000047000
228,229,3,astar,fast,manhattan,gcompare,201,0,0,ok,17,-1,188,69,69,0,50,119,368648,0.396,0,0,0,0.000007000
229,230,3,astar,fast,manhattan,gcompare,201,0,0,ok,21,-1,1054,395,424,11,235,630,368648,0.540,0,0,0,0.000044000
230,231,3,astar,fast,manhattan,gcompare,201,0,0,ok,25,-1,3024,1154,1248,38,622,1776,368648,0.695,0,0,0,0.000145000
231,232,3,astar,fast,manhattan,gcompare,201,0,0,ok,21,-1,1113,414,443,10,256,670,368648,0.528,0,0,0,0.000048000
232,233,3,astar,fast,manhattan,gcompare,201,0,0,ok,27,-1,6390,2401,2691,101,1298,3699,376840,1.077,0,0,0,0.000348000
233,234,3,astar,fast,manhattan,gcompare,201,0,0,ok,21,-1,1872,693,758,18,421,1114,368648,0.625,0,0,0,0.000088000
234,235,3,astar,fast,manhattan,gcompare,201,0,0,ok,21,-1,1027,385,409,8,233,618,368648,0.492,0,0,0,0.000042000
235,236,3,astar,fast,manhattan,gcompare,201,0,0,ok,21,-1,931,348,378,12,205,553,368648,0.511,0,0,0,0.000039000
236,237,3,astar,fast,manhattan,gcompare,201,0,0,ok,27,-1,7645,2877,3251,119,1517,4394,409608,1.162,0,0,0,0.000442000
237,238,3,astar,fast,manhattan,gcompare,201,0,0,ok,21,-1,1444,537,588,15,319,856,368648,0.560,0,0,0,0.000063000
238,239,3,astar,fast,manhattan,gcompare,201,0,0,ok,19,-1,438,162,169,2,107,269,368648,0.432,0,0,0,0.000016000
239,240,3,astar,fast,manhattan,gcompare,201,0,0,ok,25,-1,2692,1015,1095,25,582,1597,368648,0.691,0,0,0,0.000126000
240,241,3,astar,fast,manhattan,gcompare,201,0,0,ok,19,-1,589,220,232,2,137,357,368648,0.473,0,0,0,0.000022000
241,242,3,astar,fast,manhattan,gcompare,201,0,0,ok,17,-1,115,41,41,1,33,74,368648,0.386,0,0,0,0.000005000
242,243,3,astar,fast,manhattan,gcompare,201,0,0,ok,23,-1,2783,1048,1134,30,601,1649,368648,0.715,0,0,0,0.000128000
243,244,3,astar,fast,manhattan,gcompare,201,0,0,ok,23,-1,3348,1257,1380,37,711,1968,368648,0.772,0,0,0,0.000164000
244,245,3,astar,fast,manhattan,gcompare,201,0,0,ok,15,-1,255,94,98,2,63,157,368648,0.429,0,0,0,0.000010000
245,246,3,astar,fast,manhattan,gcompare,201,0,0,ok,23,-1,3322,1242,1386,41,694,1936,368648,0.776,0,0,0,0.000158000
246,247,3,astar,fast,manhattan,gcompare,201,0,0,ok,21,-1,552,205,220,7,127,332,368648,0.446,0,0,0,0.000021000
247,248,3,astar,fast,manhattan,gcompare,201,0,0,ok,27,-1,11352,4275,4867,191,2210,6485,425992,1.211,0,0,0,0.000682000
248,249,3,astar,fast,manhattan,gcompare,201,0,0,ok,29,-1,7125,2701,3041,143,1383,4084,376840,1.104,0,0,0,0.000403000
249,250,3,astar,fast,manhattan,gcompare,201,0,0,ok,29,-1,12483,4718,5446,205,2319,7037,425992,1.257,0,0,0,0.000756000
250,251,3,astar,fast,manhattan,gcompare,201,0,0,ok,25,-1,1857,703,754,15,400,1103,368648,0.611,0,0,0,0.000088000
251,252,3,astar,fast,manhattan,gcompare,201,0,0,ok,23,-1,1143,427,464,14,252,679,368648,0.529,0,0,0,0.000049000
252,253,3,astar,fast,manhattan,gcompare,201,0,0,ok,23,-1,3150,1173,1276,23,701,1874,368648,0.752,0,0,0,0.000155000
253,254,3,astar,fast,manhattan,gcompare,201,0,0,ok,23,-1,1463,551,605,20,307,858,368648,0.566,0,0,0,0.000065000
254,255,3,astar,fast,manhattan,gcompare,201,0,0,ok,21,-1,1525,566,612,11,347,913,368648,0.558,0,0,0,0.000069000
255,256,3,astar,fast,manhattan,gcompare,201,0,0,ok,21,-1,377,140,142,1,95,235,368648,0.436,0,0,0,0.000014000
256,257,3,astar,fast,manhattan,gcompare,201,0,0,ok,21,-1,515,191,214,11,110,301,368648,0.449,0,0,0,0.000022000
257,258,3,astar,fast,manhattan,gcompare,201,0,0,ok,23,-1,669,251,259,4,159,410,368648,0.436,0,0,0,0.000025000
258,259,3,astar,fast,manhattan,gcompare,201,0,0,ok,19,-1,508,188,204,8,116,304,368648,0.448,0,0,0,0.000019000
259,260,3,astar,fast,manhattan,gcompare,201,0,0,ok,27,-1,5747,2160,2390,84,1197,3357,376840,1.031,0,0,0,0.000361000
260,261,3,astar,fast,manhattan,gcompare,201,0,0,ok,27,-1,3671,1395,1531,64,745,2140,368648,0.799,0,0,0,0.000197000
261,262,3,astar,fast,manhattan,gcompare,201,0,0,ok,23,-1,2337,874,952,22,511,1385,368648,0.658,0,0,0,0.000114000
262,263,3,astar,fast,manhattan,gcompare,201,0,0,ok,21,-1,1211,448,490,9,273,721,368648,0.542,0,0,0,0.000053000
263,264,3,astar,fast,manhattan,gcompare,201,0,0,ok,23,-1,1657,622,674,24,361,983,368648,0.592,0,0,0,0.000077000
264,265,3,astar,fast,manhattan,gcompare,201,0,0,ok,21,-1,682,254,276,9,152,406,368648,0.476,0,0,0,0.000028000
265,266,3,astar,fast,manhattan,gcompare,201,0,0,ok,25,-1,2330,869,946,26,515,1384,368648,0.675,0,0,0,0.000108000
266,267,3,astar,fast,manhattan,gcompare,201,0,0,ok,27,-1,4381,1656,1833,63,892,2548,368648,0.857,0,0,0,0.000225000
267,268,3,astar,fast,manhattan,gcompare,201,0,0,ok,19,-1,153,57,56,0,40,97,368648,0.382,0,0,0,0.000007000
268,269,3,astar,fast,manhattan,gcompare,201,0,0,ok,25,-1,4271,1604,1791,55,876,2480,368648,0.878,0,0,0,0.000225000
269,270,3,astar,fast,manhattan,gcompare,201,0,0,ok,25,-1,2936,1104,1216,33,616,1720,368648,0.706,0,0,0,0.000147000
270,271,3,astar,fast,manhattan,gcompare,201,0,0,ok,25,-1,2226,836,915,28,475,1311,368648,0.655,0,0,0,0.000115000
271,272,3,astar,fast,manhattan,gcompare,201,0,0,ok,17,-1,262,97,98,1,67,164,368648,0.414,0,0,0,0.000011000
272,273,3,astar,fast,manhattan,gcompare,201,0,0,ok,19,-1,795,294,313,6,188,482,368648,0.518,0,0,0,0.000035000
273,274,3,astar,fast,manhattan,gcompare,201,0,0,ok,27,-1,5482,2067,2313,83,1102,3169,376840,0.995,0,0,0,0.000293000
274,275,3,astar,fast,manhattan,gcompare,201,0,0,ok,17,-1,193,71,78,4,44,115,368648,0.406,0,0,0,0.000008000
275,276,3,astar,fast,manhattan,gcompare,201,0,0,ok,25,-1,1623,612,671,26,340,952,368648,0.583,0,0,0,0.000076000
276,277,3,astar,fast,manhattan,gcompare,201,0,0,ok,21,-1,793,297,319,9,177,474,368648,0.485,0,0,0,0.000033000
277,278,3,astar,fast,manhattan,gcompare,201,0,0,ok,25,-1,2827,1055,1183,51,589,1644,368648,0.705,0,0,0,0.000139000
278,279,3,astar,fast,manhattan,gcompare,201,0,0,ok,23,-1,3666,1377,1526,43,763,2140,368648,0.805,0,0,0,0.000195000
279,280,3,astar,fast,manhattan,gcompare,201,0,0,ok,21,-1,1354,506,555,12,293,799,368648,0.564,0,0,0,0.000089000
280,281,3,astar,fast,manhattan,gcompare,201,0,0,ok,21,-1,409,154,159,3,96,250,368648,0.456,0,0,0,0.000016000
281,282,3,astar,fast,manhattan,gcompare,201,0,0,ok,25,-1,2315,871,946,32,498,1369,368648,0.650,0,0,0,0.000190000
282,283,3,astar,fast,manhattan,gcompare,201,0,0,ok,27,-1,2741,1040,1139,37,562,1602,368648,0.683,0,0,0,0.000133000
283,284,3,astar,fast,manhattan,gcompare,201,0,0,ok,27,-1,6937,2607,2946,116,1384,3991,376840,1.165,0,0,0,0.000461000
284,285,3,astar,fast,manhattan,gcompare,201,0,0,ok,25,-1,2860,1074,1182,44,604,1678,368648,0.727,0,0,0,0.000144000
285,286,3,astar,fast,manhattan,gcompare,201,0,0,ok,23,-1,586,220,246,13,120,340,368648,0.470,0,0,0,0.000025000
286,287,3,astar,fast,manhattan,gcompare,201,0,0,ok,21,-1,1016,378,411,6,227,605,368648,0.548,0,0,0,0.000046000
287,288,3,astar,fast,manhattan,gcompare,201,0,0,ok,25,-1,3612,1352,1475,39,785,2137,368648,0.801,0,0,0,0.000183000
288,289,3,astar,fast,manhattan,gcompare,201,0,0,ok,25,-1,3892,1459,1603,40,830,2289,368648,0.845,0,0,0,0.000200000
289,290,3,astar,fast,manhattan,gcompare,201,0,0,ok,21,-1,1598,594,653,15,351,945,368648,0.574,0,0,0,0.000073000
290,291,3,astar,fast,manhattan,gcompare,201,0,0,ok,21,-1,771,287,315,12,169,456,368648,0.486,0,0,0,0.000032000
291,292,3,astar,fast,manhattan,gcompare,201,0,0,ok,23,-1,2284,853,912,25,519,1372,368648,0.646,0,0,0,0.000105000
292,293,3,astar,fast,manhattan,gcompare,201,0,0,ok,23,-1,673,252,275,7,146,398,368648,0.460,0,0,0,0.000027000
293,294,3,astar,fast,manhattan,gcompare,201,0,0,ok,17,-1,145,55,56,1,34,89,368648,0.403,0,0,0,0.000006000
294,295,3,astar,fast,manhattan,gcompare,201,0,0,ok,19,-1,505,189,195,3,121,310,368648,0.468,0,0,0,0.000021000
295,296,3,astar,fast,manhattan,gcompare,201,0,0,ok,21,-1,583,217,234,9,132,349,368648,0.466,0,0,0,0.000023000
296,297,3,astar,fast,manhattan,gcompare,201,0,0,ok,25,-1,1442,546,579,16,317,863,368648,0.556,0,0,0,0.000063000
297,298,3,astar,fast,manhattan,gcompare,201,0,0,ok,21,-1,713,266,276,5,171,437,368648,0.466,0,0,0,0.000028000
298,299,3,astar,fast,manhattan,gcompare,201,0,0,ok,17,-1,751,277,301,5,173,450,368648,0.497,0,0,0,0.000031000
299,300,3,astar,fast,manhattan,gcompare,201,0,0,ok,27,-1,6693,2528,2816,117,1349,3877,376840,1.123,0,0,0,0.000374000
300,301,3,astar,fast,manhattan,gcompare,201,0,0,ok,19,-1,326,121,130,5,75,196,368648,0.434,0,0,0,0.000015000
301,302,3,astar,fast,manhattan,gcompare,201,0,0,ok,19,-1,652,245,266,8,141,386,368648,0.502,0,0,0,0.000029000
302,303,3,astar,fast,manhattan,gcompare,201,0,0,ok,21,-1,1332,495,542,14,295,790,368648,0.552,0,0,0,0.000058000
303,304,3,astar,fast,manhattan,gcompare,201,0,0,ok,27,-1,4322,1635,1792,59,895,2530,368648,0.848,0,0,0,0.000220000
304,305,3,astar,fast,manhattan,gcompare,201,0,0,ok,23,-1,2537,955,1049,27,533,1488,368648,0.679,0,0,0,0.000121000
305,306,3,astar,fast,manhattan,gcompare,201,0,0,ok,23,-1,1217,456,493,16,268,724,368648,0.540,0,0,0,0.000052000
306,307,3,astar,fast,manhattan,gcompare,201,0,0,ok,19,-1,203,76,75,0,52,128,368648,0.441,0,0,0,0.000008000
307,308,3,astar,fast,manhattan,gcompare,201,0,0,ok,23,-1,1627,611,660,17,356,967,368648,0.568,0,0,0,0.000071000
308,309,3,astar,fast,manhattan,gcompare,201,0,0,ok,19,-1,750,280,301,4,169,449,368648,0.498,0,0,0,0.000031000
309,310,3,astar,fast,manhattan,gcompare,201,0,0,ok,21,-1,2330,870,953,17,507,1377,368648,0.657,0,0,0,0.000108000
310,311,3,astar,fast,manhattan,gcompare,201,0,0,ok,23,-1,4089,1522,1721,27,846,2368,368648,0.875,0,0,0,0.000201000
311,312,3,astar,fast,manhattan,gcompare,201,0,0,ok,25,-1,3428,1289,1409,38,730,2019,368648,0.796,0,0,0,0.000181000
312,313,3,astar,fast,manhattan,gcompare,201,0,0,ok,19,-1,325,121,123,1,81,202,368648,0.432,0,0,0,0.000013000
313,314,3,astar,fast,manhattan,gcompare,201,0,0,ok,17,-1,269,100,103,1,66,166,368648,0.437,0,0,0,0.000011000
314,315,3,astar,fast,manhattan,gcompare,201,0,0,ok,23,-1,4379,1638,1841,52,900,2538,368648,0.902,0,0,0,0.000227000
315,316,3,astar,fast,manhattan,gcompare,201,0,0,ok,27,-1,6081,2290,2533,92,1258,3548,376840,1.049,0,0,0,0.000342000
316,317,3,astar,fast,manhattan,gcompare,201,0,0,ok,19,-1,508,188,204,9,116,304,368648,0.489,0,0,0,0.000022000
317,318,3,astar,fast,manhattan,gcompare,201,0,0,ok,21,-1,630,234,245,5,151,385,368648,0.456,0,0,0,0.000025000
318,319,3,astar,fast,manhattan,gcompare,201,0,0,ok,17,-1,123,45,46,1,32,77,368648,0.377,0,0,0,0.000005000
319,320,3,astar,fast,manhattan,gcompare,201,0,0,ok,17,-1,366,135,136,1,95,230,368648,0.425,0,0,0,0.000014000
320,321,3,astar,fast,manhattan,gcompare,201,0,0,ok,25,-1,2690,1009,1115,44,566,1575,368648,0.710,0,0,0,0.000129000
321,322,3,astar,fast,manhattan,gcompare,201,0,0,ok,23,-1,1177,443,474,13,260,703,368648,0.548,0,0,0,0.000048000
322,323,3,astar,fast,manhattan,gcompare,201,0,0,ok,23,-1,2760,1033,1129,33,598,1631,368648,0.722,0,0,0,0.000132000
323,324,3,astar,fast,manhattan,gcompare,201,0,0,ok,23,-1,1241,459,485,6,297,756,368648,0.515,0,0,0,0.000053000
324,325,3,astar,fast,manhattan,gcompare,201,0,0,ok,19,-1,329,122,129,3,78,200,368648,0.436,0,0,0,0.000013000
325,326,3,astar,fast,manhattan,gcompare,201,0,0,ok,23,-1,808,304,328,9,176,480,368648,0.517,0,0,0,0.000033000
326,327,3,astar,fast,manhattan,gcompare,201,0,0,ok,21,-1,1023,378,403,5,242,620,368648,0.498,0,0,0,0.000042000
327,328,3,astar,fast,manhattan,gcompare,201,0,0,ok,21,-1,2838,1061,1159,23,618,1679,368648,0.693,0,0,0,0.000132000
328,329,3,astar,fast,manhattan,gcompare,201,0,0,ok,21,-1,1449,538,575,7,336,874,368648,0.573,0,0,0,0.000061000
329,330,3,astar,fast,manhattan,gcompare,201,0,0,ok,23,-1,726,274,289,8,163,437,368648,0.447,0,0,0,0.000030000
330,331,3,astar,fast,manhattan,gcompare,201,0,0,ok,19,-1,355,131,140,4,84,215,368648,0.438,0,0,0,0.000013000
331,332,3,astar,fast,manhattan,gcompare,201,0,0,ok,23,-1,2201,823,879,25,499,1322,368648,0.631,0,0,0,0.000098000
332,333,3,astar,fast,manhattan,gcompare,201,0,0,ok,13,-1,139,51,50,0,38,89,368648,0.377,0,0,0,0.000006000
333,334,3,astar,fast,manhattan,gcompare,201,0,0,ok,23,-1,1800,674,736,23,390,1064,368648,0.596,0,0,0,0.000081000
334,335,3,astar,fast,manhattan,gcompare,201,0,0,ok,25,-1,3248,1219,1355,54,674,1893,368648,0.741,0,0,0,0.000153000
335,336,3,astar,fast,manhattan,gcompare,201,0,0,ok,19,-1,744,275,287,2,182,457,368648,0.463,0,0,0,0.000031000
336,337,3,astar,fast,manhattan,gcompare,201,0,0,ok,17,-1,824,305,325,4,194,499,368648,0.502,0,0,0,0.000033000
337,338,3,astar,fast,manhattan,gcompare,201,0,0,ok,23,-1,555,207,215,3,133,340,368648,0.428,0,0,0,0.000021000
338,339,3,astar,fast,manhattan,gcompare,201,0,0,ok,21,-1,1047,385,414,12,248,633,368648,0.507,0,0,0,0.000043000
339,340,3,astar,fast,manhattan,gcompare,201,0,0,ok,25,-1,2363,889,957,27,517,1406,368648,0.652,0,0,0,0.000106000
340,341,3,astar,fast,manhattan,gcompare,201,0,0,ok,25,-1,4211,1588,1753,47,870,2458,368648,0.866,0,0,0,0.000209000
341,342,3,astar,fast,manhattan,gcompare,201,0,0,ok,23,-1,2860,1070,1168,21,622,1692,368648,0.720,0,0,0,0.000136000
342,343,3,astar,fast,manhattan,gcompare,201,0,0,ok,25,-1,3375,1266,1429,45,680,1946,368648,0.761,0,0,0,0.000167000
343,344,3,astar,fast,manhattan,gcompare,201,0,0,ok,21,-1,1025,383,425,19,217,600,368648,0.516,0,0,0,0.000044000
344,345,3,astar,fast,manhattan,gcompare,201,0,0,ok,25,-1,5247,1965,2172,46,1110,3075,376840,0.961,0,0,0,0.000273000
345,346,3,astar,fast,manhattan,gcompare,201,0,0,ok,27,-1,2581,979,1065,37,537,1516,368648,0.645,0,0,0,0.000120000
346,347,3,astar,fast,manhattan,gcompare,201,0,0,ok,19,-1,904,337,371,13,196,533,368648,0.494,0,0,0,0.000037000
347,348,3,astar,fast,manhattan,gcompare,201,0,0,ok,23,-1,2963,1107,1225,27,631,1738,368648,0.737,0,0,0,0.000143000
348,349,3,astar,fast,manhattan,gcompare,201,0,0,ok,23,-1,1397,523,569,13,305,828,368648,0.548,0,0,0,0.000061000
349,350,3,astar,fast,manhattan,gcompare,201,0,0,ok,19,-1,580,216,230,5,134,350,368648,0.451,0,0,0,0.000024000
350,351,3,astar,fast,manhattan,gcompare,201,0,0,ok,25,-1,3905,1464,1633,56,808,2272,368648,0.812,0,0,0,0.000189000
351,352,3,astar,fast,manhattan,gcompare,201,0,0,ok,19,-1,1012,379,405,4,228,607,368648,0.500,0,0,0,0.000044000
352,353,3,astar,fast,manhattan,gcompare,201,0,0,ok,21,-1,1200,447,484,7,269,716,368648,0.532,0,0,0,0.000052000
353,354,3,astar,fast,manhattan,gcompare,201,0,0,ok,23,-1,1672,629,680,20,363,992,368648,0.586,0,0,0,0.000073000
354,355,3,astar,fast,manhattan,gcompare,201,0,0,ok,23,-1,2566,958,1039,24,569,1527,368648,0.690,0,0,0,0.000117000
355,356,3,astar,fast,manhattan,gcompare,201,0,0,ok,25,-1,2534,956,1033,21,545,1501,368648,0.689,0,0,0,0.000114000
356,357,3,astar,fast,manhattan,gcompare,201,0,0,ok,21,-1,539,203,205,0,131,334,368648,0.428,0,0,0,0.000020000
357,358,3,astar,fast,manhattan,gcompare,201,0,0,ok,23,-1,3218,1198,1349,48,671,1869,368648,0.775,0,0,0,0.000154000
358,359,3,astar,fast,manhattan,gcompare,201,0,0,ok,21,-1,1320,492,537,11,291,783,368648,0.546,0,0,0,0.000055000
359,360,3,astar,fast,manhattan,gcompare,201,0,0,ok,21,-1,1423,530,568,10,325,855,368648,0.551,0,0,0,0.000061000
360,361,3,astar,fast,manhattan,gcompare,201,0,0,ok,17,-1,451,166,177,4,108,274,368648,0.456,0,0,0,0.000020000
361,362,3,astar,fast,manhattan,gcompare,201,0,0,ok,25,-1,1692,637,686,20,369,1006,368648,0.566,0,0,0,0.000098000
362,363,3,astar,fast,manhattan,gcompare,201,0,0,ok,21,-1,1506,559,606,6,341,900,368648,0.581,0,0,0,0.000065000
363,364,3,astar,fast,manhattan,gcompare,201,0,0,ok,21,-1,812,303,327,13,182,485,368648,0.476,0,0,0,0.000032000
364,365,3,astar,fast,manhattan,gcompare,201,0,0,ok,25,-1,3770,1407,1568,46,795,2202,368648,0.829,0,0,0,0.000195000
365,366,3,astar,fast,manhattan,gcompare,201,0,0,ok,19,-1,133,48,47,0,38,86,368648,0.386,0,0,0,0.000006000
366,367,3,astar,fast,manhattan,gcompare,201,0,0,ok,23,-1,1166,435,473,13,258,693,368648,0.520,0,0,0,0.000052000
367,368,3,astar,fast,manhattan,gcompare,201,0,0,ok,21,-1,230,86,87,1,57,143,368648,0.402,0,0,0,0.000010000
368,369,3,astar,fast,manhattan,gcompare,201,0,0,ok,19,-1,1101,411,451,13,239,650,368648,0.524,0,0,0,0.000047000
369,370,3,astar,fast,manhattan,gcompare,201,0,0,ok,27,-1,4420,1665,1862,66,893,2558,368648,0.881,0,0,0,0.000251000
370,371,3,astar,fast,manhattan,gcompare,201,0,0,ok,19,-1,1390,518,559,8,313,831,368648,0.552,0,0,0,0.000064000
371,372,3,astar,fast,manhattan,gcompare,201,0,0,ok,19,-1,324,118,125,4,81,199,368648,0.399,0,0,0,0.000013000
372,373,3,astar,fast,manhattan,gcompare,201,0,0,ok,25,-1,1496,566,633,28,297,863,368648,0.557,0,0,0,0.000066000
373,374,3,astar,fast,manhattan,gcompare,201,0,0,ok,21,-1,807,299,323,11,185,484,368648,0.483,0,0,0,0.000033000
374,375,3,astar,fast,manhattan,gcompare,201,0,0,ok,21,-1,971,362,392,9,217,579,368648,0.507,0,0,0,0.000042000
375,376,3,astar,fast,manhattan,gcompare,201,0,0,ok,21,-1,911,343,374,13,194,537,368648,0.531,0,0,0,0.000038000
376,377,3,astar,fast,manhattan,gcompare,201,0,0,ok,27,-1,9610,3612,4065,133,1933,5545,409608,1.193,0,0,0,0.000597000
377,378,3,astar,fast,manhattan,gcompare,201,0,0,ok,23,-1,1424,532,587,25,305,837,368648,0.579,0,0,0,0.000069000
378,379,3,astar,fast,manhattan,gcompare,201,0,0,ok,25,-1,2825,1062,1160,43,603,1665,368648,0.707,0,0,0,0.000138000
379,380,3,astar,fast,manhattan,gcompare,201,0,0,ok,21,-1,670,253,273,9,144,397,368648,0.465,0,0,0,0.000029000
380,381,3,astar,fast,manhattan,gcompare,201,0,0,ok,25,-1,3564,1334,1475,39,755,2089,368648,0.789,0,0,0,0.000183000
381,382,3,astar,fast,manhattan,gcompare,201,0,0,ok,19,-1,351,130,136,3,85,215,368648,0.420,0,0,0,0.000015000
382,383,3,astar,fast,manhattan,gcompare,201,0,0,ok,27,-1,3950,1498,1639,60,813,2311,368648,0.800,0,0,0,0.000203000
383,384,3,astar,fast,manhattan,gcompare,201,0,0,ok,21,-1,993,368,391,8,234,602,368648,0.498,0,0,0,0.000044000
384,385,3,astar,fast,manhattan,gcompare,201,0,0,ok,23,-1,716,270,285,8,161,431,368648,0.469,0,0,0,0.000031000
385,386,3,astar,fast,manhattan,gcompare,201,0,0,ok,21,-1,1528,574,619,13,335,909,368648,0.586,0,0,0,0.000070000
386,387,3,astar,fast,manhattan,gcompare,201,0,0,ok,23,-1,2963,1107,1225,27,631,1738,368648,0.737,0,0,0,0.000146000
387,388,3,astar,fast,manhattan,gcompare,201,0,0,ok,17,-1,316,117,125,2,74,191,368648,0.429,0,0,0,0.000012000
388,389,3,astar,fast,manhattan,gcompare,201,0,0,ok,25,-1,1253,470,521,22,262,732,368648,0.546,0,0,0,0.000054000
389,390,3,astar,fast,manhattan,gcompare,201,0,0,ok,23,-1,584,217,233,6,134,351,368648,0.451,0,0,0,0.000026000
390,391,3,astar,fast,manhattan,gcompare,201,0,0,ok,25,-1,7173,2673,3037,65,1463,4136,409608,1.184,0,0,0,0.000420000
391,392,3,astar,fast,manhattan,gcompare,201,0,0,ok,19,-1,558,208,221,6,129,337,368648,0.454,0,0,0,0.000025000
392,393,3,astar,fast,manhattan,gcompare,201,0,0,ok,25,-1,2354,884,966,26,504,1388,368648,0.662,0,0,0,0.000113000
393,394,3,astar,fast,manhattan,gcompare,201,0,0,ok,19,-1,546,203,217,5,126,329,368648,0.464,0,0,0,0.000022000
394,395,3,astar,fast,manhattan,gcompare,201,0,0,ok,21,-1,1671,625,673,10,373,998,368648,0.605,0,0,0,0.000075000
395,396,3,astar,fast,manhattan,gcompare,201,0,0,ok,23,-1,2851,1078,1192,48,581,1659,368648,0.712,0,0,0,0.000137000
396,397,3,astar,fast,manhattan,gcompare,201,0,0,ok,23,-1,1476,553,592,14,331,884,368648,0.580,0,0,0,0.000064000
397,398,3,astar,fast,manhattan,gcompare,201,0,0,ok,25,-1,4095,1532,1689,40,874,2406,368648,0.844,0,0,0,0.000210000
398,399,3,astar,fast,manhattan,gcompare,201,0,0,ok,21,-1,451,169,185,8,97,266,368648,0.451,0,0,0,0.000017000
399,400,3,astar,fast,manhattan,gcompare,201,0,0,ok,25,-1,1452,551,602,17,299,850,368648,0.567,0,0,0,0.000066000
400,401,3,astar,fast,manhattan,gcompare,201,0,0,ok,19,-1,637,236,257,8,144,380,368648,0.524,0,0,0,0.000026000
401,402,3,astar,fast,manhattan,gcompare,201,0,0,ok,21,-1,222,83,82,0,57,140,368648,0.385,0,0,0,0.000008000
402,403,3,astar,fast,manhattan,gcompare,201,0,0,ok,23,-1,2263,843,915,22,505,1348,368648,0.652,0,0,0,0.000105000
403,404,3,astar,fast,manhattan,gcompare,201,0,0,ok,21,-1,855,319,337,4,199,518,368648,0.496,0,0,0,0.000037000
404,405,3,astar,fast,manhattan,gcompare,201,0,0,ok,19,-1,664,246,264,5,154,400,368648,0.474,0,0,0,0.000026000
405,406,3,astar,fast,manhattan,gcompare,201,0,0,ok,19,-1,744,279,299,9,166,445,368648,0.459,0,0,0,0.000030000
406,407,3,astar,fast,manhattan,gcompare,201,0,0,ok,21,-1,429,157,166,4,106,263,368648,0.442,0,0,0,0.000017000
407,408,3,astar,fast,manhattan,gcompare,201,0,0,ok,19,-1,711,267,291,12,153,420,368648,0.473,0,0,0,0.000029000
408,409,3,astar,fast,manhattan,gcompare,201,0,0,ok,23,-1,1976,739,802,20,435,1174,368648,0.618,0,0,0,0.000091000
409,410,3,astar,fast,manhattan,gcompare,201,0,0,ok,23,-1,1732,646,716,30,370,1016,368648,0.582,0,0,0,0.000078000
410,411,3,astar,fast,manhattan,gcompare,201,0,0,ok,15,-1,295,109,112,1,74,183,368648,0.408,0,0,0,0.000012000
411,412,3,astar,fast,manhattan,gcompare,201,0,0,ok,13,-1,61,22,21,0,18,40,368648,0.350,0,0,0,0.000003000
412,413,3,astar,fast,manhattan,gcompare,201,0,0,ok,21,-1,421,157,158,1,106,263,368648,0.440,0,0,0,0.000017000
413,414,3,astar,fast,manhattan,gcompare,201,0,0,ok,23,-1,794,297,315,4,182,479,368648,0.473,0,0,0,0.000032000
414,415,3,astar,fast,manhattan,gcompare,201,0,0,ok,23,-1,2575,960,1048,23,567,1527,368648,0.680,0,0,0,0.000120000
415,416,3,astar,fast,manhattan,gcompare,201,0,0,ok,23,-1,1409,524,556,6,329,853,368648,0.560,0,0,0,0.000059000
416,417,3,astar,fast,manhattan,gcompare,201,0,0,ok,23,-1,837,316,330,6,191,507,368648,0.495,0,0,0,0.000034000
417,418,3,astar,fast,manhattan,gcompare,201,0,0,ok,21,-1,1576,588,631,11,357,945,368648,0.603,0,0,0,0.000070000
418,419,3,astar,fast,manhattan,gcompare,201,0,0,ok,21,-1,1005,376,396,7,233,609,368648,0.499,0,0,0,0.000041000
419,420,3,astar,fast,manhattan,gcompare,201,0,0,ok,19,-1,527,196,201,1,130,326,368648,0.449,0,0,0,0.000020000
420,421,3,astar,fast,manhattan,gcompare,201,0,0,ok,19,-1,515,191,205,3,119,310,368648,0.477,0,0,0,0.000020000
421,422,3,astar,fast,manhattan,gcompare,201,0,0,ok,23,-1,2804,1049,1156,19,599,1648,368648,0.730,0,0,0,0.000132000
422,423,3,astar,fast,manhattan,gcompare,201,0,0,ok,21,-1,756,284,302,7,170,454,368648,0.482,0,0,0,0.000030000
423,424,3,astar,fast,manhattan,gcompare,201,0,0,ok,21,-1,1174,433,471,14,270,703,368648,0.512,0,0,0,0.000048000
424,425,3,astar,fast,manhattan,gcompare,201,0,0,ok,19,-1,453,168,177,5,108,276,368648,0.431,0,0,0,0.000017000
425,426,3,astar,fast,manhattan,gcompare,201,0,0,ok,25,-1,5201,1948,2212,72,1041,2989,376840,0.992,0,0,0,0.000270000
426,427,3,astar,fast,manhattan,gcompare,201,0,0,ok,23,-1,2854,1069,1142,20,643,1712,368648,0.735,0,0,0,0.000136000
427,428,3,astar,fast,manhattan,gcompare,201,0,0,ok,19,-1,774,289,308,6,177,466,368648,0.468,0,0,0,0.000031000
428,429,3,astar,fast,manhattan,gcompare,201,0,0,ok,23,-1,1427,534,581,17,312,846,368648,0.563,0,0,0,0.000060000
429,430,3,astar,fast,manhattan,gcompare,201,0,0,ok,25,-1,5294,1982,2200,56,1112,3094,376840,0.965,0,0,0,0.000276000
430,431,3,astar,fast,manhattan,gcompare,201,0,0,ok,23,-1,2461,928,1009,26,524,1452,368648,0.655,0,0,0,0.000113000
431,432,3,astar,fast,manhattan,gcompare,201,0,0,ok,23,-1,1438,540,579,12,319,859,368648,0.576,0,0,0,0.000068000
432,433,3,astar,fast,manhattan,gcompare,201,0,0,ok,29,-1,7453,2827,3157,123,1469,4296,409608,1.107,0,0,0,0.000436000
433,434,3,astar,fast,manhattan,gcompare,201,0,0,ok,25,-1,1494,568,624,26,302,870,368648,0.574,0,0,0,0.000065000
434,435,3,astar,fast,manhattan,gcompare,201,0,0,ok,21,-1,2772,1034,1141,28,597,1631,368648,0.717,0,0,0,0.000132000
435,436,3,astar,fast,manhattan,gcompare,201,0,0,ok,21,-1,1104,410,441,9,253,663,368648,0.532,0,0,0,0.000045000
436,437,3,astar,fast,manhattan,gcompare,201,0,0,ok,21,-1,643,238,249,4,156,394,368648,0.450,0,0,0,0.000026000
437,438,3,astar,fast,manhattan,gcompare,201,0,0,ok,19,-1,712,264,284,6,164,428,368648,0.485,0,0,0,0.000028000
438,439,3,astar,fast,manhattan,gcompare,201,0,0,ok,23,-1,1485,558,612,15,315,873,368648,0.593,0,0,0,0.000063000
439,440,3,astar,fast,manhattan,gcompare,201,0,0,ok,25,-1,6037,2247,2561,86,1229,3476,376840,1.052,0,0,0,0.000316000
440,441,3,astar,fast,manhattan,gcompare,201,0,0,ok,27,-1,3843,1452,1611,53,780,2232,368648,0.799,0,0,0,0.000199000
441,442,3,astar,fast,manhattan,gcompare,201,0,0,ok,21,-1,2066,771,835,19,460,1231,368648,0.657,0,0,0,0.000099000
442,443,3,astar,fast,manhattan,gcompare,201,0,0,ok,23,-1,3413,1282,1403,32,728,2010,368648,0.798,0,0,0,0.000167000
443,444,3,astar,fast,manhattan,gcompare,201,0,0,ok,21,-1,1271,471,500,6,300,771,368648,0.543,0,0,0,0.000053000
444,445,3,astar,fast,manhattan,gcompare,201,0,0,ok,27,-1,3584,1350,1473,38,761,2111,368648,0.771,0,0,0,0.000172000
445,446,3,astar,fast,manhattan,gcompare,201,0,0,ok,19,-1,154,56,56,0,42,98,368648,0.392,0,0,0,0.000006000
446,447,3,astar,fast,manhattan,gcompare,201,0,0,ok,27,-1,8732,3274,3702,113,1756,5030,409608,1.175,0,0,0,0.000516000
447,448,3,astar,fast,manhattan,gcompare,201,0,0,ok,23,-1,2454,914,1003,23,537,1451,368648,0.679,0,0,0,0.000118000
448,449,3,astar,fast,manhattan,gcompare,201,0,0,ok,19,-1,905,336,364,6,205,541,368648,0.482,0,0,0,0.000037000
449,450,3,astar,fast,manhattan,gcompare,201,0,0,ok,23,-1,1881,702,759,17,420,1122,368648,0.612,0,0,0,0.000082000
450,451,3,astar,fast,manhattan,gcompare,201,0,0,ok,23,-1,2148,804,864,15,480,1284,368648,0.633,0,0,0,0.000099000
451,452,3,astar,fast,manhattan,gcompare,201,0,0,ok,19,-1,293,108,108,0,77,185,368648,0.401,0,0,0,0.000011000
452,453,3,astar,fast,manhattan,gcompare,201,0,0,ok,27,-1,8156,3057,3451,117,1648,4705,409608,1.167,0,0,0,0.000483000
453,454,3,astar,fast,manhattan,gcompare,201,0,0,ok,27,-1,13417,5035,5829,214,2553,7588,425992,1.326,0,0,0,0.000815000
454,455,3,astar,fast,manhattan,gcompare,201,0,0,ok,23,-1,2965,1108,1221,32,636,1744,368648,0.757,0,0,0,0.000146000
455,456,3,astar,fast,manhattan,gcompare,201,0,0,ok,25,-1,2974,1121,1231,40,622,1743,368648,0.734,0,0,0,0.000142000
456,457,3,astar,fast,manhattan,gcompare,201,0,0,ok,27,-1,4120,1551,1710,58,859,2410,368648,0.838,0,0,0,0.000208000
457,458,3,astar,fast,manhattan,gcompare,201,0,0,ok,23,-1,1366,514,554,14,298,812,368648,0.553,0,0,0,0.000057000
458,459,3,astar,fast,manhattan,gcompare,201,0,0,ok,21,-1,721,270,285,6,166,436,368648,0.496,0,0,0,0.000028000
459,460,3,astar,fast,manhattan,gcompare,201,0,0,ok,21,-1,605,226,239,2,140,366,368648,0.480,0,0,0,0.000024000
460,461,3,astar,fast,manhattan,gcompare,201,0,0,ok,23,-1,1621,611,661,22,349,960,368648,0.572,0,0,0,0.000070000
461,462,3,astar,fast,manhattan,gcompare,201,0,0,ok,21,-1,618,231,241,4,146,377,368648,0.480,0,0,0,0.000023000
462,463,3,astar,fast,manhattan,gcompare,201,0,0,ok,23,-1,1610,606,642,14,362,968,368648,0.562,0,0,0,0.000068000
463,464,3,astar,fast,manhattan,gcompare,201,0,0,ok,19,-1,661,246,262,4,153,399,368648,0.488,0,0,0,0.000026000
464,465,3,astar,fast,manhattan,gcompare,201,0,0,ok,17,-1,188,69,70,0,49,118,368648,0.390,0,0,0,0.000007000
465,466,3,astar,fast,manhattan,gcompare,201,0,0,ok,23,-1,1342,505,542,10,295,800,368648,0.560,0,0,0,0.000055000
466,467,3,astar,fast,manhattan,gcompare,201,0,0,ok,21,-1,1691,626,684,19,381,1007,368648,0.595,0,0,0,0.000070000
467,468,3,astar,fast,manhattan,gcompare,201,0,0,ok,25,-1,6809,2543,2885,84,1381,3924,376840,1.131,0,0,0,0.000357000
468,469,3,astar,fast,manhattan,gcompare,201,0,0,ok,23,-1,2815,1050,1155,26,610,1660,368648,0.722,0,0,0,0.000135000
469,470,3,astar,fast,manhattan,gcompare,201,0,0,ok,21,-1,949,355,378,10,216,571,368648,0.483,0,0,0,0.000039000
470,471,3,astar,fast,manhattan,gcompare,201,0,0,ok,23,-1,492,186,191,3,115,301,368648,0.446,0,0,0,0.000018000
471,472,3,astar,fast,manhattan,gcompare,201,0,0,ok,23,-1,2723,1017,1111,35,595,1612,368648,0.698,0,0,0,0.000124000
472,473,3,astar,fast,manhattan,gcompare,201,0,0,ok,25,-1,2755,1038,1122,15,595,1633,368648,0.721,0,0,0,0.000126000
473,474,3,astar,fast,manhattan,gcompare,201,0,0,ok,23,-1,798,302,325,9,171,473,368648,0.487,0,0,0,0.000031000
474,475,3,astar,fast,manhattan,gcompare,201,0,0,ok,25,-1,5519,2064,2301,78,1154,3218,376840,1.024,0,0,0,0.000290000
475,476,3,astar,fast,manhattan,gcompare,201,0,0,ok,25,-1,2306,870,956,34,480,1350,368648,0.646,0,0,0,0.000106000
476,477,3,astar,fast,manhattan,gcompare,201,0,0,ok,25,-1,6491,2433,2739,73,1319,3752,376840,1.097,0,0,0,0.000340000
477,478,3,astar,fast,manhattan,gcompare,201,0,0,ok,21,-1,732,272,289,8,171,443,368648,0.483,0,0,0,0.000032000
478,479,3,astar,fast,manhattan,gcompare,201,0,0,ok,19,-1,1263,468,509,5,286,754,368648,0.544,0,0,0,0.000055000
479,480,3,astar,fast,manhattan,gcompare,201,0,0,ok,23,-1,1058,400,424,10,234,634,368648,0.510,0,0,0,0.000042000
480,481,3,astar,fast,manhattan,gcompare,201,0,0,ok,17,-1,328,119,125,2,84,203,368648,0.416,0,0,0,0.000011000
481,482,3,astar,fast,manhattan,gcompare,201,0,0,ok,19,-1,936,350,369,1,217,567,368648,0.512,0,0,0,0.000037000
482,483,3,astar,fast,manhattan,gcompare,201,0,0,ok,27,-1,9255,3464,3946,123,1845,5309,409608,1.194,0,0,0,0.000526000
483,484,3,astar,fast,manhattan,gcompare,201,0,0,ok,25,-1,4996,1865,2072,58,1059,2924,376840,0.934,0,0,0,0.000257000
484,485,3,astar,fast,manhattan,gcompare,201,0,0,ok,25,-1,3954,1477,1619,38,858,2335,368648,0.814,0,0,0,0.000194000
485,486,3,astar,fast,manhattan,gcompare,201,0,0,ok,21,-1,333,123,128,3,82,205,368648,0.422,0,0,0,0.000013000
486,487,3,astar,fast,manhattan,gcompare,201,0,0,ok,21,-1,576,216,229,7,131,347,368648,0.473,0,0,0,0.000023000
487,488,3,astar,fast,manhattan,gcompare,201,0,0,ok,19,-1,1404,518,560,11,326,844,368648,0.550,0,0,0,0.000061000
488,489,3,astar,fast,manhattan,gcompare,201,0,0,ok,23,-1,1317,495,517,5,305,800,368648,0.514,0,0,0,0.000053000
489,490,3,astar,fast,manhattan,gcompare,201,0,0,ok,21,-1,1266,470,510,9,286,756,368648,0.586,0,0,0,0.000052000
490,491,3,astar,fast,manhattan,gcompare,201,0,0,ok,17,-1,381,140,149,5,92,232,368648,0.434,0,0,0,0.000014000
491,492,3,astar,fast,manhattan,gcompare,201,0,0,ok,23,-1,743,278,291,6,174,452,368648,0.493,0,0,0,0.000028000
492,493,3,astar,fast,manhattan,gcompare,201,0,0,ok,21,-1,704,265,287,9,152,417,368648,0.475,0,0,0,0.000026000
493,494,3,astar,fast,manhattan,gcompare,201,0,0,ok,23,-1,2968,1107,1211,35,650,1757,368648,0.737,0,0,0,0.000140000
494,495,3,astar,fast,manhattan,gcompare,201,0,0,ok,17,-1,268,98,103,3,67,165,368648,0.401,0,0,0,0.000011000
495,496,3,astar,fast,manhattan,gcompare,201,0,0,ok,25,-1,5927,2207,2516,77,1204,3411,376840,1.040,0,0,0,0.000305000
496,497,3,astar,fast,manhattan,gcompare,201,0,0,ok,23,-1,460,172,177,2,111,283,368648,0.434,0,0,0,0.000018000
497,498,3,astar,fast,manhattan,gcompare,201,0,0,ok,23,-1,2200,822,881,14,497,1319,368648,0.649,0,0,0,0.000101000
498,499,3,astar,fast,manhattan,gcompare,201,0,0,ok,17,-1,131,49,50,1,32,81,368648,0.400,0,0,0,0.000005000
499,500,3,astar,fast,manhattan,gcompare,201,0,0,ok,21,-1,313,117,120,2,76,193,368648,0.423,0,0,0,0.000011000
0,1,3,astar,fast,linear,gcompare,200,0,0,ok,22,-1,1081,404,439,15,238,642,368648,0.522,0,0,0,0.000107000
1,2,3,astar,fast,linear,gcompare,200,0,0,ok,22,-1,498,188,194,2,116,304,368648,0.435,0,0,0,0.000050000
2,3,3,astar,fast,linear,gcompare,200,0,0,ok,20,-1,237,89,90,0,58,147,368648,0.398,0,0,0,0.000021000
3,4,3,astar,fast,linear,gcompare,200,0,0,ok,22,-1,517,192,200,4,125,317,368648,0.448,0,0,0,0.000043000
4,5,3,astar,fast,linear,gcompare,200,0,0,ok,24,-1,292,110,117,4,65,175,368648,0.471,0,0,0,0.000025000
5,6,3,astar,fast,linear,gcompare,200,0,0,ok,22,-1,805,296,321,11,188,484,368648,0.494,0,0,0,0.000068000
6,7,3,astar,fast,linear,gcompare,200,0,0,ok,20,-1,537,196,212,7,129,325,368648,0.438,0,0,0,0.000046000
7,8,3,astar,fast,linear,gcompare,200,0,0,ok,22,-1,822,304,322,7,196,500,368648,0.514,0,0,0,0.000070000
8,9,3,astar,fast,linear,gcompare,200,0,0,ok,20,-1,306,115,116,1,75,190,368648,0.416,0,0,0,0.000027000
9,10,3,astar,fast,linear,gcompare,200,0,0,ok,28,-1,4370,1646,1760,40,964,2610,368648,0.860,0,0,0,0.000421000
10,11,3,astar,fast,linear,gcompare,200,0,0,ok,20,-1,871,321,341,6,209,530,368648,0.517,0,0,0,0.000078000
11,12,3,astar,fast,linear,gcompare,200,0,0,ok,22,-1,724,267,287,8,170,437,368648,0.503,0,0,0,0.000062000
12,13,3,astar,fast,linear,gcompare,200,0,0,ok,20,-1,503,186,195,4,122,308,368648,0.426,0,0,0,0.000043000
13,14,3,astar,fast,linear,gcompare,200,0,0,ok,20,-1,553,205,214,2,134,339,368648,0.449,0,0,0,0.000048000
14,15,3,astar,fast,linear,gcompare,200,0,0,ok,24,-1,1297,487,523,15,287,774,368648,0.535,0,0,0,0.000116000
15,16,3,astar,fast,linear,gcompare,200,0,0,ok,24,-1,911,340,361,5,210,550,368648,0.492,0,0,0,0.000081000
16,17,3,astar,fast,linear,gcompare,200,0,0,ok,22,-1,252,94,95,1,63,157,368648,0.406,0,0,0,0.000022000
17,18,3,astar,fast,linear,gcompare,200,0,0,ok,20,-1,211,79,82,1,50,129,368648,0.429,0,0,0,0.000019000
18,19,3,astar,fast,linear,gcompare,200,0,0,ok,20,-1,779,287,319,14,173,460,368648,0.486,0,0,0,0.000067000
19,20,3,astar,fast,linear,gcompare,200,0,0,ok,24,-1,1162,429,466,11,267,696,368648,0.547,0,0,0,0.000098000
20,21,3,astar,fast,linear,gcompare,200,0,0,ok,22,-1,1438,535,584,15,319,854,368648,0.566,0,0,0,0.000124000
21,22,3,astar,fast,linear,gcompare,200,0,0,ok,20,-1,125,45,46,1,34,79,368648,0.387,0,0,0,0.000011000
22,23,3,astar,fast,linear,gcompare,200,0,0,ok,24,-1,1050,394,412,9,244,638,368648,0.509,0,0,0,0.000091000
23,24,3,astar,fast,linear,gcompare,200,0,0,ok,16,-1,127,45,44,0,38,83,368648,0.373,0,0,0,0.000011000
24,25,3,astar,fast,linear,gcompare,200,0,0,ok,28,-1,3833,1438,1575,44,820,2258,368648,0.812,0,0,0,0.000349000
25,26,3,astar,fast,linear,gcompare,200,0,0,ok,20,-1,587,218,234,5,135,353,368648,0.459,0,0,0,0.000053000
26,27,3,astar,fast,linear,gcompare,200,0,0,ok,20,-1,402,148,161,5,93,241,368648,0.449,0,0,0,0.000033000
27,28,3,astar,fast,linear,gcompare,200,0,0,ok,16,-1,120,43,42,0,35,78,368648,0.387,0,0,0,0.000010000
28,29,3,astar,fast,linear,gcompare,200,0,0,ok,20,-1,115,41,41,0,33,74,368648,0.360,0,0,0,0.000010000
29,30,3,astar,fast,linear,gcompare,200,0,0,ok,20,-1,347,127,132,0,88,215,368648,0.428,0,0,0,0.000029000
30,31,3,astar,fast,linear,gcompare,200,0,0,ok,24,-1,139,51,50,0,38,89,368648,0.384,0,0,0,0.000013000
31,32,3,astar,fast,linear,gcompare,200,0,0,ok,20,-1,251,92,94,0,65,157,368648,0.412,0,0,0,0.000021000
32,33,3,astar,fast,linear,gcompare,200,0,0,ok,28,-1,4016,1524,1659,43,833,2357,368648,0.826,0,0,0,0.000367000
33,34,3,astar,fast,linear,gcompare,200,0,0,ok,26,-1,2194,822,880,17,492,1314,368648,0.638,0,0,0,0.000196000
34,35,3,astar,fast,linear,gcompare,200,0,0,ok,28,-1,6436,2421,2691,82,1324,3745,376840,1.074,0,0,0,0.000629000
35,36,3,astar,fast,linear,gcompare,200,0,0,ok,22,-1,657,249,259,4,149,398,368648,0.465,0,0,0,0.000059000
36,37,3,astar,fast,linear,gcompare,200,0,0,ok,20,-1,221,83,83,0,55,138,368648,0.391,0,0,0,0.000019000
37,38,3,astar,fast,linear,gcompare,200,0,0,ok,22,-1,339,128,133,2,78,206,368648,0.420,0,0,0,0.000031000
38,39,3,astar,fast,linear,gcompare,200,0,0,ok,24,-1,609,226,234,3,149,375,368648,0.429,0,0,0,0.000053000
39,40,3,astar,fast,linear,gcompare,200,0,0,ok,18,-1,271,101,111,4,59,160,368648,0.437,0,0,0,0.000022000
40,41,3,astar,fast,linear,gcompare,200,0,0,ok,22,-1,971,358,378,7,235,593,368648,0.509,0,0,0,0.000087000
41,42,3,astar,fast,linear,gcompare,200,0,0,ok,24,-1,2647,994,1102,34,551,1545,368648,0.700,0,0,0,0.000237000
42,43,3,astar,fast,linear,gcompare,200,0,0,ok,22,-1,593,222,241,8,130,352,368648,0.498,0,0,0,0.000052000
43,44,3,astar,fast,linear,gcompare,200,0,0,ok,28,-1,7660,2874,3241,122,1545,4419,409608,1.179,0,0,0,0.000782000
44,45,3,astar,fast,linear,gcompare,200,0,0,ok,20,-1,105,38,37,0,30,68,368648,0.394,0,0,0,0.000011000
45,46,3,astar,fast,linear,gcompare,200,0,0,ok,22,-1,333,124,134,5,75,199,368648,0.419,0,0,0,0.000050000
46,47,3,astar,fast,linear,gcompare,200,0,0,ok,18,-1,161,59,61,1,41,100,368648,0.388,0,0,0,0.000015000
47,48,3,astar,fast,linear,gcompare,200,0,0,ok,18,-1,316,115,117,1,84,199,368648,0.406,0,0,0,0.000027000
48,49,3,astar,fast,linear,gcompare,200,0,0,ok,26,-1,1226,456,495,15,275,731,368648,0.562,0,0,0,0.000111000
49,50,3,astar,fast,linear,gcompare,200,0,0,ok,26,-1,1187,452,473,6,262,714,368648,0.508,0,0,0,0.000102000
50,51,3,astar,fast,linear,gcompare,200,0,0,ok,18,-1,311,115,123,1,73,188,368648,0.426,0,0,0,0.000027000
51,52,3,astar,fast,linear,gcompare,200,0,0,ok,20,-1,302,111,112,1,79,190,368648,0.392,0,0,0,0.000025000
52,53,3,astar,fast,linear,gcompare,200,0,0,ok,24,-1,1530,571,605,10,354,925,368648,0.564,0,0,0,0.000135000
53,54,3,astar,fast,linear,gcompare,200,0,0,ok,20,-1,451,168,184,8,99,267,368648,0.431,0,0,0,0.000038000
54,55,3,astar,fast,linear,gcompare,200,0,0,ok,18,-1,419,154,165,3,100,254,368648,0.452,0,0,0,0.000036000
55,56,3,astar,fast,linear,gcompare,200,0,0,ok,18,-1,246,90,89,0,67,157,368648,0.392,0,0,0,0.000022000
56,57,3,astar,fast,linear,gcompare,200,0,0,ok,24,-1,1378,510,560,14,308,818,368648,0.547,0,0,0,0.000116000
57,58,3,astar,fast,linear,gcompare,200,0,0,ok,26,-1,3000,1128,1239,40,633,1761,368648,0.733,0,0,0,0.000269000
58,59,3,astar,fast,linear,gcompare,200,0,0,ok,20,-1,425,160,164,1,101,261,368648,0.443,0,0,0,0.000037000
59,60,3,astar,fast,linear,gcompare,200,0,0,ok,22,-1,1167,439,470,8,258,697,368648,0.548,0,0,0,0.000102000
60,61,3,astar,fast,linear,gcompare,200,0,0,ok,20,-1,287,105,106,1,76,181,368648,0.406,0,0,0,0.000024000
61,62,3,astar,fast,linear,gcompare,200,0,0,ok,20,-1,617,229,242,6,146,375,368648,0.485,0,0,0,0.000052000
62,63,3,astar,fast,linear,gcompare,200,0,0,ok,26,-1,1119,421,463,20,235,656,368648,0.569,0,0,0,0.000094000
63,64,3,astar,fast,linear,gcompare,200,0,0,ok,24,-1,1223,459,495,9,269,728,368648,0.517,0,0,0,0.000105000
64,65,3,astar,fast,linear,gcompare,200,0,0,ok,20,-1,250,93,94,1,63,156,368648,0.398,0,0,0,0.000021000
65,66,3,astar,fast,linear,gcompare,200,0,0,ok,20,-1,615,228,246,6,141,369,368648,0.461,0,0,0,0.000051000
66,67,3,astar,fast,linear,gcompare,200,0,0,ok,18,-1,658,244,266,5,148,392,368648,0.495,0,0,0,0.000056000
67,68,3,astar,fast,linear,gcompare,200,0,0,ok,26,-1,1710,638,687,19,385,1023,368648,0.580,0,0,0,0.000170000
68,69,3,astar,fast,linear,gcompare,200,0,0,ok,22,-1,431,161,164,2,106,267,368648,0.458,0,0,0,0.000041000
69,70,3,astar,fast,linear,gcompare,200,0,0,ok,26,-1,2053,768,840,28,445,1213,368648,0.625,0,0,0,0.000191000
70,71,3,astar,fast,linear,gcompare,200,0,0,ok,22,-1,1631,608,657,13,366,974,368648,0.586,0,0,0,0.000153000
71,72,3,astar,fast,linear,gcompare,200,0,0,ok,20,-1,416,156,163,3,97,253,368648,0.424,0,0,0,0.000036000
72,73,3,astar,fast,linear,gcompare,200,0,0,ok,12,-1,38,13,12,0,13,26,368648,0.324,0,0,0,0.000004000
73,74,3,astar,fast,linear,gcompare,200,0,0,ok,20,-1,311,115,116,1,80,195,368648,0.406,0,0,0,0.000027000
74,75,3,astar,fast,linear,gcompare,200,0,0,ok,16,-1,241,88,89,1,64,152,368648,0.383,0,0,0,0.000021000
75,76,3,astar,fast,linear,gcompare,200,0,0,ok,26,-1,1574,597,646,22,331,928,368648,0.568,0,0,0,0.000139000
76,77,3,astar,fast,linear,gcompare,200,0,0,ok,14,-1,116,41,40,0,35,76,368648,0.357,0,0,0,0.000010000
77,78,3,astar,fast,linear,gcompare,200,0,0,ok,24,-1,610,231,247,7,132,363,368648,0.458,0,0,0,0.000053000
78,79,3,astar,fast,linear,gcompare,200,0,0,ok,22,-1,382,145,147,1,90,235,368648,0.417,0,0,0,0.000033000
79,80,3,astar,fast,linear,gcompare,200,0,0,ok,26,-1,2075,783,849,23,443,1226,368648,0.639,0,0,0,0.000187000
80,81,3,astar,fast,linear,gcompare,200,0,0,ok,24,-1,2624,981,1078,34,565,1546,368648,0.685,0,0,0,0.000233000
81,82,3,astar,fast,linear,gcompare,200,0,0,ok,16,-1,59,21,20,0,18,39,368648,0.345,0,0,0,0.000006000
82,83,3,astar,fast,linear,gcompare,200,0,0,ok,24,-1,1314,490,517,12,307,797,368648,0.530,0,0,0,0.000115000
83,84,3,astar,fast,linear,gcompare,200,0,0,ok,20,-1,1390,515,555,5,320,835,368648,0.565,0,0,0,0.000139000
84,85,3,astar,fast,linear,gcompare,200,0,0,ok,24,-1,750,282,290,3,178,460,368648,0.457,0,0,0,0.000067000
85,86,3,astar,fast,linear,gcompare,200,0,0,ok,26,-1,3097,1156,1260,36,681,1837,368648,0.733,0,0,0,0.000282000
86,87,3,astar,fast,linear,gcompare,200,0,0,ok,24,-1,1879,696,738,14,445,1141,368648,0.573,0,0,0,0.000168000
87,88,3,astar,fast,linear,gcompare,200,0,0,ok,20,-1,251,92,93,1,66,158,368648,0.424,0,0,0,0.000022000
88,89,3,astar,fast,linear,gcompare,200,0,0,ok,22,-1,851,317,342,9,192,509,368648,0.506,0,0,0,0.000074000
89,90,3,astar,fast,linear,gcompare,200,0,0,ok,24,-1,1537,570,609,12,358,928,368648,0.562,0,0,0,0.000129000
90,91,3,astar,fast,linear,gcompare,200,0,0,ok,18,-1,240,87,90,2,63,150,368648,0.406,0,0,0,0.000020000
91,92,3,astar,fast,linear,gcompare,200,0,0,ok,24,-1,1035,385,407,9,243,628,368648,0.492,0,0,0,0.000087000
92,93,3,astar,fast,linear,gcompare,200,0,0,ok,26,-1,4589,1728,1918,65,943,2671,368648,0.915,0,0,0,0.000419000
93,94,3,astar,fast,linear,gcompare,200,0,0,ok,22,-1,1059,396,430,12,233,629,368648,0.526,0,0,0,0.000089000
94,95,3,astar,fast,linear,gcompare,200,0,0,ok,26,-1,2618,979,1073,42,566,1545,368648,0.682,0,0,0,0.000229000
95,96,3,astar,fast,linear,gcompare,200,0,0,ok,24,-1,1132,421,457,12,254,675,368648,0.534,0,0,0,0.000096000
96,97,3,astar,fast,linear,gcompare,200,0,0,ok,26,-1,2523,950,1041,29,532,1482,368648,0.662,0,0,0,0.000215000
97,98,3,astar,fast,linear,gcompare,200,0,0,ok,20,-1,507,189,201,4,117,306,368648,0.445,0,0,0,0.000042000
98,99,3,astar,fast,linear,gcompare,200,0,0,ok,20,-1,228,84,83,0,61,145,368648,0.383,0,0,0,0.000019000
99,100,3,astar,fast,linear,gcompare,200,0,0,ok,24,-1,532,200,203,1,129,329,368648,0.420,0,0,0,0.000043000
100,101,3,astar,fast,linear,gcompare,200,0,0,ok,16,-1,57,21,20,0,16,37,368648,0.357,0,0,0,0.000005000
101,102,3,astar,fast,linear,gcompare,200,0,0,ok,26,-1,3600,1342,1494,58,764,2106,368648,0.802,0,0,0,0.000326000
102,103,3,astar,fast,linear,gcompare,200,0,0,ok,20,-1,569,211,225,6,133,344,368648,0.463,0,0,0,0.000049000
103,104,3,astar,fast,linear,gcompare,200,0,0,ok,20,-1,393,146,156,4,91,237,368648,0.434,0,0,0,0.000033000
104,105,3,astar,fast,linear,gcompare,200,0,0,ok,24,-1,1912,713,775,27,424,1137,368648,0.611,0,0,0,0.000163000
105,106,3,astar,fast,linear,gcompare,200,0,0,ok,22,-1,649,244,257,5,148,392,368648,0.475,0,0,0,0.000058000
106,107,3,astar,fast,linear,gcompare,200,0,0,ok,14,-1,42,14,13,0,15,29,368648,0.317,0,0,0,0.000004000
107,108,3,astar,fast,linear,gcompare,200,0,0,ok,22,-1,312,118,121,2,73,191,368648,0.412,0,0,0,0.000026000
108,109,3,astar,fast,linear,gcompare,200,0,0,ok,24,-1,2102,783,861,26,458,1241,368648,0.623,0,0,0,0.000183000
109,110,3,astar,fast,linear,gcompare,200,0,0,ok,20,-1,515,192,201,3,122,314,368648,0.463,0,0,0,0.000043000
110,111,3,astar,fast,linear,gcompare,200,0,0,ok,26,-1,2449,934,1022,27,493,1427,368648,0.671,0,0,0,0.000215000
111,112,3,astar,fast,linear,gcompare,200,0,0,ok,24,-1,1456,550,593,18,313,863,368648,0.559,0,0,0,0.000126000
112,113,3,astar,fast,linear,gcompare,200,0,0,ok,18,-1,84,30,29,0,25,55,368648,0.373,0,0,0,0.000007000
113,114,3,astar,fast,linear,gcompare,200,0,0,ok,26,-1,2077,780,837,22,460,1240,368648,0.624,0,0,0,0.000180000
114,115,3,astar,fast,linear,gcompare,200,0,0,ok,22,-1,1055,392,430,15,233,625,368648,0.511,0,0,0,0.000086000
115,116,3,astar,fast,linear,gcompare,200,0,0,ok,20,-1,379,140,147,4,92,232,368648,0.421,0,0,0,0.000033000
116,117,3,astar,fast,linear,gcompare,200,0,0,ok,22,-1,380,144,148,1,88,232,368648,0.430,0,0,0,0.000034000
117,118,3,astar,fast,linear,gcompare,200,0,0,ok,24,-1,428,161,168,3,99,260,368648,0.431,0,0,0,0.000036000
118,119,3,astar,fast,linear,gcompare,200,0,0,ok,24,-1,857,316,344,12,197,513,368648,0.482,0,0,0,0.000070000
119,120,3,astar,fast,linear,gcompare,200,0,0,ok,22,-1,1220,456,486,10,278,734,368648,0.516,0,0,0,0.000110000
120,121,3,astar,fast,linear,gcompare,200,0,0,ok,18,-1,274,101,100,0,73,174,368648,0.399,0,0,0,0.000024000
121,122,3,astar,fast,linear,gcompare,200,0,0,ok,16,-1,122,44,43,0,35,79,368648,0.364,0,0,0,0.000010000
122,123,3,astar,fast,linear,gcompare,200,0,0,ok,24,-1,2085,784,849,20,452,1236,368648,0.644,0,0,0,0.000188000
123,124,3,astar,fast,linear,gcompare,200,0,0,ok,22,-1,1450,545,590,16,315,860,368648,0.540,0,0,0,0.000125000
124,125,3,astar,fast,linear,gcompare,200,0,0,ok,24,-1,770,284,300,6,186,470,368648,0.468,0,0,0,0.000064000
125,126,3,astar,fast,linear,gcompare,200,0,0,ok,22,-1,629,235,244,3,150,385,368648,0.454,0,0,0,0.000052000
126,127,3,astar,fast,linear,gcompare,200,0,0,ok,22,-1,351,132,137,2,82,214,368648,0.420,0,0,0,0.000028000
127,128,3,astar,fast,linear,gcompare,200,0,0,ok,24,-1,1304,482,519,15,303,785,368648,0.540,0,0,0,0.000106000
128,129,3,astar,fast,linear,gcompare,200,0,0,ok,26,-1,2678,1002,1088,30,588,1590,368648,0.683,0,0,0,0.000230000
129,130,3,astar,fast,linear,gcompare,200,0,0,ok,20,-1,231,87,94,4,50,137,368648,0.422,0,0,0,0.000019000
130,131,3,astar,fast,linear,gcompare,200,0,0,ok,20,-1,628,235,254,7,139,374,368648,0.480,0,0,0,0.000053000
131,132,3,astar,fast,linear,gcompare,200,0,0,ok,26,-1,2579,956,1038,25,585,1541,368648,0.689,0,0,0,0.000227000
132,133,3,astar,fast,linear,gcompare,200,0,0,ok,20,-1,666,246,261,6,159,405,368648,0.469,0,0,0,0.000055000
133,134,3,astar,fast,linear,gcompare,200,0,0,ok,18,-1,313,114,116,1,83,197,368648,0.394,0,0,0,0.000026000
134,135,3,astar,fast,linear,gcompare,200,0,0,ok,26,-1,866,329,344,7,193,522,368648,0.490,0,0,0,0.000073000
135,136,3,astar,fast,linear,gcompare,200,0,0,ok,24,-1,1737,649,695,19,393,1042,368648,0.590,0,0,0,0.000155000
136,137,3,astar,fast,linear,gcompare,200,0,0,ok,18,-1,154,56,58,1,40,96,368648,0.386,0,0,0,0.000012000
137,138,3,astar,fast,linear,gcompare,200,0,0,ok,16,-1,54,18,17,0,19,37,368648,0.321,0,0,0,0.000005000
138,139,3,astar,fast,linear,gcompare,200,0,0,ok,26,-1,1634,614,660,21,360,974,368648,0.568,0,0,0,0.000137000
139,140,3,astar,fast,linear,gcompare,200,0,0,ok,22,-1,1129,424,456,13,249,673,368648,0.497,0,0,0,0.000095000
140,141,3,astar,fast,linear,gcompare,200,0,0,ok,24,-1,1931,722,787,26,422,1144,368648,0.616,0,0,0,0.000164000
141,142,3,astar,fast,linear,gcompare,200,0,0,ok,22,-1,537,197,214,8,126,323,368648,0.450,0,0,0,0.000042000
142,143,3,astar,fast,linear,gcompare,200,0,0,ok,24,-1,2447,909,991,23,547,1456,368648,0.665,0,0,0,0.000216000
143,144,3,astar,fast,linear,gcompare,200,0,0,ok,22,-1,1132,416,460,17,256,672,368648,0.538,0,0,0,0.000098000
144,145,3,astar,fast,linear,gcompare,200,0,0,ok,20,-1,153,56,57,0,40,96,368648,0.414,0,0,0,0.000012000
145,146,3,astar,fast,linear,gcompare,200,0,0,ok,20,-1,233,85,86,1,62,147,368648,0.379,0,0,0,0.000019000
146,147,3,astar,fast,linear,gcompare,200,0,0,ok,24,-1,849,325,347,10,177,502,368648,0.491,0,0,0,0.000073000
147,148,3,astar,fast,linear,gcompare,200,0,0,ok,26,-1,1871,698,747,13,426,1124,368648,0.620,0,0,0,0.000162000
148,149,3,astar,fast,linear,gcompare,200,0,0,ok,26,-1,1092,417,442,11,233,650,368648,0.524,0,0,0,0.000097000
149,150,3,astar,fast,linear,gcompare,200,0,0,ok,24,-1,2898,1094,1185,26,619,1713,368648,0.730,0,0,0,0.000273000
150,151,3,astar,fast,linear,gcompare,200,0,0,ok,22,-1,652,244,257,6,151,395,368648,0.465,0,0,0,0.000055000
151,152,3,astar,fast,linear,gcompare,200,0,0,ok,24,-1,732,275,284,5,173,448,368648,0.451,0,0,0,0.000063000
152,153,3,astar,fast,linear,gcompare,200,0,0,ok,24,-1,1684,626,672,16,386,1012,368648,0.560,0,0,0,0.000141000
153,154,3,astar,fast,linear,gcompare,200,0,0,ok,22,-1,386,142,149,3,95,237,368648,0.434,0,0,0,0.000031000
154,155,3,astar,fast,linear,gcompare,200,0,0,ok,26,-1,2156,800,873,27,483,1283,368648,0.631,0,0,0,0.000186000
155,156,3,astar,fast,linear,gcompare,200,0,0,ok,20,-1,397,147,152,3,98,245,368648,0.422,0,0,0,0.000034000
156,157,3,astar,fast,linear,gcompare,200,0,0,ok,26,-1,1935,724,777,24,434,1158,368648,0.613,0,0,0,0.000170000
157,158,3,astar,fast,linear,gcompare,200,0,0,ok,12,-1,79,28,27,0,24,52,368648,0.385,0,0,0,0.000006000
158,159,3,astar,fast,linear,gcompare,200,0,0,ok,24,-1,904,338,356,8,210,548,368648,0.493,0,0,0,0.000074000
159,160,3,astar,fast,linear,gcompare,200,0,0,ok,18,-1,535,200,209,1,126,326,368648,0.436,0,0,0,0.000046000
160,161,3,astar,fast,linear,gcompare,200,0,0,ok,18,-1,62,23,22,0,17,40,368648,0.361,0,0,0,0.000005000
161,162,3,astar,fast,linear,gcompare,200,0,0,ok,12,-1,37,12,11,0,14,26,368648,0.306,0,0,0,0.000004000
162,163,3,astar,fast,linear,gcompare,200,0,0,ok,24,-1,2087,776,857,33,454,1230,368648,0.634,0,0,0,0.000177000
163,164,3,astar,fast,linear,gcompare,200,0,0,ok,22,-1,444,166,175,4,103,269,368648,0.451,0,0,0,0.000035000
164,165,3,astar,fast,linear,gcompare,200,0,0,ok,22,-1,1331,492,520,4,319,811,368648,0.547,0,0,0,0.000114000
165,166,3,astar,fast,linear,gcompare,200,0,0,ok,20,-1,373,136,144,3,93,229,368648,0.433,0,0,0,0.000030000
166,167,3,astar,fast,linear,gcompare,200,0,0,ok,26,-1,4333,1608,1804,68,921,2529,368648,0.861,0,0,0,0.000385000
167,168,3,astar,fast,linear,gcompare,200,0,0,ok,24,-1,441,167,178,5,96,263,368648,0.455,0,0,0,0.000035000
168,169,3,astar,fast,linear,gcompare,200,0,0,ok,24,-1,1848,687,746,19,415,1102,368648,0.616,0,0,0,0.000159000
169,170,3,astar,fast,linear,gcompare,200,0,0,ok,22,-1,292,110,117,3,65,175,368648,0.436,0,0,0,0.000023000
170,171,3,astar,fast,linear,gcompare,200,0,0,ok,26,-1,2242,848,917,21,477,1325,368648,0.639,0,0,0,0.000192000
171,172,3,astar,fast,linear,gcompare,200,0,0,ok,22,-1,495,184,190,2,121,305,368648,0.431,0,0,0,0.000044000
172,173,3,astar,fast,linear,gcompare,200,0,0,ok,20,-1,424,156,164,3,104,260,368648,0.428,0,0,0,0.000036000
173,174,3,astar,fast,linear,gcompare,200,0,0,ok,22,-1,1283,480,520,10,283,763,368648,0.533,0,0,0,0.000114000
174,175,3,astar,fast,linear,gcompare,200,0,0,ok,24,-1,1950,722,797,26,431,1153,368648,0.612,0,0,0,0.000167000
175,176,3,astar,fast,linear,gcompare,200,0,0,ok,26,-1,1586,593,641,21,352,945,368648,0.569,0,0,0,0.000135000
176,177,3,astar,fast,linear,gcompare,200,0,0,ok,22,-1,300,111,120,6,69,180,368648,0.431,0,0,0,0.000024000
177,178,3,astar,fast,linear,gcompare,200,0,0,ok,26,-1,2482,936,1022,23,524,1460,368648,0.669,0,0,0,0.000210000
178,179,3,astar,fast,linear,gcompare,200,0,0,ok,20,-1,320,117,122,2,81,198,368648,0.417,0,0,0,0.000027000
179,180,3,astar,fast,linear,gcompare,200,0,0,ok,22,-1,959,360,385,9,214,574,368648,0.504,0,0,0,0.000082000
180,181,3,astar,fast,linear,gcompare,200,0,0,ok,24,-1,488,183,190,2,115,298,368648,0.452,0,0,0,0.000041000
181,182,3,astar,fast,linear,gcompare,200,0,0,ok,22,-1,1013,379,394,3,240,619,368648,0.501,0,0,0,0.000085000
182,183,3,astar,fast,linear,gcompare,200,0,0,ok,26,-1,5232,1947,2177,69,1108,3055,376840,0.961,0,0,0,0.000468000
183,184,3,astar,fast,linear,gcompare,200,0,0,ok,22,-1,199,75,76,1,48,123,368648,0.414,0,0,0,0.000018000
184,185,3,astar,fast,linear,gcompare,200,0,0,ok,14,-1,150,55,54,0,41,96,368648,0.376,0,0,0,0.000014000
185,186,3,astar,fast,linear,gcompare,200,0,0,ok,22,-1,334,124,125,1,85,209,368648,0.417,0,0,0,0.000029000
186,187,3,astar,fast,linear,gcompare,200,0,0,ok,22,-1,506,189,201,6,116,305,368648,0.442,0,0,0,0.000044000
187,188,3,astar,fast,linear,gcompare,200,0,0,ok,24,-1,1784,675,726,16,383,1058,368648,0.578,0,0,0,0.000157000
188,189,3,astar,fast,linear,gcompare,200,0,0,ok,28,-1,5534,2070,2351,118,1113,3183,376840,0.979,0,0,0,0.000506000
189,190,3,astar,fast,linear,gcompare,200,0,0,ok,26,-1,2496,937,1036,42,523,1460,368648,0.672,0,0,0,0.000217000
190,191,3,astar,fast,linear,gcompare,200,0,0,ok,22,-1,940,349,371,10,220,569,368648,0.503,0,0,0,0.000080000
191,192,3,astar,fast,linear,gcompare,200,0,0,ok,24,-1,1579,589,652,23,338,927,368648,0.592,0,0,0,0.000134000
192,193,3,astar,fast,linear,gcompare,200,0,0,ok,24,-1,1412,527,560,11,325,852,368648,0.579,0,0,0,0.000118000
193,194,3,astar,fast,linear,gcompare,200,0,0,ok,20,-1,899,333,351,6,215,548,368648,0.474,0,0,0,0.000075000
194,195,3,astar,fast,linear,gcompare,200,0,0,ok,26,-1,2346,886,954,23,506,1392,368648,0.641,0,0,0,0.000198000
195,196,3,astar,fast,linear,gcompare,200,0,0,ok,18,-1,50,18,17,0,15,33,368648,0.347,0,0,0,0.000005000
196,197,3,astar,fast,linear,gcompare,200,0,0,ok,22,-1,836,313,325,3,198,511,368648,0.483,0,0,0,0.000070000
197,198,3,astar,fast,linear,gcompare,200,0,0,ok,16,-1,90,33,33,0,24,57,368648,0.371,0,0,0,0.000007000
198,199,3,astar,fast,linear,gcompare,200,0,0,ok,20,-1,364,135,144,5,85,220,368648,0.433,0,0,0,0.000030000
199,200,3,astar,fast,linear,gcompare,200,0,0,ok,16,-1,244,88,92,2,64,152,368648,0.391,0,0,0,0.000019000
200,201,3,astar,fast,linear,gcompare,200,0,0,ok,28,-1,6316,2385,2655,107,1276,3661,376840,1.073,0,0,0,0.000612000
201,202,3,astar,fast,linear,gcompare,200,0,0,ok,22,-1,698,260,276,6,162,422,368648,0.475,0,0,0,0.000059000
202,203,3,astar,fast,linear,gcompare,200,0,0,ok,18,-1,405,149,155,3,101,250,368648,0.411,0,0,0,0.000032000
203,204,3,astar,fast,linear,gcompare,200,0,0,ok,24,-1,1099,411,432,7,256,667,368648,0.535,0,0,0,0.000094000
204,205,3,astar,fast,linear,gcompare,200,0,0,ok,28,-1,4306,1609,1767,49,930,2539,368648,0.840,0,0,0,0.000385000
205,206,3,astar,fast,linear,gcompare,200,0,0,ok,16,-1,133,48,49,1,36,84,368648,0.379,0,0,0,0.000011000
206,207,3,astar,fast,linear,gcompare,200,0,0,ok,24,-1,634,237,258,11,139,376,368648,0.468,0,0,0,0.000058000
207,208,3,astar,fast,linear,gcompare,200,0,0,ok,24,-1,678,250,258,3,170,420,368648,0.458,0,0,0,0.000057000
208,209,3,astar,fast,linear,gcompare,200,0,0,ok,22,-1,514,192,200,3,122,314,368648,0.474,0,0,0,0.000043000
209,210,3,astar,fast,linear,gcompare,200,0,0,ok,24,-1,1103,411,427,4,265,676,368648,0.500,0,0,0,0.000091000
210,211,3,astar,fast,linear,gcompare,200,0,0,ok,20,-1,898,328,357,9,213,541,368648,0.489,0,0,0,0.000078000
211,212,3,astar,fast,linear,gcompare,200,0,0,ok,22,-1,550,206,217,4,127,333,368648,0.472,0,0,0,0.000047000
212,213,3,astar,fast,linear,gcompare,200,0,0,ok,22,-1,1119,417,458,15,244,661,368648,0.524,0,0,0,0.000094000
213,214,3,astar,fast,linear,gcompare,200,0,0,ok,16,-1,112,41,40,0,31,72,368648,0.387,0,0,0,0.000010000
214,215,3,astar,fast,linear,gcompare,200,0,0,ok,22,-1,244,90,91,1,63,153,368648,0.420,0,0,0,0.000020000
215,216,3,astar,fast,linear,gcompare,200,0,0,ok,22,-1,701,264,281,8,156,420,368648,0.480,0,0,0,0.000057000
216,217,3,astar,fast,linear,gcompare,200,0,0,ok,22,-1,427,160,166,2,101,261,368648,0.420,0,0,0,0.000040000
217,218,3,astar,fast,linear,gcompare,200,0,0,ok,28,-1,4264,1610,1779,67,875,2485,368648,0.845,0,0,0,0.000383000
218,219,3,astar,fast,linear,gcompare,200,0,0,ok,18,-1,385,143,148,2,94,237,368648,0.427,0,0,0,0.000032000
219,220,3,astar,fast,linear,gcompare,200,0,0,ok,18,-1,117,43,42,0,32,75,368648,0.371,0,0,0,0.000010000
220,221,3,astar,fast,linear,gcompare,200,0,0,ok,24,-1,713,273,281,2,159,432,368648,0.466,0,0,0,0.000058000
221,222,3,astar,fast,linear,gcompare,200,0,0,ok,24,-1,1137,421,457,11,259,680,368648,0.550,0,0,0,0.000097000
222,223,3,astar,fast,linear,gcompare,200,0,0,ok,26,-1,2482,935,1024,34,523,1458,368648,0.636,0,0,0,0.000207000
223,224,3,astar,fast,linear,gcompare,200,0,0,ok,14,-1,181,66,65,0,50,116,368648,0.383,0,0,0,0.000016000
224,225,3,astar,fast,linear,gcompare,200,0,0,ok,24,-1,1121,420,442,11,259,679,368648,0.519,0,0,0,0.000090000
225,226,3,astar,fast,linear,gcompare,200,0,0,ok,24,-1,693,259,274,7,160,419,368648,0.494,0,0,0,0.000056000
226,227,3,astar,fast,linear,gcompare,200,0,0,ok,24,-1,1677,635,689,13,353,988,368648,0.585,0,0,0,0.000142000
227,228,3,astar,fast,linear,gcompare,200,0,0,ok,26,-1,714,265,271,3,178,443,368648,0.457,0,0,0,0.000060000
228,229,3,astar,fast,linear,gcompare,200,0,0,ok,18,-1,83,29,28,0,26,55,368648,0.354,0,0,0,0.000007000
229,230,3,astar,fast,linear,gcompare,200,0,0,ok,20,-1,454,169,189,8,96,265,368648,0.472,0,0,0,0.000037000
230,231,3,astar,fast,linear,gcompare,200,0,0,ok,26,-1,1960,738,785,17,437,1175,368648,0.604,0,0,0,0.000167000
231,232,3,astar,fast,linear,gcompare,200,0,0,ok,22,-1,891,329,350,10,212,541,368648,0.484,0,0,0,0.000073000
232,233,3,astar,fast,linear,gcompare,200,0,0,ok,26,-1,2072,781,850,28,441,1222,368648,0.631,0,0,0,0.000171000
233,234,3,astar,fast,linear,gcompare,200,0,0,ok,20,-1,804,299,318,6,187,486,368648,0.509,0,0,0,0.000074000
234,235,3,astar,fast,linear,gcompare,200,0,0,ok,22,-1,297,112,113,1,72,184,368648,0.405,0,0,0,0.000026000
235,236,3,astar,fast,linear,gcompare,200,0,0,ok,20,-1,393,146,153,3,94,240,368648,0.434,0,0,0,0.000034000
236,237,3,astar,fast,linear,gcompare,200,0,0,ok,28,-1,4247,1609,1773,72,865,2474,368648,0.846,0,0,0,0.000392000
237,238,3,astar,fast,linear,gcompare,200,0,0,ok,20,-1,773,287,309,9,177,464,368648,0.488,0,0,0,0.000067000
238,239,3,astar,fast,linear,gcompare,200,0,0,ok,20,-1,419,155,161,3,103,258,368648,0.428,0,0,0,0.000034000
239,240,3,astar,fast,linear,gcompare,200,0,0,ok,24,-1,1286,478,515,14,293,771,368648,0.517,0,0,0,0.000109000
240,241,3,astar,fast,linear,gcompare,200,0,0,ok,20,-1,379,139,145,2,95,234,368648,0.421,0,0,0,0.000030000
241,242,3,astar,fast,linear,gcompare,200,0,0,ok,16,-1,49,16,15,0,18,34,368648,0.312,0,0,0,0.000004000
242,243,3,astar,fast,linear,gcompare,200,0,0,ok,22,-1,815,310,330,7,175,485,368648,0.493,0,0,0,0.000069000
243,244,3,astar,fast,linear,gcompare,200,0,0,ok,24,-1,1934,729,783,23,422,1151,368648,0.620,0,0,0,0.000171000
244,245,3,astar,fast,linear,gcompare,200,0,0,ok,14,-1,52,18,17,0,17,35,368648,0.353,0,0,0,0.000006000
245,246,3,astar,fast,linear,gcompare,200,0,0,ok,22,-1,1426,532,578,12,316,848,368648,0.559,0,0,0,0.000121000
246,247,3,astar,fast,linear,gcompare,200,0,0,ok,22,-1,501,187,199,4,115,302,368648,0.448,0,0,0,0.000040000
247,248,3,astar,fast,linear,gcompare,200,0,0,ok,28,-1,4320,1620,1802,67,898,2518,368648,0.830,0,0,0,0.000389000
248,249,3,astar,fast,linear,gcompare,200,0,0,ok,28,-1,2583,988,1081,43,514,1502,368648,0.660,0,0,0,0.000215000
249,250,3,astar,fast,linear,gcompare,200,0,0,ok,28,-1,2978,1127,1231,37,620,1747,368648,0.714,0,0,0,0.000252000
250,251,3,astar,fast,linear,gcompare,200,0,0,ok,26,-1,1873,707,764,21,402,1109,368648,0.604,0,0,0,0.000161000
251,252,3,astar,fast,linear,gcompare,200,0,0,ok,24,-1,1099,406,443,18,250,656,368648,0.507,0,0,0,0.000091000
252,253,3,astar,fast,linear,gcompare,200,0,0,ok,24,-1,2313,861,943,27,509,1370,368648,0.652,0,0,0,0.000198000
253,254,3,astar,fast,linear,gcompare,200,0,0,ok,22,-1,457,170,176,3,111,281,368648,0.436,0,0,0,0.000039000
254,255,3,astar,fast,linear,gcompare,200,0,0,ok,22,-1,1088,405,436,9,247,652,368648,0.506,0,0,0,0.000091000
255,256,3,astar,fast,linear,gcompare,200,0,0,ok,20,-1,144,53,53,0,38,91,368648,0.385,0,0,0,0.000012000
256,257,3,astar,fast,linear,gcompare,200,0,0,ok,20,-1,305,112,116,2,77,189,368648,0.408,0,0,0,0.000025000
257,258,3,astar,fast,linear,gcompare,200,0,0,ok,24,-1,611,227,232,3,152,379,368648,0.441,0,0,0,0.000051000
258,259,3,astar,fast,linear,gcompare,200,0,0,ok,20,-1,429,160,170,4,99,259,368648,0.430,0,0,0,0.000034000
259,260,3,astar,fast,linear,gcompare,200,0,0,ok,28,-1,3559,1335,1471,56,753,2088,368648,0.804,0,0,0,0.000305000
260,261,3,astar,fast,linear,gcompare,200,0,0,ok,26,-1,1398,525,575,24,298,823,368648,0.558,0,0,0,0.000116000
261,262,3,astar,fast,linear,gcompare,200,0,0,ok,24,-1,1139,432,458,7,249,681,368648,0.525,0,0,0,0.000095000
262,263,3,astar,fast,linear,gcompare,200,0,0,ok,22,-1,869,324,351,6,194,518,368648,0.495,0,0,0,0.000071000
263,264,3,astar,fast,linear,gcompare,200,0,0,ok,22,-1,606,227,249,11,130,357,368648,0.469,0,0,0,0.000048000
264,265,3,astar,fast,linear,gcompare,200,0,0,ok,22,-1,694,260,281,9,153,413,368648,0.459,0,0,0,0.000056000
265,266,3,astar,fast,linear,gcompare,200,0,0,ok,26,-1,1403,527,557,13,319,846,368648,0.555,0,0,0,0.000117000
266,267,3,astar,fast,linear,gcompare,200,0,0,ok,26,-1,1214,457,493,14,264,721,368648,0.512,0,0,0,0.000097000
267,268,3,astar,fast,linear,gcompare,200,0,0,ok,20,-1,105,39,38,0,28,67,368648,0.375,0,0,0,0.000009000
268,269,3,astar,fast,linear,gcompare,200,0,0,ok,24,-1,933,354,386,12,193,547,368648,0.513,0,0,0,0.000077000
269,270,3,astar,fast,linear,gcompare,200,0,0,ok,26,-1,2028,762,819,20,447,1209,368648,0.622,0,0,0,0.000171000
270,271,3,astar,fast,linear,gcompare,200,0,0,ok,24,-1,807,304,330,12,173,477,368648,0.499,0,0,0,0.000065000
271,272,3,astar,fast,linear,gcompare,200,0,0,ok,18,-1,330,122,126,2,82,204,368648,0.426,0,0,0,0.000026000
272,273,3,astar,fast,linear,gcompare,200,0,0,ok,20,-1,565,209,214,2,142,351,368648,0.459,0,0,0,0.000057000
273,274,3,astar,fast,linear,gcompare,200,0,0,ok,28,-1,2777,1050,1170,53,557,1607,368648,0.706,0,0,0,0.000232000
274,275,3,astar,fast,linear,gcompare,200,0,0,ok,18,-1,63,22,21,0,20,42,368648,0.339,0,0,0,0.000006000
275,276,3,astar,fast,linear,gcompare,200,0,0,ok,26,-1,1561,580,638,25,343,923,368648,0.556,0,0,0,0.000133000
276,277,3,astar,fast,linear,gcompare,200,0,0,ok,22,-1,729,272,285,5,172,444,368648,0.462,0,0,0,0.000060000
277,278,3,astar,fast,linear,gcompare,200,0,0,ok,24,-1,1157,432,458,11,267,699,368648,0.519,0,0,0,0.000097000
278,279,3,astar,fast,linear,gcompare,200,0,0,ok,24,-1,1142,431,454,8,257,688,368648,0.512,0,0,0,0.000097000
279,280,3,astar,fast,linear,gcompare,200,0,0,ok,22,-1,1027,376,410,14,241,617,368648,0.521,0,0,0,0.000088000
280,281,3,astar,fast,linear,gcompare,200,0,0,ok,22,-1,416,156,161,3,99,255,368648,0.439,0,0,0,0.000034000
281,282,3,astar,fast,linear,gcompare,200,0,0,ok,26,-1,1702,652,690,15,360,1012,368648,0.577,0,0,0,0.000145000
282,283,3,astar,fast,linear,gcompare,200,0,0,ok,28,-1,1689,634,671,14,384,1018,368648,0.543,0,0,0,0.000143000
283,284,3,astar,fast,linear,gcompare,200,0,0,ok,28,-1,5595,2083,2329,86,1183,3266,376840,1.023,0,0,0,0.000533000
284,285,3,astar,fast,linear,gcompare,200,0,0,ok,24,-1,1136,419,465,21,252,671,368648,0.514,0,0,0,0.000094000
285,286,3,astar,fast,linear,gcompare,200,0,0,ok,22,-1,183,68,68,0,47,115,368648,0.401,0,0,0,0.000015000
286,287,3,astar,fast,linear,gcompare,200,0,0,ok,20,-1,316,117,123,3,76,193,368648,0.441,0,0,0,0.000026000
287,288,3,astar,fast,linear,gcompare,200,0,0,ok,24,-1,1220,454,488,10,278,732,368648,0.535,0,0,0,0.000102000
288,289,3,astar,fast,linear,gcompare,200,0,0,ok,24,-1,1444,536,579,18,329,865,368648,0.577,0,0,0,0.000122000
289,290,3,astar,fast,linear,gcompare,200,0,0,ok,20,-1,585,217,233,5,135,352,368648,0.462,0,0,0,0.000048000
290,291,3,astar,fast,linear,gcompare,200,0,0,ok,20,-1,487,178,199,10,110,288,368648,0.459,0,0,0,0.000038000
291,292,3,astar,fast,linear,gcompare,200,0,0,ok,24,-1,1274,472,510,18,292,764,368648,0.515,0,0,0,0.000103000
292,293,3,astar,fast,linear,gcompare,200,0,0,ok,24,-1,413,154,161,2,98,252,368648,0.417,0,0,0,0.000032000
293,294,3,astar,fast,linear,gcompare,200,0,0,ok,16,-1,67,25,24,0,18,43,368648,0.364,0,0,0,0.000006000
294,295,3,astar,fast,linear,gcompare,200,0,0,ok,20,-1,284,105,108,2,71,176,368648,0.424,0,0,0,0.000023000
295,296,3,astar,fast,linear,gcompare,200,0,0,ok,20,-1,252,93,100,4,59,152,368648,0.434,0,0,0,0.000020000
296,297,3,astar,fast,linear,gcompare,200,0,0,ok,26,-1,1021,391,418,13,212,603,368648,0.514,0,0,0,0.000084000
297,298,3,astar,fast,linear,gcompare,200,0,0,ok,22,-1,325,123,126,2,76,199,368648,0.423,0,0,0,0.000027000
298,299,3,astar,fast,linear,gcompare,200,0,0,ok,18,-1,410,152,162,2,96,248,368648,0.452,0,0,0,0.000035000
299,300,3,astar,fast,linear,gcompare,200,0,0,ok,26,-1,1984,749,814,24,421,1170,368648,0.635,0,0,0,0.000166000
300,301,3,astar,fast,linear,gcompare,200,0,0,ok,18,-1,172,63,64,1,45,108,368648,0.404,0,0,0,0.000014000
301,302,3,astar,fast,linear,gcompare,200,0,0,ok,18,-1,260,94,101,1,65,159,368648,0.425,0,0,0,0.000021000
302,303,3,astar,fast,linear,gcompare,200,0,0,ok,22,-1,984,367,397,13,220,587,368648,0.514,0,0,0,0.000081000
303,304,3,astar,fast,linear,gcompare,200,0,0,ok,26,-1,1810,678,749,30,383,1061,368648,0.598,0,0,0,0.000145000
304,305,3,astar,fast,linear,gcompare,200,0,0,ok,22,-1,950,354,385,15,211,565,368648,0.503,0,0,0,0.000077000
305,306,3,astar,fast,linear,gcompare,200,0,0,ok,24,-1,661,249,268,8,144,393,368648,0.455,0,0,0,0.000053000
306,307,3,astar,fast,linear,gcompare,200,0,0,ok,20,-1,214,80,81,1,53,133,368648,0.427,0,0,0,0.000019000
307,308,3,astar,fast,linear,gcompare,200,0,0,ok,24,-1,632,239,250,6,143,382,368648,0.445,0,0,0,0.000053000
308,309,3,astar,fast,linear,gcompare,200,0,0,ok,20,-1,512,190,203,4,119,309,368648,0.466,0,0,0,0.000041000
309,310,3,astar,fast,linear,gcompare,200,0,0,ok,22,-1,1291,481,520,14,290,771,368648,0.542,0,0,0,0.000108000
310,311,3,astar,fast,linear,gcompare,200,0,0,ok,22,-1,1541,573,630,16,338,911,368648,0.545,0,0,0,0.000130000
311,312,3,astar,fast,linear,gcompare,200,0,0,ok,26,-1,2537,955,1043,30,539,1494,368648,0.687,0,0,0,0.000216000
312,313,3,astar,fast,linear,gcompare,200,0,0,ok,18,-1,193,71,72,1,50,121,368648,0.422,0,0,0,0.000016000
313,314,3,astar,fast,linear,gcompare,200,0,0,ok,16,-1,138,50,51,1,37,87,368648,0.387,0,0,0,0.000012000
314,315,3,astar,fast,linear,gcompare,200,0,0,ok,22,-1,2316,859,952,30,505,1364,368648,0.686,0,0,0,0.000209000
315,316,3,astar,fast,linear,gcompare,200,0,0,ok,28,-1,4031,1517,1666,54,848,2365,368648,0.848,0,0,0,0.000367000
316,317,3,astar,fast,linear,gcompare,200,0,0,ok,18,-1,217,79,81,1,57,136,368648,0.394,0,0,0,0.000018000
317,318,3,astar,fast,linear,gcompare,200,0,0,ok,22,-1,344,128,139,6,77,205,368648,0.437,0,0,0,0.000027000
318,319,3,astar,fast,linear,gcompare,200,0,0,ok,18,-1,125,45,48,2,32,77,368648,0.387,0,0,0,0.000010000
319,320,3,astar,fast,linear,gcompare,200,0,0,ok,18,-1,204,75,74,0,55,130,368648,0.379,0,0,0,0.000016000
320,321,3,astar,fast,linear,gcompare,200,0,0,ok,26,-1,2213,823,910,33,480,1303,368648,0.654,0,0,0,0.000183000
321,322,3,astar,fast,linear,gcompare,200,0,0,ok,24,-1,678,256,274,7,148,404,368648,0.484,0,0,0,0.000057000
322,323,3,astar,fast,linear,gcompare,200,0,0,ok,22,-1,1020,381,409,13,230,611,368648,0.517,0,0,0,0.000085000
323,324,3,astar,fast,linear,gcompare,200,0,0,ok,22,-1,313,114,115,1,84,198,368648,0.394,0,0,0,0.000026000
324,325,3,astar,fast,linear,gcompare,200,0,0,ok,18,-1,203,75,78,2,50,125,368648,0.411,0,0,0,0.000016000
325,326,3,astar,fast,linear,gcompare,200,0,0,ok,24,-1,595,223,241,7,131,354,368648,0.498,0,0,0,0.000047000
326,327,3,astar,fast,linear,gcompare,200,0,0,ok,22,-1,450,171,175,2,104,275,368648,0.425,0,0,0,0.000038000
327,328,3,astar,fast,linear,gcompare,200,0,0,ok,20,-1,931,344,367,6,220,564,368648,0.498,0,0,0,0.000077000
328,329,3,astar,fast,linear,gcompare,200,0,0,ok,22,-1,1071,398,428,7,245,643,368648,0.539,0,0,0,0.000087000
329,330,3,astar,fast,linear,gcompare,200,0,0,ok,22,-1,255,95,98,2,62,157,368648,0.402,0,0,0,0.000020000
330,331,3,astar,fast,linear,gcompare,200,0,0,ok,18,-1,203,75,78,2,50,125,368648,0.411,0,0,0,0.000014000
331,332,3,astar,fast,linear,gcompare,200,0,0,ok,24,-1,1136,431,460,11,245,676,368648,0.511,0,0,0,0.000092000
332,333,3,astar,fast,linear,gcompare,200,0,0,ok,14,-1,98,35,34,0,29,64,368648,0.351,0,0,0,0.000008000
333,334,3,astar,fast,linear,gcompare,200,0,0,ok,24,-1,2084,780,861,25,443,1223,368648,0.639,0,0,0,0.000175000
334,335,3,astar,fast,linear,gcompare,200,0,0,ok,26,-1,1506,581,622,15,303,884,368648,0.541,0,0,0,0.000139000
335,336,3,astar,fast,linear,gcompare,200,0,0,ok,20,-1,334,126,127,1,81,207,368648,0.405,0,0,0,0.000028000
336,337,3,astar,fast,linear,gcompare,200,0,0,ok,18,-1,555,206,214,3,135,341,368648,0.455,0,0,0,0.000047000
337,338,3,astar,fast,linear,gcompare,200,0,0,ok,22,-1,100,35,34,0,31,66,368648,0.364,0,0,0,0.000008000
338,339,3,astar,fast,linear,gcompare,200,0,0,ok,22,-1,675,251,264,6,160,411,368648,0.466,0,0,0,0.000057000
339,340,3,astar,fast,linear,gcompare,200,0,0,ok,26,-1,1715,655,713,23,347,1002,368648,0.600,0,0,0,0.000145000
340,341,3,astar,fast,linear,gcompare,200,0,0,ok,24,-1,1030,392,425,17,213,605,368648,0.520,0,0,0,0.000087000
341,342,3,astar,fast,linear,gcompare,200,0,0,ok,22,-1,729,268,283,6,178,446,368648,0.456,0,0,0,0.000062000
342,343,3,astar,fast,linear,gcompare,200,0,0,ok,26,-1,1624,602,645,16,377,979,368648,0.559,0,0,0,0.000142000
343,344,3,astar,fast,linear,gcompare,200,0,0,ok,22,-1,920,338,353,6,229,567,368648,0.483,0,0,0,0.000078000
344,345,3,astar,fast,linear,gcompare,200,0,0,ok,26,-1,3823,1443,1578,45,802,2245,368648,0.814,0,0,0,0.000354000
345,346,3,astar,fast,linear,gcompare,200,0,0,ok,26,-1,1120,423,445,10,252,675,368648,0.486,0,0,0,0.000095000
346,347,3,astar,fast,linear,gcompare,200,0,0,ok,18,-1,211,78,77,0,56,134,368648,0.376,0,0,0,0.000018000
347,348,3,astar,fast,linear,gcompare,200,0,0,ok,22,-1,909,335,351,3,223,558,368648,0.496,0,0,0,0.000079000
348,349,3,astar,fast,linear,gcompare,200,0,0,ok,24,-1,1416,537,578,13,301,838,368648,0.556,0,0,0,0.000122000
349,350,3,astar,fast,linear,gcompare,200,0,0,ok,20,-1,580,217,228,4,135,352,368648,0.456,0,0,0,0.000049000
350,351,3,astar,fast,linear,gcompare,200,0,0,ok,26,-1,1267,476,501,10,290,766,368648,0.530,0,0,0,0.000111000
351,352,3,astar,fast,linear,gcompare,200,0,0,ok,20,-1,558,212,227,4,119,331,368648,0.456,0,0,0,0.000046000
352,353,3,astar,fast,linear,gcompare,200,0,0,ok,22,-1,710,265,280,5,165,430,368648,0.477,0,0,0,0.000059000
353,354,3,astar,fast,linear,gcompare,200,0,0,ok,24,-1,979,365,391,8,223,588,368648,0.505,0,0,0,0.000080000
354,355,3,astar,fast,linear,gcompare,200,0,0,ok,24,-1,1579,592,643,19,344,936,368648,0.580,0,0,0,0.000136000
355,356,3,astar,fast,linear,gcompare,200,0,0,ok,24,-1,957,359,379,9,219,578,368648,0.507,0,0,0,0.000079000
356,357,3,astar,fast,linear,gcompare,200,0,0,ok,22,-1,333,127,129,0,77,204,368648,0.422,0,0,0,0.000026000
357,358,3,astar,fast,linear,gcompare,200,0,0,ok,22,-1,705,266,284,9,155,421,368648,0.499,0,0,0,0.000058000
358,359,3,astar,fast,linear,gcompare,200,0,0,ok,20,-1,346,131,132,0,83,214,368648,0.414,0,0,0,0.000029000
359,360,3,astar,fast,linear,gcompare,200,0,0,ok,22,-1,631,234,247,6,150,384,368648,0.457,0,0,0,0.000053000
360,361,3,astar,fast,linear,gcompare,200,0,0,ok,16,-1,208,77,79,0,52,129,368648,0.396,0,0,0,0.000017000
361,362,3,astar,fast,linear,gcompare,200,0,0,ok,24,-1,572,215,223,4,134,349,368648,0.429,0,0,0,0.000047000
362,363,3,astar,fast,linear,gcompare,200,0,0,ok,22,-1,853,322,340,8,191,513,368648,0.495,0,0,0,0.000074000
363,364,3,astar,fast,linear,gcompare,200,0,0,ok,22,-1,587,218,230,4,139,357,368648,0.457,0,0,0,0.000049000
364,365,3,astar,fast,linear,gcompare,200,0,0,ok,26,-1,2250,837,906,25,507,1344,368648,0.660,0,0,0,0.000200000
365,366,3,astar,fast,linear,gcompare,200,0,0,ok,20,-1,83,29,28,0,26,55,368648,0.378,0,0,0,0.000007000
366,367,3,astar,fast,linear,gcompare,200,0,0,ok,22,-1,394,146,150,2,98,244,368648,0.407,0,0,0,0.000033000
367,368,3,astar,fast,linear,gcompare,200,0,0,ok,20,-1,132,49,48,0,35,84,368648,0.366,0,0,0,0.000011000
368,369,3,astar,fast,linear,gcompare,200,0,0,ok,18,-1,238,87,88,1,63,150,368648,0.426,0,0,0,0.000020000
369,370,3,astar,fast,linear,gcompare,200,0,0,ok,28,-1,4198,1581,1760,67,857,2438,368648,0.853,0,0,0,0.000433000
370,371,3,astar,fast,linear,gcompare,200,0,0,ok,18,-1,437,161,167,2,109,270,368648,0.452,0,0,0,0.000042000
371,372,3,astar,fast,linear,gcompare,200,0,0,ok,20,-1,275,98,100,1,77,175,368648,0.394,0,0,0,0.000024000
372,373,3,astar,fast,linear,gcompare,200,0,0,ok,26,-1,1174,446,475,11,253,699,368648,0.540,0,0,0,0.000095000
373,374,3,astar,fast,linear,gcompare,200,0,0,ok,22,-1,584,218,233,8,133,351,368648,0.460,0,0,0,0.000052000
374,375,3,astar,fast,linear,gcompare,200,0,0,ok,20,-1,361,132,141,4,88,220,368648,0.442,0,0,0,0.000031000
375,376,3,astar,fast,linear,gcompare,200,0,0,ok,20,-1,295,108,111,2,76,184,368648,0.408,0,0,0,0.000026000
376,377,3,astar,fast,linear,gcompare,200,0,0,ok,28,-1,7822,2936,3283,110,1603,4539,409608,1.153,0,0,0,0.000795000
377,378,3,astar,fast,linear,gcompare,200,0,0,ok,22,-1,546,203,215,5,128,331,368648,0.459,0,0,0,0.000050000
378,379,3,astar,fast,linear,gcompare,200,0,0,ok,26,-1,2443,925,1010,37,508,1433,368648,0.666,0,0,0,0.000312000
379,380,3,astar,fast,linear,gcompare,200,0,0,ok,22,-1,314,117,121,2,76,193,368648,0.403,0,0,0,0.000027000
380,381,3,astar,fast,linear,gcompare,200,0,0,ok,24,-1,1106,417,445,12,244,661,368648,0.507,0,0,0,0.000113000
381,382,3,astar,fast,linear,gcompare,200,0,0,ok,20,-1,352,131,132,1,89,220,368648,0.410,0,0,0,0.000031000
382,383,3,astar,fast,linear,gcompare,200,0,0,ok,28,-1,3423,1292,1439,63,692,1984,368648,0.758,0,0,0,0.000315000
383,384,3,astar,fast,linear,gcompare,200,0,0,ok,22,-1,469,178,182,2,109,287,368648,0.436,0,0,0,0.000041000
384,385,3,astar,fast,linear,gcompare,200,0,0,ok,22,-1,236,86,89,2,61,147,368648,0.443,0,0,0,0.000021000
385,386,3,astar,fast,linear,gcompare,200,0,0,ok,22,-1,732,271,289,7,172,443,368648,0.486,0,0,0,0.000061000
386,387,3,astar,fast,linear,gcompare,200,0,0,ok,22,-1,909,335,351,3,223,558,368648,0.496,0,0,0,0.000079000
387,388,3,astar,fast,linear,gcompare,200,0,0,ok,18,-1,130,47,46,0,37,84,368648,0.372,0,0,0,0.000011000
388,389,3,astar,fast,linear,gcompare,200,0,0,ok,26,-1,1445,541,602,28,302,843,368648,0.563,0,0,0,0.000118000
389,390,3,astar,fast,linear,gcompare,200,0,0,ok,24,-1,636,238,251,4,147,385,368648,0.466,0,0,0,0.000054000
390,391,3,astar,fast,linear,gcompare,200,0,0,ok,24,-1,2082,792,843,12,447,1239,368648,0.623,0,0,0,0.000183000
391,392,3,astar,fast,linear,gcompare,200,0,0,ok,20,-1,555,208,220,4,127,335,368648,0.446,0,0,0,0.000047000
392,393,3,astar,fast,linear,gcompare,200,0,0,ok,26,-1,1244,468,488,8,288,756,368648,0.520,0,0,0,0.000105000
393,394,3,astar,fast,linear,gcompare,200,0,0,ok,20,-1,276,104,108,2,64,168,368648,0.440,0,0,0,0.000023000
394,395,3,astar,fast,linear,gcompare,200,0,0,ok,22,-1,1015,382,403,6,230,612,368648,0.514,0,0,0,0.000085000
395,396,3,astar,fast,linear,gcompare,200,0,0,ok,22,-1,657,246,264,9,147,393,368648,0.462,0,0,0,0.000053000
396,397,3,astar,fast,linear,gcompare,200,0,0,ok,22,-1,449,170,179,4,100,270,368648,0.433,0,0,0,0.000037000
397,398,3,astar,fast,linear,gcompare,200,0,0,ok,24,-1,1060,397,414,4,249,646,368648,0.490,0,0,0,0.000089000
398,399,3,astar,fast,linear,gcompare,200,0,0,ok,20,-1,119,45,44,0,30,75,368648,0.381,0,0,0,0.000010000
399,400,3,astar,fast,linear,gcompare,200,0,0,ok,24,-1,1303,486,524,11,293,779,368648,0.530,0,0,0,0.000107000
400,401,3,astar,fast,linear,gcompare,200,0,0,ok,18,-1,403,148,155,4,100,248,368648,0.438,0,0,0,0.000032000
401,402,3,astar,fast,linear,gcompare,200,0,0,ok,20,-1,149,53,52,0,44,97,368648,0.351,0,0,0,0.000012000
402,403,3,astar,fast,linear,gcompare,200,0,0,ok,24,-1,2154,801,880,25,473,1274,368648,0.644,0,0,0,0.000186000
403,404,3,astar,fast,linear,gcompare,200,0,0,ok,20,-1,440,162,171,4,107,269,368648,0.435,0,0,0,0.000037000
404,405,3,astar,fast,linear,gcompare,200,0,0,ok,18,-1,242,89,90,1,63,152,368648,0.407,0,0,0,0.000020000
405,406,3,astar,fast,linear,gcompare,200,0,0,ok,18,-1,344,128,133,3,83,211,368648,0.405,0,0,0,0.000027000
406,407,3,astar,fast,linear,gcompare,200,0,0,ok,22,-1,411,152,161,5,98,250,368648,0.429,0,0,0,0.000032000
407,408,3,astar,fast,linear,gcompare,200,0,0,ok,20,-1,282,105,106,0,71,176,368648,0.409,0,0,0,0.000023000
408,409,3,astar,fast,linear,gcompare,200,0,0,ok,22,-1,827,309,330,7,188,497,368648,0.487,0,0,0,0.000068000
409,410,3,astar,fast,linear,gcompare,200,0,0,ok,24,-1,1263,468,520,24,275,743,368648,0.529,0,0,0,0.000106000
410,411,3,astar,fast,linear,gcompare,200,0,0,ok,16,-1,229,87,86,0,56,143,368648,0.404,0,0,0,0.000020000
411,412,3,astar,fast,linear,gcompare,200,0,0,ok,12,-1,50,18,17,0,15,33,368648,0.347,0,0,0,0.000005000
412,413,3,astar,fast,linear,gcompare,200,0,0,ok,22,-1,398,147,148,1,103,250,368648,0.426,0,0,0,0.000033000
413,414,3,astar,fast,linear,gcompare,200,0,0,ok,24,-1,1109,412,441,14,256,668,368648,0.504,0,0,0,0.000093000
414,415,3,astar,fast,linear,gcompare,200,0,0,ok,24,-1,1785,664,733,32,388,1052,368648,0.617,0,0,0,0.000156000
415,416,3,astar,fast,linear,gcompare,200,0,0,ok,24,-1,790,296,315,8,179,475,368648,0.480,0,0,0,0.000066000
416,417,3,astar,fast,linear,gcompare,200,0,0,ok,22,-1,293,110,113,2,70,180,368648,0.408,0,0,0,0.000027000
417,418,3,astar,fast,linear,gcompare,200,0,0,ok,20,-1,406,151,156,3,99,250,368648,0.427,0,0,0,0.000038000
418,419,3,astar,fast,linear,gcompare,200,0,0,ok,20,-1,301,112,115,1,74,186,368648,0.400,0,0,0,0.000024000
419,420,3,astar,fast,linear,gcompare,200,0,0,ok,20,-1,271,101,101,0,69,170,368648,0.404,0,0,0,0.000022000
420,421,3,astar,fast,linear,gcompare,200,0,0,ok,20,-1,347,128,134,2,85,213,368648,0.422,0,0,0,0.000031000
421,422,3,astar,fast,linear,gcompare,200,0,0,ok,22,-1,805,301,321,4,183,484,368648,0.481,0,0,0,0.000067000
422,423,3,astar,fast,linear,gcompare,200,0,0,ok,20,-1,209,79,79,0,51,130,368648,0.413,0,0,0,0.000017000
423,424,3,astar,fast,linear,gcompare,200,0,0,ok,20,-1,362,133,141,4,88,221,368648,0.427,0,0,0,0.000030000
424,425,3,astar,fast,linear,gcompare,200,0,0,ok,20,-1,394,145,147,1,102,247,368648,0.405,0,0,0,0.000030000
425,426,3,astar,fast,linear,gcompare,200,0,0,ok,24,-1,1838,689,742,15,407,1096,368648,0.640,0,0,0,0.000158000
426,427,3,astar,fast,linear,gcompare,200,0,0,ok,24,-1,1292,489,520,14,283,772,368648,0.537,0,0,0,0.000107000
427,428,3,astar,fast,linear,gcompare,200,0,0,ok,18,-1,288,107,110,1,71,178,368648,0.418,0,0,0,0.000023000
428,429,3,astar,fast,linear,gcompare,200,0,0,ok,22,-1,596,223,231,2,142,365,368648,0.439,0,0,0,0.000048000
429,430,3,astar,fast,linear,gcompare,200,0,0,ok,24,-1,1426,532,583,20,311,843,368648,0.558,0,0,0,0.000117000
430,431,3,astar,fast,linear,gcompare,200,0,0,ok,24,-1,1592,595,637,14,360,955,368648,0.568,0,0,0,0.000131000
431,432,3,astar,fast,linear,gcompare,200,0,0,ok,22,-1,446,164,173,4,109,273,368648,0.458,0,0,0,0.000035000
432,433,3,astar,fast,linear,gcompare,200,0,0,ok,28,-1,2571,972,1048,33,551,1523,368648,0.670,0,0,0,0.000270000
433,434,3,astar,fast,linear,gcompare,200,0,0,ok,24,-1,370,140,143,2,87,227,368648,0.444,0,0,0,0.000032000
434,435,3,astar,fast,linear,gcompare,200,0,0,ok,20,-1,850,319,344,7,187,506,368648,0.483,0,0,0,0.000088000
435,436,3,astar,fast,linear,gcompare,200,0,0,ok,20,-1,350,130,134,2,86,216,368648,0.418,0,0,0,0.000034000
436,437,3,astar,fast,linear,gcompare,200,0,0,ok,22,-1,663,245,259,6,159,404,368648,0.474,0,0,0,0.000058000
437,438,3,astar,fast,linear,gcompare,200,0,0,ok,20,-1,618,232,257,11,129,361,368648,0.476,0,0,0,0.000049000
438,439,3,astar,fast,linear,gcompare,200,0,0,ok,22,-1,634,238,249,6,147,385,368648,0.472,0,0,0,0.000052000
439,440,3,astar,fast,linear,gcompare,200,0,0,ok,24,-1,845,317,337,6,191,508,368648,0.489,0,0,0,0.000073000
440,441,3,astar,fast,linear,gcompare,200,0,0,ok,26,-1,2059,765,833,25,461,1226,368648,0.607,0,0,0,0.000179000
441,442,3,astar,fast,linear,gcompare,200,0,0,ok,22,-1,1142,426,460,12,256,682,368648,0.565,0,0,0,0.000093000
442,443,3,astar,fast,linear,gcompare,200,0,0,ok,24,-1,1190,446,479,11,265,711,368648,0.537,0,0,0,0.000098000
443,444,3,astar,fast,linear,gcompare,200,0,0,ok,22,-1,508,194,203,3,111,305,368648,0.450,0,0,0,0.000040000
444,445,3,astar,fast,linear,gcompare,200,0,0,ok,26,-1,1086,404,426,10,256,660,368648,0.515,0,0,0,0.000089000
445,446,3,astar,fast,linear,gcompare,200,0,0,ok,20,-1,105,38,38,0,29,67,368648,0.394,0,0,0,0.000009000
446,447,3,astar,fast,linear,gcompare,200,0,0,ok,28,-1,6660,2507,2807,109,1346,3853,376840,1.124,0,0,0,0.000604000
447,448,3,astar,fast,linear,gcompare,200,0,0,ok,22,-1,869,322,340,8,207,529,368648,0.495,0,0,0,0.000078000
448,449,3,astar,fast,linear,gcompare,200,0,0,ok,20,-1,672,251,266,2,155,406,368648,0.481,0,0,0,0.000058000
449,450,3,astar,fast,linear,gcompare,200,0,0,ok,24,-1,1386,517,559,15,310,827,368648,0.560,0,0,0,0.000115000
450,451,3,astar,fast,linear,gcompare,200,0,0,ok,22,-1,594,223,236,5,135,358,368648,0.470,0,0,0,0.000050000
451,452,3,astar,fast,linear,gcompare,200,0,0,ok,18,-1,253,92,95,1,66,158,368648,0.429,0,0,0,0.000021000
452,453,3,astar,fast,linear,gcompare,200,0,0,ok,26,-1,2851,1061,1144,29,646,1707,368648,0.738,0,0,0,0.000247000
453,454,3,astar,fast,linear,gcompare,200,0,0,ok,26,-1,4246,1589,1759,60,898,2487,368648,0.853,0,0,0,0.000379000
454,455,3,astar,fast,linear,gcompare,200,0,0,ok,24,-1,1597,598,656,17,343,941,368648,0.585,0,0,0,0.000138000
455,456,3,astar,fast,linear,gcompare,200,0,0,ok,26,-1,2192,833,911,34,448,1281,368648,0.654,0,0,0,0.000189000
456,457,3,astar,fast,linear,gcompare,200,0,0,ok,26,-1,3350,1248,1364,42,738,1986,368648,0.751,0,0,0,0.000290000
457,458,3,astar,fast,linear,gcompare,200,0,0,ok,22,-1,558,207,219,5,132,339,368648,0.434,0,0,0,0.000046000
458,459,3,astar,fast,linear,gcompare,200,0,0,ok,22,-1,818,304,321,4,193,497,368648,0.488,0,0,0,0.000069000
459,460,3,astar,fast,linear,gcompare,200,0,0,ok,22,-1,795,291,308,6,196,487,368648,0.472,0,0,0,0.000066000
460,461,3,astar,fast,linear,gcompare,200,0,0,ok,22,-1,557,208,219,5,130,338,368648,0.453,0,0,0,0.000046000
461,462,3,astar,fast,linear,gcompare,200,0,0,ok,20,-1,235,85,86,0,64,149,368648,0.415,0,0,0,0.000020000
462,463,3,astar,fast,linear,gcompare,200,0,0,ok,24,-1,820,305,317,5,198,503,368648,0.469,0,0,0,0.000069000
463,464,3,astar,fast,linear,gcompare,200,0,0,ok,20,-1,585,217,232,8,136,353,368648,0.471,0,0,0,0.000047000
464,465,3,astar,fast,linear,gcompare,200,0,0,ok,18,-1,205,74,77,2,54,128,368648,0.387,0,0,0,0.000017000
465,466,3,astar,fast,linear,gcompare,200,0,0,ok,22,-1,296,110,113,1,73,183,368648,0.410,0,0,0,0.000024000
466,467,3,astar,fast,linear,gcompare,200,0,0,ok,20,-1,663,245,266,11,152,397,368648,0.488,0,0,0,0.000052000
467,468,3,astar,fast,linear,gcompare,200,0,0,ok,24,-1,2121,798,864,20,459,1257,368648,0.636,0,0,0,0.000181000
468,469,3,astar,fast,linear,gcompare,200,0,0,ok,22,-1,1103,407,440,9,256,663,368648,0.525,0,0,0,0.000093000
469,470,3,astar,fast,linear,gcompare,200,0,0,ok,22,-1,455,168,177,5,110,278,368648,0.421,0,0,0,0.000037000
470,471,3,astar,fast,linear,gcompare,200,0,0,ok,22,-1,208,79,78,0,51,130,368648,0.391,0,0,0,0.000017000
471,472,3,astar,fast,linear,gcompare,200,0,0,ok,24,-1,2102,790,867,31,445,1235,368648,0.644,0,0,0,0.000177000
472,473,3,astar,fast,linear,gcompare,200,0,0,ok,24,-1,554,207,214,2,133,340,368648,0.439,0,0,0,0.000047000
473,474,3,astar,fast,linear,gcompare,200,0,0,ok,24,-1,454,172,175,1,107,279,368648,0.444,0,0,0,0.000037000
474,475,3,astar,fast,linear,gcompare,200,0,0,ok,24,-1,1362,508,546,13,308,816,368648,0.540,0,0,0,0.000113000
475,476,3,astar,fast,linear,gcompare,200,0,0,ok,26,-1,2104,794,869,31,441,1235,368648,0.622,0,0,0,0.000176000
476,477,3,astar,fast,linear,gcompare,200,0,0,ok,24,-1,2352,873,975,26,504,1377,368648,0.660,0,0,0,0.000206000
477,478,3,astar,fast,linear,gcompare,200,0,0,ok,22,-1,601,221,232,5,148,369,368648,0.478,0,0,0,0.000051000
478,479,3,astar,fast,linear,gcompare,200,0,0,ok,18,-1,490,180,189,2,121,301,368648,0.448,0,0,0,0.000040000
479,480,3,astar,fast,linear,gcompare,200,0,0,ok,22,-1,303,114,117,1,72,186,368648,0.421,0,0,0,0.000024000
480,481,3,astar,fast,linear,gcompare,200,0,0,ok,18,-1,260,94,97,0,69,163,368648,0.402,0,0,0,0.000021000
481,482,3,astar,fast,linear,gcompare,200,0,0,ok,20,-1,285,107,106,0,72,179,368648,0.398,0,0,0,0.000024000
482,483,3,astar,fast,linear,gcompare,200,0,0,ok,26,-1,5238,1951,2198,79,1089,3040,376840,0.986,0,0,0,0.000481000
483,484,3,astar,fast,linear,gcompare,200,0,0,ok,26,-1,3640,1356,1513,59,771,2127,368648,0.784,0,0,0,0.000321000
484,485,3,astar,fast,linear,gcompare,200,0,0,ok,24,-1,1138,427,451,8,260,687,368648,0.512,0,0,0,0.000097000
485,486,3,astar,fast,linear,gcompare,200,0,0,ok,20,-1,133,48,47,0,38,86,368648,0.394,0,0,0,0.000012000
486,487,3,astar,fast,linear,gcompare,200,0,0,ok,20,-1,212,78,83,3,51,129,368648,0.408,0,0,0,0.000017000
487,488,3,astar,fast,linear,gcompare,200,0,0,ok,18,-1,607,224,239,5,144,368,368648,0.450,0,0,0,0.000050000
488,489,3,astar,fast,linear,gcompare,200,0,0,ok,22,-1,309,115,116,0,78,193,368648,0.396,0,0,0,0.000026000
489,490,3,astar,fast,linear,gcompare,200,0,0,ok,20,-1,240,89,90,1,61,150,368648,0.414,0,0,0,0.000021000
490,491,3,astar,fast,linear,gcompare,200,0,0,ok,18,-1,256,94,101,1,61,155,368648,0.412,0,0,0,0.000021000
491,492,3,astar,fast,linear,gcompare,200,0,0,ok,24,-1,640,239,252,7,149,388,368648,0.485,0,0,0,0.000052000
492,493,3,astar,fast,linear,gcompare,200,0,0,ok,22,-1,567,213,229,7,125,338,368648,0.461,0,0,0,0.000044000
493,494,3,astar,fast,linear,gcompare,200,0,0,ok,24,-1,1248,467,495,11,286,753,368648,0.554,0,0,0,0.000107000
494,495,3,astar,fast,linear,gcompare,200,0,0,ok,18,-1,161,59,61,1,41,100,368648,0.394,0,0,0,0.000013000
495,496,3,astar,fast,linear,gcompare,200,0,0,ok,26,-1,3412,1274,1411,39,727,2001,368648,0.769,0,0,0,0.000308000
496,497,3,astar,fast,linear,gcompare,200,0,0,ok,22,-1,103,37,36,0,30,67,368648,0.353,0,0,0,0.000009000
497,498,3,astar,fast,linear,gcompare,200,0,0,ok,24,-1,2000,754,822,21,424,1178,368648,0.631,0,0,0,0.000183000
498,499,3,astar,fast,linear,gcompare,200,0,0,ok,18,-1,115,44,43,0,28,72,368648,0.377,0,0,0,0.000010000
499,500,3,astar,fast,linear,gcompare,200,0,0,ok,22,-1,303,112,115,2,76,188,368648,0.430,0,0,0,0.000024000
0,1,3,astar,fast,linear,gcompare,201,0,0,ok,21,-1,954,354,385,13,215,569,368648,0.512,0,0,0,0.000098000
1,2,3,astar,fast,linear,gcompare,201,0,0,ok,23,-1,1065,401,429,9,235,636,368648,0.501,0,0,0,0.000101000
2,3,3,astar,fast,linear,gcompare,201,0,0,ok,19,-1,192,71,70,0,51,122,368648,0.382,0,0,0,0.000017000
3,4,3,astar,fast,linear,gcompare,201,0,0,ok,21,-1,361,135,140,3,86,221,368648,0.436,0,0,0,0.000030000
4,5,3,astar,fast,linear,gcompare,201,0,0,ok,23,-1,216,80,85,3,51,131,368648,0.460,0,0,0,0.000018000
5,6,3,astar,fast,linear,gcompare,201,0,0,ok,21,-1,669,246,273,12,150,396,368648,0.496,0,0,0,0.000059000
6,7,3,astar,fast,linear,gcompare,201,0,0,ok,19,-1,289,105,112,3,72,177,368648,0.406,0,0,0,0.000025000
7,8,3,astar,fast,linear,gcompare,201,0,0,ok,21,-1,695,257,266,4,172,429,368648,0.487,0,0,0,0.000060000
8,9,3,astar,fast,linear,gcompare,201,0,0,ok,21,-1,541,205,209,1,127,332,368648,0.454,0,0,0,0.000048000
9,10,3,astar,fast,linear,gcompare,201,0,0,ok,29,-1,7989,3013,3326,102,1650,4663,409608,1.132,0,0,0,0.001192000
10,11,3,astar,fast,linear,gcompare,201,0,0,ok,21,-1,915,338,360,6,217,555,368648,0.507,0,0,0,0.000083000
11,12,3,astar,fast,linear,gcompare,201,0,0,ok,23,-1,809,302,325,10,182,484,368648,0.504,0,0,0,0.000070000
12,13,3,astar,fast,linear,gcompare,201,0,0,ok,19,-1,323,119,120,1,84,203,368648,0.391,0,0,0,0.000028000
13,14,3,astar,fast,linear,gcompare,201,0,0,ok,21,-1,818,305,320,4,193,498,368648,0.498,0,0,0,0.000071000
14,15,3,astar,fast,linear,gcompare,201,0,0,ok,25,-1,1720,648,696,20,376,1024,368648,0.588,0,0,0,0.000158000
15,16,3,astar,fast,linear,gcompare,201,0,0,ok,23,-1,735,276,289,3,170,446,368648,0.463,0,0,0,0.000073000
16,17,3,astar,fast,linear,gcompare,201,0,0,ok,21,-1,145,53,53,0,39,92,368648,0.368,0,0,0,0.000012000
17,18,3,astar,fast,linear,gcompare,201,0,0,ok,21,-1,375,139,146,4,90,229,368648,0.433,0,0,0,0.000100000
18,19,3,astar,fast,linear,gcompare,201,0,0,ok,21,-1,1166,431,492,25,243,674,368648,0.539,0,0,0,0.000169000
19,20,3,astar,fast,linear,gcompare,201,0,0,ok,23,-1,747,277,294,5,176,453,368648,0.507,0,0,0,0.000065000
20,21,3,astar,fast,linear,gcompare,201,0,0,ok,23,-1,1777,662,725,19,390,1052,368648,0.592,0,0,0,0.000160000
21,22,3,astar,fast,linear,gcompare,201,0,0,ok,21,-1,479,176,185,4,118,294,368648,0.433,0,0,0,0.000042000
22,23,3,astar,fast,linear,gcompare,201,0,0,ok,25,-1,1389,526,556,13,307,833,368648,0.548,0,0,0,0.000229000
23,24,3,astar,fast,linear,gcompare,201,0,0,ok,17,-1,190,68,67,0,55,123,368648,0.381,0,0,0,0.000018000
24,25,3,astar,fast,linear,gcompare,201,0,0,ok,27,-1,2263,853,919,21,491,1344,368648,0.641,0,0,0,0.000223000
25,26,3,astar,fast,linear,gcompare,201,0,0,ok,21,-1,886,330,357,5,199,529,368648,0.496,0,0,0,0.000080000
26,27,3,astar,fast,linear,gcompare,201,0,0,ok,19,-1,350,129,139,2,82,211,368648,0.424,0,0,0,0.000031000
27,28,3,astar,fast,linear,gcompare,201,0,0,ok,15,-1,83,30,29,0,24,54,368648,0.378,0,0,0,0.000008000
28,29,3,astar,fast,linear,gcompare,201,0,0,ok,21,-1,214,77,77,0,60,137,368648,0.376,0,0,0,0.000018000
29,30,3,astar,fast,linear,gcompare,201,0,0,ok,21,-1,531,197,208,2,126,323,368648,0.447,0,0,0,0.000044000
30,31,3,astar,fast,linear,gcompare,201,0,0,ok,25,-1,599,223,230,1,146,369,368648,0.455,0,0,0,0.000055000
31,32,3,astar,fast,linear,gcompare,201,0,0,ok,21,-1,467,171,177,3,119,290,368648,0.438,0,0,0,0.000039000
32,33,3,astar,fast,linear,gcompare,201,0,0,ok,27,-1,1669,637,681,19,351,988,368648,0.564,0,0,0,0.000145000
33,34,3,astar,fast,linear,gcompare,201,0,0,ok,25,-1,1460,549,580,9,331,880,368648,0.570,0,0,0,0.000223000
34,35,3,astar,fast,linear,gcompare,201,0,0,ok,27,-1,8336,3126,3499,107,1711,4837,409608,1.150,0,0,0,0.000970000
35,36,3,astar,fast,linear,gcompare,201,0,0,ok,23,-1,793,304,320,7,169,473,368648,0.491,0,0,0,0.000071000
36,37,3,astar,fast,linear,gcompare,201,0,0,ok,19,-1,153,57,56,0,40,97,368648,0.375,0,0,0,0.000014000
37,38,3,astar,fast,linear,gcompare,201,0,0,ok,23,-1,535,200,215,7,120,320,368648,0.459,0,0,0,0.000048000
38,39,3,astar,fast,linear,gcompare,201,0,0,ok,23,-1,427,157,164,3,106,263,368648,0.408,0,0,0,0.000037000
39,40,3,astar,fast,linear,gcompare,201,0,0,ok,17,-1,175,64,66,1,45,109,368648,0.402,0,0,0,0.000015000
40,41,3,astar,fast,linear,gcompare,201,0,0,ok,21,-1,637,235,242,3,160,395,368648,0.459,0,0,0,0.000588000
41,42,3,astar,fast,linear,gcompare,201,0,0,ok,25,-1,3649,1363,1520,46,766,2129,368648,0.791,0,0,0,0.000502000
42,43,3,astar,fast,linear,gcompare,201,0,0,ok,21,-1,570,213,230,7,127,340,368648,0.501,0,0,0,0.000055000
43,44,3,astar,fast,linear,gcompare,201,0,0,ok,27,-1,5268,1977,2204,75,1087,3064,376840,0.974,0,0,0,0.004620000
44,45,3,astar,fast,linear,gcompare,201,0,0,ok,19,-1,103,37,36,0,30,67,368648,0.392,0,0,0,0.000047000
45,46,3,astar,fast,linear,gcompare,201,0,0,ok,23,-1,453,170,183,6,100,270,368648,0.429,0,0,0,0.000077000
46,47,3,astar,fast,linear,gcompare,201,0,0,ok,19,-1,193,71,74,1,48,119,368648,0.422,0,0,0,0.000105000
47,48,3,astar,fast,linear,gcompare,201,0,0,ok,17,-1,188,68,69,1,51,119,368648,0.385,0,0,0,0.000026000
48,49,3,astar,fast,linear,gcompare,201,0,0,ok,27,-1,2496,932,1030,36,534,1466,368648,0.676,0,0,0,0.003447000
49,50,3,astar,fast,linear,gcompare,201,0,0,ok,25,-1,663,255,261,1,147,402,368648,0.458,0,0,0,0.000132000
50,51,3,astar,fast,linear,gcompare,201,0,0,ok,17,-1,312,117,126,1,69,186,368648,0.424,0,0,0,0.000029000
51,52,3,astar,fast,linear,gcompare,201,0,0,ok,19,-1,235,86,87,1,62,148,368648,0.380,0,0,0,0.000019000
52,53,3,astar,fast,linear,gcompare,201,0,0,ok,25,-1,1386,518,546,12,322,840,368648,0.536,0,0,0,0.001323000
53,54,3,astar,fast,linear,gcompare,201,0,0,ok,19,-1,384,143,158,8,83,226,368648,0.441,0,0,0,0.000117000
54,55,3,astar,fast,linear,gcompare,201,0,0,ok,19,-1,552,205,219,3,128,333,368648,0.494,0,0,0,0.000074000
55,56,3,astar,fast,linear,gcompare,201,0,0,ok,19,-1,304,114,116,1,74,188,368648,0.432,0,0,0,0.000041000
56,57,3,astar,fast,linear,gcompare,201,0,0,ok,25,-1,2327,872,956,24,499,1371,368648,0.667,0,0,0,0.002253000
57,58,3,astar,fast,linear,gcompare,201,0,0,ok,25,-1,2245,841,902,19,502,1343,368648,0.645,0,0,0,0.000478000
58,59,3,astar,fast,linear,gcompare,201,0,0,ok,19,-1,424,158,164,2,102,260,368648,0.449,0,0,0,0.000292000
59,60,3,astar,fast,linear,gcompare,201,0,0,ok,21,-1,782,294,311,6,177,471,368648,0.478,0,0,0,0.000482000
60,61,3,astar,fast,linear,gcompare,201,0,0,ok,19,-1,254,92,93,1,69,161,368648,0.403,0,0,0,0.000039000
61,62,3,astar,fast,linear,gcompare,201,0,0,ok,21,-1,745,279,294,4,172,451,368648,0.516,0,0,0,0.000100000
62,63,3,astar,fast,linear,gcompare,201,0,0,ok,25,-1,1031,387,429,20,215,602,368648,0.555,0,0,0,0.000689000
63,64,3,astar,fast,linear,gcompare,201,0,0,ok,25,-1,2278,859,933,18,486,1345,368648,0.642,0,0,0,0.003478000
64,65,3,astar,fast,linear,gcompare,201,0,0,ok,21,-1,325,122,124,1,79,201,368648,0.414,0,0,0,0.000047000
65,66,3,astar,fast,linear,gcompare,201,0,0,ok,19,-1,448,166,180,4,102,268,368648,0.461,0,0,0,0.000058000
66,67,3,astar,fast,linear,gcompare,201,0,0,ok,17,-1,568,211,232,4,125,336,368648,0.476,0,0,0,0.000075000
67,68,3,astar,fast,linear,gcompare,201,0,0,ok,25,-1,950,354,374,8,222,576,368648,0.504,0,0,0,0.000131000
68,69,3,astar,fast,linear,gcompare,201,0,0,ok,21,-1,304,114,115,1,75,189,368648,0.439,0,0,0,0.000042000
69,70,3,astar,fast,linear,gcompare,201,0,0,ok,27,-1,3344,1254,1373,49,717,1971,368648,0.760,0,0,0,0.000475000
70,71,3,astar,fast,linear,gcompare,201,0,0,ok,21,-1,1401,520,562,12,319,839,368648,0.564,0,0,0,0.003193000
71,72,3,astar,fast,linear,gcompare,201,0,0,ok,19,-1,259,98,101,2,60,158,368648,0.411,0,0,0,0.000427000
72,73,3,astar,fast,linear,gcompare,201,0,0,ok,13,-1,51,18,17,0,16,34,368648,0.340,0,0,0,0.000005000
73,74,3,astar,fast,linear,gcompare,201,0,0,ok,19,-1,215,79,79,1,57,136,368648,0.402,0,0,0,0.000020000
74,75,3,astar,fast,linear,gcompare,201,0,0,ok,15,-1,207,76,77,1,54,130,368648,0.383,0,0,0,0.000018000
75,76,3,astar,fast,linear,gcompare,201,0,0,ok,27,-1,2661,1004,1111,43,546,1550,368648,0.679,0,0,0,0.002592000
76,77,3,astar,fast,linear,gcompare,201,0,0,ok,15,-1,162,59,59,0,44,103,368648,0.373,0,0,0,0.000017000
77,78,3,astar,fast,linear,gcompare,201,0,0,ok,25,-1,1035,393,416,9,226,619,368648,0.512,0,0,0,0.000089000
78,79,3,astar,fast,linear,gcompare,201,0,0,ok,21,-1,223,84,85,0,54,138,368648,0.387,0,0,0,0.000019000
79,80,3,astar,fast,linear,gcompare,201,0,0,ok,27,-1,3861,1447,1598,57,816,2263,368648,0.835,0,0,0,0.000360000
80,81,3,astar,fast,linear,gcompare,201,0,0,ok,23,-1,1828,682,727,13,419,1101,368648,0.590,0,0,0,0.000237000
81,82,3,astar,fast,linear,gcompare,201,0,0,ok,17,-1,118,42,43,1,33,75,368648,0.368,0,0,0,0.000012000
82,83,3,astar,fast,linear,gcompare,201,0,0,ok,23,-1,972,362,385,11,225,587,368648,0.487,0,0,0,0.000086000
83,84,3,astar,fast,linear,gcompare,201,0,0,ok,19,-1,936,348,379,4,209,557,368648,0.512,0,0,0,0.000083000
84,85,3,astar,fast,linear,gcompare,201,0,0,ok,23,-1,514,193,194,0,127,320,368648,0.431,0,0,0,0.000253000
85,86,3,astar,fast,linear,gcompare,201,0,0,ok,25,-1,1966,733,785,12,448,1181,368648,0.611,0,0,0,0.000586000
86,87,3,astar,fast,linear,gcompare,201,0,0,ok,25,-1,2029,757,808,21,464,1221,368648,0.614,0,0,0,0.000706000
87,88,3,astar,fast,linear,gcompare,201,0,0,ok,21,-1,654,242,264,9,148,390,368648,0.504,0,0,0,0.000060000
88,89,3,astar,fast,linear,gcompare,201,0,0,ok,23,-1,1279,478,522,18,279,757,368648,0.554,0,0,0,0.001182000
89,90,3,astar,fast,linear,gcompare,201,0,0,ok,25,-1,2722,1017,1114,33,591,1608,368648,0.710,0,0,0,0.000730000
90,91,3,astar,fast,linear,gcompare,201,0,0,ok,17,-1,188,67,68,1,53,120,368648,0.390,0,0,0,0.000078000
91,92,3,astar,fast,linear,gcompare,201,0,0,ok,25,-1,1625,607,650,18,368,975,368648,0.579,0,0,0,0.000557000
92,93,3,astar,fast,linear,gcompare,201,0,0,ok,25,-1,2586,974,1070,34,542,1516,368648,0.704,0,0,0,0.000367000
93,94,3,astar,fast,linear,gcompare,201,0,0,ok,23,-1,1848,692,762,17,394,1086,368648,0.626,0,0,0,0.000164000
94,95,3,astar,fast,linear,gcompare,201,0,0,ok,25,-1,1905,711,779,30,415,1126,368648,0.597,0,0,0,0.000171000
95,96,3,astar,fast,linear,gcompare,201,0,0,ok,23,-1,955,354,388,12,213,567,368648,0.515,0,0,0,0.000083000
96,97,3,astar,fast,linear,gcompare,201,0,0,ok,27,-1,3883,1463,1622,58,798,2261,368648,0.800,0,0,0,0.000433000
97,98,3,astar,fast,linear,gcompare,201,0,0,ok,19,-1,523,193,204,3,126,319,368648,0.443,0,0,0,0.000045000
98,99,3,astar,fast,linear,gcompare,201,0,0,ok,21,-1,435,160,166,3,109,269,368648,0.399,0,0,0,0.000038000
99,100,3,astar,fast,linear,gcompare,201,0,0,ok,25,-1,675,256,264,3,155,411,368648,0.451,0,0,0,0.000059000
100,101,3,astar,fast,linear,gcompare,201,0,0,ok,17,-1,223,85,85,1,53,138,368648,0.437,0,0,0,0.000020000
101,102,3,astar,fast,linear,gcompare,201,0,0,ok,25,-1,2008,745,815,29,448,1193,368648,0.623,0,0,0,0.000180000
102,103,3,astar,fast,linear,gcompare,201,0,0,ok,21,-1,569,212,221,4,136,348,368648,0.452,0,0,0,0.000050000
103,104,3,astar,fast,linear,gcompare,201,0,0,ok,19,-1,294,108,117,4,69,177,368648,0.410,0,0,0,0.000025000
104,105,3,astar,fast,linear,gcompare,201,0,0,ok,25,-1,2130,790,876,35,464,1254,368648,0.641,0,0,0,0.000190000
105,106,3,astar,fast,linear,gcompare,201,0,0,ok,21,-1,512,191,198,2,123,314,368648,0.452,0,0,0,0.000136000
106,107,3,astar,fast,linear,gcompare,201,0,0,ok,15,-1,45,15,14,0,16,31,368648,0.318,0,0,0,0.000010000
107,108,3,astar,fast,linear,gcompare,201,0,0,ok,23,-1,677,260,267,3,150,410,368648,0.445,0,0,0,0.001076000
108,109,3,astar,fast,linear,gcompare,201,0,0,ok,23,-1,1700,631,690,21,379,1010,368648,0.563,0,0,0,0.000150000
109,110,3,astar,fast,linear,gcompare,201,0,0,ok,19,-1,387,143,151,3,93,236,368648,0.446,0,0,0,0.000033000
110,111,3,astar,fast,linear,gcompare,201,0,0,ok,25,-1,1996,757,826,22,413,1170,368648,0.621,0,0,0,0.000176000
111,112,3,astar,fast,linear,gcompare,201,0,0,ok,25,-1,1939,733,788,20,418,1151,368648,0.609,0,0,0,0.000172000
112,113,3,astar,fast,linear,gcompare,201,0,0,ok,19,-1,97,35,34,0,28,63,368648,0.375,0,0,0,0.000009000
113,114,3,astar,fast,linear,gcompare,201,0,0,ok,25,-1,1404,523,559,15,322,845,368648,0.543,0,0,0,0.000285000
114,115,3,astar,fast,linear,gcompare,201,0,0,ok,21,-1,733,271,294,9,168,439,368648,0.486,0,0,0,0.000101000
115,116,3,astar,fast,linear,gcompare,201,0,0,ok,21,-1,646,238,258,10,150,388,368648,0.460,0,0,0,0.000059000
116,117,3,astar,fast,linear,gcompare,201,0,0,ok,21,-1,228,86,87,0,55,141,368648,0.392,0,0,0,0.000506000
117,118,3,astar,fast,linear,gcompare,201,0,0,ok,23,-1,305,114,123,5,68,182,368648,0.431,0,0,0,0.000044000
118,119,3,astar,fast,linear,gcompare,201,0,0,ok,23,-1,958,355,386,14,217,572,368648,0.496,0,0,0,0.006724000
119,120,3,astar,fast,linear,gcompare,201,0,0,ok,23,-1,1537,572,612,12,353,925,368648,0.562,0,0,0,0.000343000
120,121,3,astar,fast,linear,gcompare,201,0,0,ok,17,-1,256,94,96,1,66,160,368648,0.396,0,0,0,0.000025000
121,122,3,astar,fast,linear,gcompare,201,0,0,ok,15,-1,111,40,39,0,32,72,368648,0.364,0,0,0,0.000010000
122,123,3,astar,fast,linear,gcompare,201,0,0,ok,23,-1,1760,661,714,14,385,1046,368648,0.612,0,0,0,0.000828000
123,124,3,astar,fast,linear,gcompare,201,0,0,ok,23,-1,2495,940,1046,38,509,1449,368648,0.671,0,0,0,0.000693000
124,125,3,astar,fast,linear,gcompare,201,0,0,ok,23,-1,477,177,183,2,117,294,368648,0.429,0,0,0,0.000043000
125,126,3,astar,fast,linear,gcompare,201,0,0,ok,21,-1,416,154,157,1,105,259,368648,0.434,0,0,0,0.000175000
126,127,3,astar,fast,linear,gcompare,201,0,0,ok,23,-1,661,246,266,7,149,395,368648,0.491,0,0,0,0.000056000
127,128,3,astar,fast,linear,gcompare,201,0,0,ok,23,-1,1393,518,557,17,318,836,368648,0.557,0,0,0,0.000295000
128,129,3,astar,fast,linear,gcompare,201,0,0,ok,25,-1,1301,484,520,16,297,781,368648,0.538,0,0,0,0.000163000
129,130,3,astar,fast,linear,gcompare,201,0,0,ok,21,-1,415,152,163,6,100,252,368648,0.428,0,0,0,0.000035000
130,131,3,astar,fast,linear,gcompare,201,0,0,ok,19,-1,369,137,143,3,89,226,368648,0.424,0,0,0,0.000035000
131,132,3,astar,fast,linear,gcompare,201,0,0,ok,25,-1,3065,1136,1237,33,692,1828,368648,0.736,0,0,0,0.000654000
132,133,3,astar,fast,linear,gcompare,201,0,0,ok,19,-1,439,162,168,2,109,271,368648,0.441,0,0,0,0.000041000
133,134,3,astar,fast,linear,gcompare,201,0,0,ok,19,-1,452,165,175,1,112,277,368648,0.430,0,0,0,0.000039000
134,135,3,astar,fast,linear,gcompare,201,0,0,ok,25,-1,563,212,216,2,135,347,368648,0.447,0,0,0,0.001100000
135,136,3,astar,fast,linear,gcompare,201,0,0,ok,23,-1,1447,542,580,15,325,867,368648,0.556,0,0,0,0.000156000
136,137,3,astar,fast,linear,gcompare,201,0,0,ok,17,-1,105,38,38,0,29,67,368648,0.375,0,0,0,0.000009000
137,138,3,astar,fast,linear,gcompare,201,0,0,ok,17,-1,114,41,40,0,33,74,368648,0.354,0,0,0,0.000011000
138,139,3,astar,fast,linear,gcompare,201,0,0,ok,25,-1,883,332,348,7,203,535,368648,0.476,0,0,0,0.000078000
139,140,3,astar,fast,linear,gcompare,201,0,0,ok,21,-1,659,249,267,7,143,392,368648,0.462,0,0,0,0.000057000
140,141,3,astar,fast,linear,gcompare,201,0,0,ok,25,-1,2758,1033,1146,45,579,1612,368648,0.694,0,0,0,0.000251000
141,142,3,astar,fast,linear,gcompare,201,0,0,ok,23,-1,647,237,258,9,152,389,368648,0.454,0,0,0,0.000055000
142,143,3,astar,fast,linear,gcompare,201,0,0,ok,25,-1,3462,1285,1413,35,764,2049,368648,0.785,0,0,0,0.000598000
143,144,3,astar,fast,linear,gcompare,201,0,0,ok,21,-1,712,264,281,8,167,431,368648,0.481,0,0,0,0.000063000
144,145,3,astar,fast,linear,gcompare,201,0,0,ok,21,-1,214,79,80,1,55,134,368648,0.408,0,0,0,0.000019000
145,146,3,astar,fast,linear,gcompare,201,0,0,ok,19,-1,197,72,73,1,52,124,368648,0.383,0,0,0,0.000017000
146,147,3,astar,fast,linear,gcompare,201,0,0,ok,23,-1,598,229,249,10,120,349,368648,0.481,0,0,0,0.000052000
147,148,3,astar,fast,linear,gcompare,201,0,0,ok,27,-1,2584,969,1050,24,565,1534,368648,0.692,0,0,0,0.000274000
148,149,3,astar,fast,linear,gcompare,201,0,0,ok,27,-1,2124,809,870,25,445,1254,368648,0.625,0,0,0,0.000211000
149,150,3,astar,fast,linear,gcompare,201,0,0,ok,23,-1,1827,690,741,16,396,1086,368648,0.611,0,0,0,0.000207000
150,151,3,astar,fast,linear,gcompare,201,0,0,ok,23,-1,1067,404,425,8,238,642,368648,0.511,0,0,0,0.000098000
151,152,3,astar,fast,linear,gcompare,201,0,0,ok,23,-1,485,179,188,5,118,297,368648,0.419,0,0,0,0.000119000
152,153,3,astar,fast,linear,gcompare,201,0,0,ok,23,-1,1221,456,486,9,279,735,368648,0.517,0,0,0,0.000198000
153,154,3,astar,fast,linear,gcompare,201,0,0,ok,21,-1,319,117,124,3,78,195,368648,0.421,0,0,0,0.000030000
154,155,3,astar,fast,linear,gcompare,201,0,0,ok,27,-1,2241,832,918,34,491,1323,368648,0.616,0,0,0,0.000529000
155,156,3,astar,fast,linear,gcompare,201,0,0,ok,21,-1,598,222,233,5,143,365,368648,0.441,0,0,0,0.000083000
156,157,3,astar,fast,linear,gcompare,201,0,0,ok,25,-1,970,367,386,9,217,584,368648,0.527,0,0,0,0.000084000
157,158,3,astar,fast,linear,gcompare,201,0,0,ok,13,-1,148,53,53,0,42,95,368648,0.388,0,0,0,0.000013000
158,159,3,astar,fast,linear,gcompare,201,0,0,ok,23,-1,855,319,337,8,199,518,368648,0.492,0,0,0,0.000069000
159,160,3,astar,fast,linear,gcompare,201,0,0,ok,19,-1,634,235,246,2,153,388,368648,0.431,0,0,0,0.000053000
160,161,3,astar,fast,linear,gcompare,201,0,0,ok,19,-1,65,24,23,0,18,42,368648,0.359,0,0,0,0.000006000
161,162,3,astar,fast,linear,gcompare,201,0,0,ok,13,-1,40,13,12,0,15,28,368648,0.308,0,0,0,0.000004000
162,163,3,astar,fast,linear,gcompare,201,0,0,ok,23,-1,1430,532,574,18,324,856,368648,0.563,0,0,0,0.000121000
163,164,3,astar,fast,linear,gcompare,201,0,0,ok,23,-1,588,222,233,5,133,355,368648,0.463,0,0,0,0.000049000
164,165,3,astar,fast,linear,gcompare,201,0,0,ok,21,-1,801,295,309,3,197,492,368648,0.491,0,0,0,0.000067000
165,166,3,astar,fast,linear,gcompare,201,0,0,ok,19,-1,369,135,138,1,96,231,368648,0.424,0,0,0,0.000030000
166,167,3,astar,fast,linear,gcompare,201,0,0,ok,25,-1,4123,1529,1718,62,876,2405,368648,0.860,0,0,0,0.000366000
167,168,3,astar,fast,linear,gcompare,201,0,0,ok,25,-1,709,268,285,8,156,424,368648,0.479,0,0,0,0.000060000
168,169,3,astar,fast,linear,gcompare,201,0,0,ok,23,-1,1452,541,580,11,331,872,368648,0.569,0,0,0,0.000127000
169,170,3,astar,fast,linear,gcompare,201,0,0,ok,21,-1,234,88,91,2,55,143,368648,0.425,0,0,0,0.000019000
170,171,3,astar,fast,linear,gcompare,201,0,0,ok,25,-1,1683,634,684,15,365,999,368648,0.583,0,0,0,0.000147000
171,172,3,astar,fast,linear,gcompare,201,0,0,ok,21,-1,280,103,103,0,74,177,368648,0.401,0,0,0,0.000023000
172,173,3,astar,fast,linear,gcompare,201,0,0,ok,19,-1,594,220,233,4,141,361,368648,0.465,0,0,0,0.000050000
173,174,3,astar,fast,linear,gcompare,201,0,0,ok,23,-1,2175,812,901,27,462,1274,368648,0.637,0,0,0,0.000185000
174,175,3,astar,fast,linear,gcompare,201,0,0,ok,25,-1,2855,1056,1164,39,635,1691,368648,0.718,0,0,0,0.000255000
175,176,3,astar,fast,linear,gcompare,201,0,0,ok,25,-1,1199,448,492,19,259,707,368648,0.534,0,0,0,0.000101000
176,177,3,astar,fast,linear,gcompare,201,0,0,ok,23,-1,413,155,166,7,92,247,368648,0.449,0,0,0,0.000039000
177,178,3,astar,fast,linear,gcompare,201,0,0,ok,27,-1,5454,2050,2262,57,1142,3192,376840,0.981,0,0,0,0.000507000
178,179,3,astar,fast,linear,gcompare,201,0,0,ok,19,-1,326,120,125,2,81,201,368648,0.440,0,0,0,0.000028000
179,180,3,astar,fast,linear,gcompare,201,0,0,ok,21,-1,758,280,299,8,179,459,368648,0.476,0,0,0,0.000065000
180,181,3,astar,fast,linear,gcompare,201,0,0,ok,25,-1,879,332,345,2,202,534,368648,0.491,0,0,0,0.000077000
181,182,3,astar,fast,linear,gcompare,201,0,0,ok,21,-1,700,263,273,2,164,427,368648,0.461,0,0,0,0.000062000
182,183,3,astar,fast,linear,gcompare,201,0,0,ok,27,-1,4902,1834,2061,68,1007,2841,368648,0.935,0,0,0,0.000589000
183,184,3,astar,fast,linear,gcompare,201,0,0,ok,21,-1,184,69,70,1,45,114,368648,0.415,0,0,0,0.000018000
184,185,3,astar,fast,linear,gcompare,201,0,0,ok,15,-1,141,52,51,0,38,90,368648,0.371,0,0,0,0.000013000
185,186,3,astar,fast,linear,gcompare,201,0,0,ok,21,-1,362,136,137,1,89,225,368648,0.421,0,0,0,0.000031000
186,187,3,astar,fast,linear,gcompare,201,0,0,ok,21,-1,408,151,160,5,97,248,368648,0.423,0,0,0,0.000035000
187,188,3,astar,fast,linear,gcompare,201,0,0,ok,25,-1,2595,977,1072,33,546,1523,368648,0.681,0,0,0,0.000230000
188,189,3,astar,fast,linear,gcompare,201,0,0,ok,27,-1,3792,1421,1613,78,758,2179,368648,0.808,0,0,0,0.003289000
189,190,3,astar,fast,linear,gcompare,201,0,0,ok,25,-1,2077,778,850,31,449,1227,368648,0.633,0,0,0,0.000503000
190,191,3,astar,fast,linear,gcompare,201,0,0,ok,23,-1,1061,394,428,15,239,633,368648,0.530,0,0,0,0.000122000
191,192,3,astar,fast,linear,gcompare,201,0,0,ok,25,-1,2933,1098,1220,42,615,1713,368648,0.717,0,0,0,0.001366000
192,193,3,astar,fast,linear,gcompare,201,0,0,ok,23,-1,1557,581,619,10,357,938,368648,0.600,0,0,0,0.000144000
193,194,3,astar,fast,linear,gcompare,201,0,0,ok,21,-1,926,341,359,6,226,567,368648,0.495,0,0,0,0.000081000
194,195,3,astar,fast,linear,gcompare,201,0,0,ok,27,-1,3497,1316,1423,33,758,2074,368648,0.774,0,0,0,0.000324000
195,196,3,astar,fast,linear,gcompare,201,0,0,ok,19,-1,55,20,19,0,16,36,368648,0.352,0,0,0,0.000006000
196,197,3,astar,fast,linear,gcompare,201,0,0,ok,23,-1,727,277,284,2,166,443,368648,0.467,0,0,0,0.000064000
197,198,3,astar,fast,linear,gcompare,201,0,0,ok,17,-1,104,38,38,0,28,66,368648,0.369,0,0,0,0.000008000
198,199,3,astar,fast,linear,gcompare,201,0,0,ok,21,-1,446,165,176,6,105,270,368648,0.438,0,0,0,0.000039000
199,200,3,astar,fast,linear,gcompare,201,0,0,ok,15,-1,199,71,74,2,54,125,368648,0.384,0,0,0,0.000016000
200,201,3,astar,fast,linear,gcompare,201,0,0,ok,27,-1,3296,1236,1360,54,700,1936,368648,0.742,0,0,0,0.000306000
201,202,3,astar,fast,linear,gcompare,201,0,0,ok,21,-1,302,112,116,2,74,186,368648,0.432,0,0,0,0.000027000
202,203,3,astar,fast,linear,gcompare,201,0,0,ok,17,-1,328,121,125,2,82,203,368648,0.401,0,0,0,0.000028000
203,204,3,astar,fast,linear,gcompare,201,0,0,ok,25,-1,1976,740,800,20,436,1176,368648,0.647,0,0,0,0.000178000
204,205,3,astar,fast,linear,gcompare,201,0,0,ok,29,-1,8840,3314,3733,143,1793,5107,409608,1.157,0,0,0,0.000961000
205,206,3,astar,fast,linear,gcompare,201,0,0,ok,17,-1,149,54,55,1,40,94,368648,0.385,0,0,0,0.000013000
206,207,3,astar,fast,linear,gcompare,201,0,0,ok,25,-1,748,278,301,12,169,447,368648,0.477,0,0,0,0.000065000
207,208,3,astar,fast,linear,gcompare,201,0,0,ok,23,-1,574,212,217,2,145,357,368648,0.449,0,0,0,0.000055000
208,209,3,astar,fast,linear,gcompare,201,0,0,ok,21,-1,308,114,119,3,75,189,368648,0.440,0,0,0,0.000026000
209,210,3,astar,fast,linear,gcompare,201,0,0,ok,23,-1,809,300,317,5,192,492,368648,0.481,0,0,0,0.000069000
210,211,3,astar,fast,linear,gcompare,201,0,0,ok,19,-1,645,234,253,6,158,392,368648,0.452,0,0,0,0.000056000
211,212,3,astar,fast,linear,gcompare,201,0,0,ok,23,-1,883,331,353,11,199,530,368648,0.509,0,0,0,0.000072000
212,213,3,astar,fast,linear,gcompare,201,0,0,ok,21,-1,990,367,400,11,223,590,368648,0.507,0,0,0,0.000087000
213,214,3,astar,fast,linear,gcompare,201,0,0,ok,17,-1,140,52,53,1,35,87,368648,0.410,0,0,0,0.000012000
214,215,3,astar,fast,linear,gcompare,201,0,0,ok,23,-1,438,163,172,5,103,266,368648,0.446,0,0,0,0.000038000
215,216,3,astar,fast,linear,gcompare,201,0,0,ok,21,-1,587,222,233,5,132,354,368648,0.461,0,0,0,0.000108000
216,217,3,astar,fast,linear,gcompare,201,0,0,ok,23,-1,632,237,250,4,145,382,368648,0.463,0,0,0,0.000081000
217,218,3,astar,fast,linear,gcompare,201,0,0,ok,27,-1,3060,1152,1270,47,638,1790,368648,0.713,0,0,0,0.000271000
218,219,3,astar,fast,linear,gcompare,201,0,0,ok,17,-1,390,143,150,2,97,240,368648,0.434,0,0,0,0.000034000
219,220,3,astar,fast,linear,gcompare,201,0,0,ok,17,-1,94,34,33,0,27,61,368648,0.376,0,0,0,0.000009000
220,221,3,astar,fast,linear,gcompare,201,0,0,ok,25,-1,918,352,365,3,201,553,368648,0.492,0,0,0,0.000077000
221,222,3,astar,fast,linear,gcompare,201,0,0,ok,25,-1,1708,636,689,19,383,1019,368648,0.620,0,0,0,0.000153000
222,223,3,astar,fast,linear,gcompare,201,0,0,ok,25,-1,1603,604,655,24,344,948,368648,0.560,0,0,0,0.000135000
223,224,3,astar,fast,linear,gcompare,201,0,0,ok,15,-1,231,85,85,0,61,146,368648,0.391,0,0,0,0.000020000
224,225,3,astar,fast,linear,gcompare,201,0,0,ok,23,-1,657,247,260,6,150,397,368648,0.482,0,0,0,0.000054000
225,226,3,astar,fast,linear,gcompare,201,0,0,ok,25,-1,1421,534,576,17,311,845,368648,0.570,0,0,0,0.000122000
226,227,3,astar,fast,linear,gcompare,201,0,0,ok,23,-1,1074,404,426,5,244,648,368648,0.510,0,0,0,0.000094000
227,228,3,astar,fast,linear,gcompare,201,0,0,ok,25,-1,457,171,175,2,111,282,368648,0.425,0,0,0,0.000038000
228,229,3,astar,fast,linear,gcompare,201,0,0,ok,17,-1,139,50,50,0,39,89,368648,0.370,0,0,0,0.000011000
229,230,3,astar,fast,linear,gcompare,201,0,0,ok,21,-1,639,238,260,9,141,379,368648,0.487,0,0,0,0.000055000
230,231,3,astar,fast,linear,gcompare,201,0,0,ok,25,-1,1157,435,462,11,260,695,368648,0.508,0,0,0,0.000096000
231,232,3,astar,fast,linear,gcompare,201,0,0,ok,21,-1,654,243,254,5,157,400,368648,0.452,0,0,0,0.000056000
232,233,3,astar,fast,linear,gcompare,201,0,0,ok,27,-1,3469,1307,1436,44,726,2033,368648,0.778,0,0,0,0.000312000
233,234,3,astar,fast,linear,gcompare,201,0,0,ok,21,-1,897,337,363,8,197,534,368648,0.520,0,0,0,0.000079000
234,235,3,astar,fast,linear,gcompare,201,0,0,ok,21,-1,351,133,136,2,82,215,368648,0.423,0,0,0,0.000031000
235,236,3,astar,fast,linear,gcompare,201,0,0,ok,21,-1,560,209,220,5,131,340,368648,0.444,0,0,0,0.000049000
236,237,3,astar,fast,linear,gcompare,201,0,0,ok,27,-1,3222,1228,1337,48,657,1885,368648,0.748,0,0,0,0.000299000
237,238,3,astar,fast,linear,gcompare,201,0,0,ok,21,-1,949,354,381,11,214,568,368648,0.497,0,0,0,0.000084000
238,239,3,astar,fast,linear,gcompare,201,0,0,ok,19,-1,300,110,114,2,76,186,368648,0.408,0,0,0,0.000024000
239,240,3,astar,fast,linear,gcompare,201,0,0,ok,25,-1,1331,497,533,15,301,798,368648,0.520,0,0,0,0.000124000
240,241,3,astar,fast,linear,gcompare,201,0,0,ok,19,-1,272,100,104,2,68,168,368648,0.413,0,0,0,0.000022000
241,242,3,astar,fast,linear,gcompare,201,0,0,ok,17,-1,109,39,39,1,31,70,368648,0.389,0,0,0,0.000009000
242,243,3,astar,fast,linear,gcompare,201,0,0,ok,23,-1,1272,485,520,15,267,752,368648,0.537,0,0,0,0.000109000
243,244,3,astar,fast,linear,gcompare,201,0,0,ok,23,-1,1092,414,435,9,243,657,368648,0.511,0,0,0,0.000094000
244,245,3,astar,fast,linear,gcompare,201,0,0,ok,15,-1,130,47,49,1,34,81,368648,0.426,0,0,0,0.000010000
245,246,3,astar,fast,linear,gcompare,201,0,0,ok,23,-1,2004,751,810,16,443,1194,368648,0.616,0,0,0,0.000184000
246,247,3,astar,fast,linear,gcompare,201,0,0,ok,21,-1,346,128,135,3,83,211,368648,0.423,0,0,0,0.000027000
247,248,3,astar,fast,linear,gcompare,201,0,0,ok,27,-1,5759,2148,2398,86,1213,3361,376840,1.003,0,0,0,0.000530000
248,249,3,astar,fast,linear,gcompare,201,0,0,ok,29,-1,3660,1397,1533,58,730,2127,368648,0.777,0,0,0,0.000329000
249,250,3,astar,fast,linear,gcompare,201,0,0,ok,29,-1,5994,2272,2495,79,1227,3499,376840,1.016,0,0,0,0.000540000
250,251,3,astar,fast,linear,gcompare,201,0,0,ok,25,-1,1291,485,519,11,287,772,368648,0.538,0,0,0,0.000112000
251,252,3,astar,fast,linear,gcompare,201,0,0,ok,23,-1,574,212,229,8,133,345,368648,0.443,0,0,0,0.000047000
252,253,3,astar,fast,linear,gcompare,201,0,0,ok,23,-1,1551,579,623,13,349,928,368648,0.568,0,0,0,0.000133000
253,254,3,astar,fast,linear,gcompare,201,0,0,ok,23,-1,529,196,203,3,130,326,368648,0.430,0,0,0,0.000045000
254,255,3,astar,fast,linear,gcompare,201,0,0,ok,21,-1,810,302,320,6,188,490,368648,0.471,0,0,0,0.000067000
255,256,3,astar,fast,linear,gcompare,201,0,0,ok,21,-1,256,95,95,0,66,161,368648,0.408,0,0,0,0.000021000
256,257,3,astar,fast,linear,gcompare,201,0,0,ok,21,-1,402,149,163,7,90,239,368648,0.441,0,0,0,0.000032000
257,258,3,astar,fast,linear,gcompare,201,0,0,ok,23,-1,265,97,98,1,70,167,368648,0.379,0,0,0,0.000022000
258,259,3,astar,fast,linear,gcompare,201,0,0,ok,19,-1,392,146,154,4,92,238,368648,0.422,0,0,0,0.000031000
259,260,3,astar,fast,linear,gcompare,201,0,0,ok,27,-1,3713,1382,1526,53,805,2187,368648,0.831,0,0,0,0.000324000
260,261,3,astar,fast,linear,gcompare,201,0,0,ok,27,-1,2162,817,888,30,457,1274,368648,0.650,0,0,0,0.000186000
261,262,3,astar,fast,linear,gcompare,201,0,0,ok,23,-1,925,349,370,6,206,555,368648,0.505,0,0,0,0.000082000
262,263,3,astar,fast,linear,gcompare,201,0,0,ok,21,-1,603,224,243,5,136,360,368648,0.468,0,0,0,0.000049000
263,264,3,astar,fast,linear,gcompare,201,0,0,ok,23,-1,718,270,294,12,154,424,368648,0.498,0,0,0,0.000058000
264,265,3,astar,fast,linear,gcompare,201,0,0,ok,21,-1,527,197,208,5,122,319,368648,0.441,0,0,0,0.000042000
265,266,3,astar,fast,linear,gcompare,201,0,0,ok,25,-1,1034,387,407,8,240,627,368648,0.512,0,0,0,0.000085000
266,267,3,astar,fast,linear,gcompare,201,0,0,ok,27,-1,2197,828,902,32,467,1295,368648,0.625,0,0,0,0.000184000
267,268,3,astar,fast,linear,gcompare,201,0,0,ok,19,-1,98,36,35,0,27,63,368648,0.371,0,0,0,0.000008000
268,269,3,astar,fast,linear,gcompare,201,0,0,ok,25,-1,1963,746,814,26,403,1149,368648,0.614,0,0,0,0.000168000
269,270,3,astar,fast,linear,gcompare,201,0,0,ok,25,-1,1233,463,491,10,279,742,368648,0.528,0,0,0,0.000102000
270,271,3,astar,fast,linear,gcompare,201,0,0,ok,25,-1,1229,463,503,16,263,726,368648,0.558,0,0,0,0.000101000
271,272,3,astar,fast,linear,gcompare,201,0,0,ok,17,-1,173,63,62,0,48,111,368648,0.401,0,0,0,0.000014000
272,273,3,astar,fast,linear,gcompare,201,0,0,ok,19,-1,304,112,111,0,81,193,368648,0.409,0,0,0,0.000027000
273,274,3,astar,fast,linear,gcompare,201,0,0,ok,27,-1,2119,800,887,39,432,1232,368648,0.631,0,0,0,0.000180000
274,275,3,astar,fast,linear,gcompare,201,0,0,ok,17,-1,52,18,17,0,17,35,368648,0.333,0,0,0,0.000004000
275,276,3,astar,fast,linear,gcompare,201,0,0,ok,25,-1,914,344,379,17,191,535,368648,0.497,0,0,0,0.000074000
276,277,3,astar,fast,linear,gcompare,201,0,0,ok,21,-1,550,205,216,5,129,334,368648,0.437,0,0,0,0.000044000
277,278,3,astar,fast,linear,gcompare,201,0,0,ok,25,-1,1582,591,638,20,353,944,368648,0.565,0,0,0,0.000143000
278,279,3,astar,fast,linear,gcompare,201,0,0,ok,23,-1,1329,502,530,6,297,799,368648,0.549,0,0,0,0.000114000
279,280,3,astar,fast,linear,gcompare,201,0,0,ok,21,-1,822,303,332,12,187,490,368648,0.513,0,0,0,0.000069000
280,281,3,astar,fast,linear,gcompare,201,0,0,ok,21,-1,302,113,116,2,73,186,368648,0.409,0,0,0,0.000024000
281,282,3,astar,fast,linear,gcompare,201,0,0,ok,25,-1,1036,393,415,10,228,621,368648,0.516,0,0,0,0.000086000
282,283,3,astar,fast,linear,gcompare,201,0,0,ok,27,-1,1326,496,522,11,308,804,368648,0.511,0,0,0,0.000110000
283,284,3,astar,fast,linear,gcompare,201,0,0,ok,27,-1,4273,1596,1780,69,897,2493,368648,0.887,0,0,0,0.000388000
284,285,3,astar,fast,linear,gcompare,201,0,0,ok,25,-1,1905,711,785,30,409,1120,368648,0.628,0,0,0,0.000161000
285,286,3,astar,fast,linear,gcompare,201,0,0,ok,23,-1,321,121,127,3,73,194,368648,0.434,0,0,0,0.000027000
286,287,3,astar,fast,linear,gcompare,201,0,0,ok,21,-1,542,203,218,5,121,324,368648,0.484,0,0,0,0.000046000
287,288,3,astar,fast,linear,gcompare,201,0,0,ok,25,-1,2126,789,850,18,487,1276,368648,0.635,0,0,0,0.000185000
288,289,3,astar,fast,linear,gcompare,201,0,0,ok,25,-1,2049,757,833,29,459,1216,368648,0.643,0,0,0,0.000178000
289,290,3,astar,fast,linear,gcompare,201,0,0,ok,21,-1,905,337,364,5,204,541,368648,0.506,0,0,0,0.000077000
290,291,3,astar,fast,linear,gcompare,201,0,0,ok,21,-1,487,179,198,8,110,289,368648,0.455,0,0,0,0.000038000
291,292,3,astar,fast,linear,gcompare,201,0,0,ok,23,-1,1154,426,456,14,272,698,368648,0.489,0,0,0,0.000095000
292,293,3,astar,fast,linear,gcompare,201,0,0,ok,23,-1,317,117,122,3,78,195,368648,0.415,0,0,0,0.000025000
293,294,3,astar,fast,linear,gcompare,201,0,0,ok,17,-1,92,35,34,0,23,58,368648,0.374,0,0,0,0.000008000
294,295,3,astar,fast,linear,gcompare,201,0,0,ok,19,-1,285,105,108,2,72,177,368648,0.423,0,0,0,0.000024000
295,296,3,astar,fast,linear,gcompare,201,0,0,ok,21,-1,404,150,161,6,93,243,368648,0.452,0,0,0,0.000032000
296,297,3,astar,fast,linear,gcompare,201,0,0,ok,25,-1,711,270,289,10,152,422,368648,0.480,0,0,0,0.000059000
297,298,3,astar,fast,linear,gcompare,201,0,0,ok,21,-1,240,90,91,1,59,149,368648,0.402,0,0,0,0.000021000
298,299,3,astar,fast,linear,gcompare,201,0,0,ok,17,-1,372,137,143,0,92,229,368648,0.429,0,0,0,0.000031000
299,300,3,astar,fast,linear,gcompare,201,0,0,ok,27,-1,3914,1472,1627,58,815,2287,368648,0.841,0,0,0,0.000358000
300,301,3,astar,fast,linear,gcompare,201,0,0,ok,19,-1,195,72,73,1,50,122,368648,0.402,0,0,0,0.000017000
301,302,3,astar,fast,linear,gcompare,201,0,0,ok,19,-1,398,148,167,8,83,231,368648,0.484,0,0,0,0.000037000
302,303,3,astar,fast,linear,gcompare,201,0,0,ok,21,-1,727,269,290,9,168,437,368648,0.479,0,0,0,0.000062000
303,304,3,astar,fast,linear,gcompare,201,0,0,ok,27,-1,2487,936,1033,42,518,1454,368648,0.656,0,0,0,0.000215000
304,305,3,astar,fast,linear,gcompare,201,0,0,ok,23,-1,1423,526,571,18,326,852,368648,0.556,0,0,0,0.000125000
305,306,3,astar,fast,linear,gcompare,201,0,0,ok,23,-1,459,173,186,7,100,273,368648,0.428,0,0,0,0.000041000
306,307,3,astar,fast,linear,gcompare,201,0,0,ok,19,-1,151,56,55,0,40,96,368648,0.413,0,0,0,0.000013000
307,308,3,astar,fast,linear,gcompare,201,0,0,ok,23,-1,492,186,191,3,115,301,368648,0.422,0,0,0,0.000044000
308,309,3,astar,fast,linear,gcompare,201,0,0,ok,19,-1,439,163,171,3,105,268,368648,0.438,0,0,0,0.000037000
309,310,3,astar,fast,linear,gcompare,201,0,0,ok,21,-1,1071,398,421,5,252,650,368648,0.528,0,0,0,0.000095000
310,311,3,astar,fast,linear,gcompare,201,0,0,ok,23,-1,1995,748,820,17,427,1175,368648,0.611,0,0,0,0.000180000
311,312,3,astar,fast,linear,gcompare,201,0,0,ok,25,-1,1835,691,753,20,391,1082,368648,0.621,0,0,0,0.000161000
312,313,3,astar,fast,linear,gcompare,201,0,0,ok,19,-1,219,81,82,1,56,137,368648,0.413,0,0,0,0.000018000
313,314,3,astar,fast,linear,gcompare,201,0,0,ok,17,-1,190,70,71,1,49,119,368648,0.418,0,0,0,0.000016000
314,315,3,astar,fast,linear,gcompare,201,0,0,ok,23,-1,2314,860,946,28,508,1368,368648,0.683,0,0,0,0.000204000
315,316,3,astar,fast,linear,gcompare,201,0,0,ok,27,-1,3046,1148,1254,37,644,1792,368648,0.734,0,0,0,0.000279000
316,317,3,astar,fast,linear,gcompare,201,0,0,ok,19,-1,295,107,115,4,73,180,368648,0.425,0,0,0,0.000025000
317,318,3,astar,fast,linear,gcompare,201,0,0,ok,21,-1,261,97,102,3,62,159,368648,0.427,0,0,0,0.000021000
318,319,3,astar,fast,linear,gcompare,201,0,0,ok,17,-1,100,36,37,1,27,63,368648,0.374,0,0,0,0.000008000
319,320,3,astar,fast,linear,gcompare,201,0,0,ok,17,-1,160,59,58,0,43,102,368648,0.377,0,0,0,0.000015000
320,321,3,astar,fast,linear,gcompare,201,0,0,ok,25,-1,1452,541,604,30,307,848,368648,0.569,0,0,0,0.000121000
321,322,3,astar,fast,linear,gcompare,201,0,0,ok,23,-1,445,168,180,3,97,265,368648,0.459,0,0,0,0.000038000
322,323,3,astar,fast,linear,gcompare,201,0,0,ok,23,-1,1206,451,482,11,273,724,368648,0.535,0,0,0,0.000104000
323,324,3,astar,fast,linear,gcompare,201,0,0,ok,23,-1,566,207,210,1,149,356,368648,0.428,0,0,0,0.000049000
324,325,3,astar,fast,linear,gcompare,201,0,0,ok,19,-1,225,83,86,2,56,139,368648,0.411,0,0,0,0.000018000
325,326,3,astar,fast,linear,gcompare,201,0,0,ok,23,-1,510,191,208,7,111,302,368648,0.489,0,0,0,0.000041000
326,327,3,astar,fast,linear,gcompare,201,0,0,ok,21,-1,380,142,141,0,97,239,368648,0.406,0,0,0,0.000034000
327,328,3,astar,fast,linear,gcompare,201,0,0,ok,21,-1,1447,541,578,10,328,869,368648,0.538,0,0,0,0.000124000
328,329,3,astar,fast,linear,gcompare,201,0,0,ok,21,-1,1042,387,418,8,237,624,368648,0.533,0,0,0,0.000085000
329,330,3,astar,fast,linear,gcompare,201,0,0,ok,23,-1,295,111,116,3,68,179,368648,0.412,0,0,0,0.000023000
330,331,3,astar,fast,linear,gcompare,201,0,0,ok,19,-1,231,85,90,3,56,141,368648,0.413,0,0,0,0.000018000
331,332,3,astar,fast,linear,gcompare,201,0,0,ok,23,-1,858,325,345,9,188,513,368648,0.501,0,0,0,0.000071000
332,333,3,astar,fast,linear,gcompare,201,0,0,ok,13,-1,90,32,31,0,27,59,368648,0.348,0,0,0,0.000007000
333,334,3,astar,fast,linear,gcompare,201,0,0,ok,23,-1,1094,407,439,9,248,655,368648,0.523,0,0,0,0.000092000
334,335,3,astar,fast,linear,gcompare,201,0,0,ok,25,-1,1129,436,463,11,230,666,368648,0.506,0,0,0,0.000097000
335,336,3,astar,fast,linear,gcompare,201,0,0,ok,19,-1,220,83,84,1,53,136,368648,0.393,0,0,0,0.000018000
336,337,3,astar,fast,linear,gcompare,201,0,0,ok,17,-1,383,142,147,1,94,236,368648,0.424,0,0,0,0.000033000
337,338,3,astar,fast,linear,gcompare,201,0,0,ok,23,-1,195,71,72,1,52,123,368648,0.381,0,0,0,0.000016000
338,339,3,astar,fast,linear,gcompare,201,0,0,ok,21,-1,585,216,227,5,142,358,368648,0.457,0,0,0,0.000048000
339,340,3,astar,fast,linear,gcompare,201,0,0,ok,25,-1,1676,637,686,20,353,990,368648,0.577,0,0,0,0.000137000
340,341,3,astar,fast,linear,gcompare,201,0,0,ok,25,-1,2059,784,855,30,420,1204,368648,0.621,0,0,0,0.000178000
341,342,3,astar,fast,linear,gcompare,201,0,0,ok,23,-1,1121,417,444,7,260,677,368648,0.517,0,0,0,0.000094000
342,343,3,astar,fast,linear,gcompare,201,0,0,ok,25,-1,1278,473,506,13,299,772,368648,0.526,0,0,0,0.000110000
343,344,3,astar,fast,linear,gcompare,201,0,0,ok,21,-1,506,188,201,7,117,305,368648,0.453,0,0,0,0.000041000
344,345,3,astar,fast,linear,gcompare,201,0,0,ok,25,-1,2128,808,875,24,445,1253,368648,0.627,0,0,0,0.000186000
345,346,3,astar,fast,linear,gcompare,201,0,0,ok,27,-1,1281,484,509,11,288,772,368648,0.505,0,0,0,0.000105000
346,347,3,astar,fast,linear,gcompare,201,0,0,ok,19,-1,548,203,219,6,126,329,368648,0.448,0,0,0,0.000045000
347,348,3,astar,fast,linear,gcompare,201,0,0,ok,23,-1,1669,613,668,13,388,1001,368648,0.595,0,0,0,0.000142000
348,349,3,astar,fast,linear,gcompare,201,0,0,ok,23,-1,752,283,305,7,164,447,368648,0.485,0,0,0,0.000060000
349,350,3,astar,fast,linear,gcompare,201,0,0,ok,19,-1,262,97,97,0,68,165,368648,0.395,0,0,0,0.000022000
350,351,3,astar,fast,linear,gcompare,201,0,0,ok,25,-1,1061,398,421,9,242,640,368648,0.481,0,0,0,0.000089000
351,352,3,astar,fast,linear,gcompare,201,0,0,ok,19,-1,660,248,265,5,147,395,368648,0.481,0,0,0,0.000054000
352,353,3,astar,fast,linear,gcompare,201,0,0,ok,21,-1,842,313,331,5,198,511,368648,0.498,0,0,0,0.000068000
353,354,3,astar,fast,linear,gcompare,201,0,0,ok,23,-1,901,336,359,9,206,542,368648,0.493,0,0,0,0.000073000
354,355,3,astar,fast,linear,gcompare,201,0,0,ok,23,-1,881,328,345,8,208,536,368648,0.489,0,0,0,0.000072000
355,356,3,astar,fast,linear,gcompare,201,0,0,ok,25,-1,1381,522,562,14,297,819,368648,0.570,0,0,0,0.000113000
356,357,3,astar,fast,linear,gcompare,201,0,0,ok,21,-1,299,113,114,0,72,185,368648,0.406,0,0,0,0.000022000
357,358,3,astar,fast,linear,gcompare,201,0,0,ok,23,-1,1432,535,577,15,320,855,368648,0.587,0,0,0,0.000119000
358,359,3,astar,fast,linear,gcompare,201,0,0,ok,21,-1,547,207,211,0,129,336,368648,0.441,0,0,0,0.000048000
359,360,3,astar,fast,linear,gcompare,201,0,0,ok,21,-1,524,196,205,5,123,319,368648,0.449,0,0,0,0.000044000
360,361,3,astar,fast,linear,gcompare,201,0,0,ok,17,-1,267,98,102,0,67,165,368648,0.432,0,0,0,0.000022000
361,362,3,astar,fast,linear,gcompare,201,0,0,ok,25,-1,978,369,388,10,221,590,368648,0.479,0,0,0,0.000079000
362,363,3,astar,fast,linear,gcompare,201,0,0,ok,21,-1,524,195,206,4,123,318,368648,0.446,0,0,0,0.000045000
363,364,3,astar,fast,linear,gcompare,201,0,0,ok,21,-1,398,147,153,3,98,245,368648,0.421,0,0,0,0.000032000
364,365,3,astar,fast,linear,gcompare,201,0,0,ok,25,-1,1879,696,756,20,427,1123,368648,0.631,0,0,0,0.000159000
365,366,3,astar,fast,linear,gcompare,201,0,0,ok,19,-1,83,29,28,0,26,55,368648,0.378,0,0,0,0.000006000
366,367,3,astar,fast,linear,gcompare,201,0,0,ok,23,-1,1171,431,463,12,277,708,368648,0.513,0,0,0,0.000095000
367,368,3,astar,fast,linear,gcompare,201,0,0,ok,21,-1,179,66,67,1,46,112,368648,0.376,0,0,0,0.000014000
368,369,3,astar,fast,linear,gcompare,201,0,0,ok,19,-1,464,172,183,5,109,281,368648,0.456,0,0,0,0.000039000
369,370,3,astar,fast,linear,gcompare,201,0,0,ok,27,-1,2690,1008,1118,41,564,1572,368648,0.689,0,0,0,0.000228000
370,371,3,astar,fast,linear,gcompare,201,0,0,ok,19,-1,833,310,328,4,195,505,368648,0.490,0,0,0,0.000074000
371,372,3,astar,fast,linear,gcompare,201,0,0,ok,19,-1,230,82,84,1,64,146,368648,0.380,0,0,0,0.000020000
372,373,3,astar,fast,linear,gcompare,201,0,0,ok,25,-1,812,308,329,8,175,483,368648,0.493,0,0,0,0.000065000
373,374,3,astar,fast,linear,gcompare,201,0,0,ok,21,-1,436,162,172,4,102,264,368648,0.432,0,0,0,0.000036000
374,375,3,astar,fast,linear,gcompare,201,0,0,ok,21,-1,558,206,222,5,130,336,368648,0.467,0,0,0,0.000047000
375,376,3,astar,fast,linear,gcompare,201,0,0,ok,21,-1,429,161,166,3,102,263,368648,0.446,0,0,0,0.000036000
376,377,3,astar,fast,linear,gcompare,201,0,0,ok,27,-1,4101,1545,1709,52,847,2392,368648,0.844,0,0,0,0.000382000
377,378,3,astar,fast,linear,gcompare,201,0,0,ok,23,-1,855,320,352,15,183,503,368648,0.506,0,0,0,0.000073000
378,379,3,astar,fast,linear,gcompare,201,0,0,ok,25,-1,1498,564,612,22,322,886,368648,0.572,0,0,0,0.000123000
379,380,3,astar,fast,linear,gcompare,201,0,0,ok,21,-1,314,117,121,2,76,193,368648,0.403,0,0,0,0.000025000
380,381,3,astar,fast,linear,gcompare,201,0,0,ok,25,-1,1688,632,681,20,375,1007,368648,0.581,0,0,0,0.000149000
381,382,3,astar,fast,linear,gcompare,201,0,0,ok,19,-1,286,107,108,1,71,178,368648,0.404,0,0,0,0.000023000
382,383,3,astar,fast,linear,gcompare,201,0,0,ok,27,-1,1909,718,789,30,402,1120,368648,0.592,0,0,0,0.000165000
383,384,3,astar,fast,linear,gcompare,201,0,0,ok,21,-1,272,103,103,0,66,169,368648,0.424,0,0,0,0.000024000
384,385,3,astar,fast,linear,gcompare,201,0,0,ok,23,-1,399,146,151,3,102,248,368648,0.440,0,0,0,0.000033000
385,386,3,astar,fast,linear,gcompare,201,0,0,ok,21,-1,951,355,380,8,216,571,368648,0.515,0,0,0,0.000083000
386,387,3,astar,fast,linear,gcompare,201,0,0,ok,23,-1,1669,613,668,13,388,1001,368648,0.595,0,0,0,0.000139000
387,388,3,astar,fast,linear,gcompare,201,0,0,ok,17,-1,109,39,38,0,32,71,368648,0.370,0,0,0,0.000009000
388,389,3,astar,fast,linear,gcompare,201,0,0,ok,25,-1,953,354,400,20,199,553,368648,0.532,0,0,0,0.000075000
389,390,3,astar,fast,linear,gcompare,201,0,0,ok,23,-1,262,97,102,2,63,160,368648,0.414,0,0,0,0.000021000
390,391,3,astar,fast,linear,gcompare,201,0,0,ok,25,-1,2632,1002,1074,20,556,1558,368648,0.686,0,0,0,0.000232000
391,392,3,astar,fast,linear,gcompare,201,0,0,ok,19,-1,331,122,126,3,83,205,368648,0.418,0,0,0,0.000032000
392,393,3,astar,fast,linear,gcompare,201,0,0,ok,25,-1,1016,380,398,7,238,618,368648,0.479,0,0,0,0.000092000
393,394,3,astar,fast,linear,gcompare,201,0,0,ok,19,-1,232,87,90,2,55,142,368648,0.442,0,0,0,0.000019000
394,395,3,astar,fast,linear,gcompare,201,0,0,ok,21,-1,823,307,326,5,190,497,368648,0.501,0,0,0,0.000069000
395,396,3,astar,fast,linear,gcompare,201,0,0,ok,23,-1,1400,525,567,20,308,833,368648,0.543,0,0,0,0.000138000
396,397,3,astar,fast,linear,gcompare,201,0,0,ok,23,-1,723,273,290,7,160,433,368648,0.489,0,0,0,0.000072000
397,398,3,astar,fast,linear,gcompare,201,0,0,ok,25,-1,2216,830,899,18,487,1317,368648,0.628,0,0,0,0.000197000
398,399,3,astar,fast,linear,gcompare,201,0,0,ok,21,-1,144,55,54,0,35,90,368648,0.385,0,0,0,0.000012000
399,400,3,astar,fast,linear,gcompare,201,0,0,ok,25,-1,979,367,401,12,211,578,368648,0.497,0,0,0,0.000081000
400,401,3,astar,fast,linear,gcompare,201,0,0,ok,19,-1,451,168,177,4,106,274,368648,0.458,0,0,0,0.000036000
401,402,3,astar,fast,linear,gcompare,201,0,0,ok,21,-1,125,45,44,0,36,81,368648,0.371,0,0,0,0.000010000
402,403,3,astar,fast,linear,gcompare,201,0,0,ok,23,-1,1334,493,523,11,318,811,368648,0.524,0,0,0,0.000113000
403,404,3,astar,fast,linear,gcompare,201,0,0,ok,21,-1,477,177,187,4,113,290,368648,0.452,0,0,0,0.000041000
404,405,3,astar,fast,linear,gcompare,201,0,0,ok,19,-1,230,85,86,1,59,144,368648,0.406,0,0,0,0.000020000
405,406,3,astar,fast,linear,gcompare,201,0,0,ok,19,-1,453,169,178,4,106,275,368648,0.425,0,0,0,0.000036000
406,407,3,astar,fast,linear,gcompare,201,0,0,ok,21,-1,321,117,124,4,80,197,368648,0.422,0,0,0,0.000025000
407,408,3,astar,fast,linear,gcompare,201,0,0,ok,19,-1,397,148,153,2,96,244,368648,0.422,0,0,0,0.000032000
408,409,3,astar,fast,linear,gcompare,201,0,0,ok,23,-1,1062,397,426,8,239,636,368648,0.498,0,0,0,0.000087000
409,410,3,astar,fast,linear,gcompare,201,0,0,ok,23,-1,1132,420,464,20,248,668,368648,0.520,0,0,0,0.000092000
410,411,3,astar,fast,linear,gcompare,201,0,0,ok,15,-1,161,60,59,0,42,102,368648,0.381,0,0,0,0.000013000
411,412,3,astar,fast,linear,gcompare,201,0,0,ok,13,-1,61,22,21,0,18,40,368648,0.350,0,0,0,0.000005000
412,413,3,astar,fast,linear,gcompare,201,0,0,ok,21,-1,256,95,95,0,66,161,368648,0.400,0,0,0,0.000020000
413,414,3,astar,fast,linear,gcompare,201,0,0,ok,23,-1,573,214,222,3,137,351,368648,0.435,0,0,0,0.000046000
414,415,3,astar,fast,linear,gcompare,201,0,0,ok,23,-1,1356,505,552,21,299,804,368648,0.551,0,0,0,0.000110000
415,416,3,astar,fast,linear,gcompare,201,0,0,ok,23,-1,630,235,252,8,143,378,368648,0.459,0,0,0,0.000050000
416,417,3,astar,fast,linear,gcompare,201,0,0,ok,23,-1,408,154,157,2,97,251,368648,0.430,0,0,0,0.000032000
417,418,3,astar,fast,linear,gcompare,201,0,0,ok,21,-1,716,265,278,6,173,438,368648,0.499,0,0,0,0.000061000
418,419,3,astar,fast,linear,gcompare,201,0,0,ok,21,-1,448,169,176,4,103,272,368648,0.432,0,0,0,0.000036000
419,420,3,astar,fast,linear,gcompare,201,0,0,ok,19,-1,206,76,76,0,54,130,368648,0.410,0,0,0,0.000017000
420,421,3,astar,fast,linear,gcompare,201,0,0,ok,19,-1,322,118,124,2,80,198,368648,0.424,0,0,0,0.000025000
421,422,3,astar,fast,linear,gcompare,201,0,0,ok,23,-1,1297,486,520,6,291,777,368648,0.556,0,0,0,0.000108000
422,423,3,astar,fast,linear,gcompare,201,0,0,ok,21,-1,375,142,146,1,87,229,368648,0.441,0,0,0,0.000031000
423,424,3,astar,fast,linear,gcompare,201,0,0,ok,21,-1,448,165,174,3,109,274,368648,0.418,0,0,0,0.000038000
424,425,3,astar,fast,linear,gcompare,201,0,0,ok,19,-1,204,74,75,1,55,129,368648,0.379,0,0,0,0.000016000
425,426,3,astar,fast,linear,gcompare,201,0,0,ok,25,-1,2987,1125,1245,36,617,1742,368648,0.761,0,0,0,0.000260000
426,427,3,astar,fast,linear,gcompare,201,0,0,ok,23,-1,1011,382,402,8,227,609,368648,0.499,0,0,0,0.000086000
427,428,3,astar,fast,linear,gcompare,201,0,0,ok,19,-1,325,122,125,1,78,200,368648,0.426,0,0,0,0.000028000
428,429,3,astar,fast,linear,gcompare,201,0,0,ok,23,-1,725,273,287,5,165,438,368648,0.481,0,0,0,0.000059000
429,430,3,astar,fast,linear,gcompare,201,0,0,ok,25,-1,2880,1074,1176,38,630,1704,368648,0.709,0,0,0,0.000263000
430,431,3,astar,fast,linear,gcompare,201,0,0,ok,23,-1,866,327,345,6,194,521,368648,0.492,0,0,0,0.000071000
431,432,3,astar,fast,linear,gcompare,201,0,0,ok,23,-1,829,307,330,7,192,499,368648,0.508,0,0,0,0.000068000
432,433,3,astar,fast,linear,gcompare,201,0,0,ok,29,-1,4284,1620,1760,54,904,2524,368648,0.837,0,0,0,0.000379000
433,434,3,astar,fast,linear,gcompare,201,0,0,ok,25,-1,771,291,306,7,174,465,368648,0.482,0,0,0,0.000064000
434,435,3,astar,fast,linear,gcompare,201,0,0,ok,21,-1,1140,427,460,9,253,680,368648,0.514,0,0,0,0.000100000
435,436,3,astar,fast,linear,gcompare,201,0,0,ok,21,-1,687,256,266,3,165,421,368648,0.477,0,0,0,0.000059000
436,437,3,astar,fast,linear,gcompare,201,0,0,ok,21,-1,419,157,163,3,99,256,368648,0.445,0,0,0,0.000034000
437,438,3,astar,fast,linear,gcompare,201,0,0,ok,19,-1,441,164,178,5,99,263,368648,0.459,0,0,0,0.000035000
438,439,3,astar,fast,linear,gcompare,201,0,0,ok,23,-1,845,315,339,10,191,506,368648,0.521,0,0,0,0.000071000
439,440,3,astar,fast,linear,gcompare,201,0,0,ok,25,-1,2611,972,1069,34,570,1542,368648,0.682,0,0,0,0.000236000
440,441,3,astar,fast,linear,gcompare,201,0,0,ok,27,-1,2241,832,918,34,491,1323,368648,0.623,0,0,0,0.000187000
441,442,3,astar,fast,linear,gcompare,201,0,0,ok,21,-1,930,348,365,7,217,565,368648,0.523,0,0,0,0.000078000
442,443,3,astar,fast,linear,gcompare,201,0,0,ok,23,-1,1933,723,779,19,431,1154,368648,0.627,0,0,0,0.000174000
443,444,3,astar,fast,linear,gcompare,201,0,0,ok,21,-1,502,189,195,3,118,307,368648,0.441,0,0,0,0.000042000
444,445,3,astar,fast,linear,gcompare,201,0,0,ok,27,-1,1417,529,558,13,330,859,368648,0.538,0,0,0,0.000118000
445,446,3,astar,fast,linear,gcompare,201,0,0,ok,19,-1,83,30,29,0,24,54,368648,0.390,0,0,0,0.000007000
446,447,3,astar,fast,linear,gcompare,201,0,0,ok,27,-1,3518,1321,1450,40,747,2068,368648,0.789,0,0,0,0.000303000
447,448,3,astar,fast,linear,gcompare,201,0,0,ok,23,-1,1302,485,519,12,298,783,368648,0.540,0,0,0,0.000113000
448,449,3,astar,fast,linear,gcompare,201,0,0,ok,19,-1,581,215,229,2,137,352,368648,0.460,0,0,0,0.000049000
449,450,3,astar,fast,linear,gcompare,201,0,0,ok,23,-1,996,373,393,6,230,603,368648,0.504,0,0,0,0.000082000
450,451,3,astar,fast,linear,gcompare,201,0,0,ok,23,-1,877,330,351,8,196,526,368648,0.498,0,0,0,0.000073000
451,452,3,astar,fast,linear,gcompare,201,0,0,ok,19,-1,281,103,107,0,71,174,368648,0.432,0,0,0,0.000023000
452,453,3,astar,fast,linear,gcompare,201,0,0,ok,27,-1,4345,1624,1791,54,930,2554,368648,0.897,0,0,0,0.000384000
453,454,3,astar,fast,linear,gcompare,201,0,0,ok,27,-1,6975,2614,2943,114,1418,4032,376840,1.151,0,0,0,0.000654000
454,455,3,astar,fast,linear,gcompare,201,0,0,ok,23,-1,1229,454,495,12,280,734,368648,0.561,0,0,0,0.000108000
455,456,3,astar,fast,linear,gcompare,201,0,0,ok,25,-1,1494,569,606,14,319,888,368648,0.562,0,0,0,0.000130000
456,457,3,astar,fast,linear,gcompare,201,0,0,ok,27,-1,4138,1546,1712,62,880,2426,368648,0.843,0,0,0,0.000366000
457,458,3,astar,fast,linear,gcompare,201,0,0,ok,23,-1,674,251,268,7,155,406,368648,0.453,0,0,0,0.000057000
458,459,3,astar,fast,linear,gcompare,201,0,0,ok,21,-1,412,151,157,2,104,255,368648,0.433,0,0,0,0.000035000
459,460,3,astar,fast,linear,gcompare,201,0,0,ok,21,-1,438,160,165,2,113,273,368648,0.446,0,0,0,0.000037000
460,461,3,astar,fast,linear,gcompare,201,0,0,ok,23,-1,809,304,327,11,178,482,368648,0.496,0,0,0,0.000067000
461,462,3,astar,fast,linear,gcompare,201,0,0,ok,21,-1,273,100,101,0,72,172,368648,0.434,0,0,0,0.000024000
462,463,3,astar,fast,linear,gcompare,201,0,0,ok,23,-1,671,250,257,3,164,414,368648,0.454,0,0,0,0.000056000
463,464,3,astar,fast,linear,gcompare,201,0,0,ok,19,-1,535,198,207,5,130,328,368648,0.448,0,0,0,0.000044000
464,465,3,astar,fast,linear,gcompare,201,0,0,ok,17,-1,155,56,57,0,42,98,368648,0.383,0,0,0,0.000013000
465,466,3,astar,fast,linear,gcompare,201,0,0,ok,23,-1,676,252,264,4,160,412,368648,0.449,0,0,0,0.000067000
466,467,3,astar,fast,linear,gcompare,201,0,0,ok,21,-1,828,310,341,15,177,487,368648,0.504,0,0,0,0.000066000
467,468,3,astar,fast,linear,gcompare,201,0,0,ok,25,-1,3182,1195,1305,27,682,1877,368648,0.741,0,0,0,0.000282000
468,469,3,astar,fast,linear,gcompare,201,0,0,ok,23,-1,1382,510,552,12,320,830,368648,0.559,0,0,0,0.000119000
469,470,3,astar,fast,linear,gcompare,201,0,0,ok,21,-1,440,162,171,5,107,269,368648,0.417,0,0,0,0.000037000
470,471,3,astar,fast,linear,gcompare,201,0,0,ok,23,-1,366,137,140,2,89,226,368648,0.419,0,0,0,0.000030000
471,472,3,astar,fast,linear,gcompare,201,0,0,ok,23,-1,1383,521,559,16,303,824,368648,0.552,0,0,0,0.000120000
472,473,3,astar,fast,linear,gcompare,201,0,0,ok,25,-1,1379,521,555,12,303,824,368648,0.579,0,0,0,0.000116000
473,474,3,astar,fast,linear,gcompare,201,0,0,ok,23,-1,363,137,140,1,86,223,368648,0.439,0,0,0,0.000029000
474,475,3,astar,fast,linear,gcompare,201,0,0,ok,25,-1,2513,941,1028,29,544,1485,368648,0.675,0,0,0,0.000225000
475,476,3,astar,fast,linear,gcompare,201,0,0,ok,25,-1,1133,429,462,13,242,671,368648,0.515,0,0,0,0.000093000
476,477,3,astar,fast,linear,gcompare,201,0,0,ok,25,-1,3563,1332,1475,40,756,2088,368648,0.785,0,0,0,0.000310000
477,478,3,astar,fast,linear,gcompare,201,0,0,ok,21,-1,408,151,157,3,100,251,368648,0.437,0,0,0,0.000034000
478,479,3,astar,fast,linear,gcompare,201,0,0,ok,19,-1,762,281,299,4,182,463,368648,0.480,0,0,0,0.000065000
479,480,3,astar,fast,linear,gcompare,201,0,0,ok,23,-1,503,190,198,3,115,305,368648,0.448,0,0,0,0.000041000
480,481,3,astar,fast,linear,gcompare,201,0,0,ok,17,-1,226,82,84,0,60,142,368648,0.387,0,0,0,0.000019000
481,482,3,astar,fast,linear,gcompare,201,0,0,ok,19,-1,228,86,85,0,57,143,368648,0.401,0,0,0,0.000019000
482,483,3,astar,fast,linear,gcompare,201,0,0,ok,27,-1,5640,2098,2352,82,1190,3288,376840,1.000,0,0,0,0.000509000
483,484,3,astar,fast,linear,gcompare,201,0,0,ok,25,-1,2358,880,962,29,516,1396,368648,0.652,0,0,0,0.000203000
484,485,3,astar,fast,linear,gcompare,201,0,0,ok,25,-1,1748,657,703,16,388,1045,368648,0.587,0,0,0,0.000150000
485,486,3,astar,fast,linear,gcompare,201,0,0,ok,21,-1,145,53,52,0,40,93,368648,0.389,0,0,0,0.000012000
486,487,3,astar,fast,linear,gcompare,201,0,0,ok,21,-1,327,120,125,3,82,202,368648,0.426,0,0,0,0.000025000
487,488,3,astar,fast,linear,gcompare,201,0,0,ok,19,-1,736,272,287,5,177,449,368648,0.460,0,0,0,0.000061000
488,489,3,astar,fast,linear,gcompare,201,0,0,ok,23,-1,657,245,251,2,161,406,368648,0.454,0,0,0,0.000054000
489,490,3,astar,fast,linear,gcompare,201,0,0,ok,21,-1,309,115,116,1,78,193,368648,0.422,0,0,0,0.000026000
490,491,3,astar,fast,linear,gcompare,201,0,0,ok,17,-1,179,65,66,1,48,113,368648,0.388,0,0,0,0.000015000
491,492,3,astar,fast,linear,gcompare,201,0,0,ok,23,-1,431,161,166,3,104,265,368648,0.449,0,0,0,0.000034000
492,493,3,astar,fast,linear,gcompare,201,0,0,ok,21,-1,432,161,173,5,98,259,368648,0.445,0,0,0,0.000034000
493,494,3,astar,fast,linear,gcompare,201,0,0,ok,23,-1,1082,406,430,11,246,652,368648,0.529,0,0,0,0.000093000
494,495,3,astar,fast,linear,gcompare,201,0,0,ok,17,-1,139,51,52,1,36,87,368648,0.384,0,0,0,0.000011000
495,496,3,astar,fast,linear,gcompare,201,0,0,ok,25,-1,2772,1030,1140,30,602,1632,368648,0.694,0,0,0,0.000235000
496,497,3,astar,fast,linear,gcompare,201,0,0,ok,23,-1,109,39,38,0,32,71,368648,0.352,0,0,0,0.000010000
497,498,3,astar,fast,linear,gcompare,201,0,0,ok,23,-1,1008,381,398,6,229,610,368648,0.501,0,0,0,0.000086000
498,499,3,astar,fast,linear,gcompare,201,0,0,ok,17,-1,72,27,26,0,19,46,368648,0.366,0,0,0,0.000006000
499,500,3,astar,fast,linear,gcompare,201,0,0,ok,21,-1,156,57,56,0,43,100,368648,0.387,0,0,0,0.000012000
