run,seed,size,algo,impl,heuristic,dup,shuffle,max_nodes,max_bytes,status,solution_len,optimal,generated,expanded,duplicates,improved,open_max,closed,bytes_peak,hash_probes,iterations,last_iter_generated,max_depth,seconds
0,1,3,bfs,fast,manhattan,gcompare,200,0,0,ok,22,-1,200871,73548,103445,0,23976,97426,5242976,1.661,0,0,0,0.007855000
1,2,3,bfs,fast,manhattan,gcompare,200,0,0,ok,22,-1,239035,89335,128019,0,23973,111016,5898352,1.695,0,0,0,0.008880000
2,3,3,bfs,fast,manhattan,gcompare,200,0,0,ok,20,-1,116903,42978,56675,0,17255,60228,3407936,1.680,0,0,0,0.004135000
3,4,3,bfs,fast,manhattan,gcompare,200,0,0,ok,22,-1,254573,95797,138528,0,23976,116045,6226040,1.683,0,0,0,0.009201000
4,5,3,bfs,fast,manhattan,gcompare,200,0,0,ok,24,-1,366439,136435,211114,0,24983,155325,8585368,1.632,0,0,0,0.013804000
5,6,3,bfs,fast,manhattan,gcompare,200,0,0,ok,22,-1,203117,74469,104861,0,23972,98256,5242976,1.652,0,0,0,0.008120000
6,7,3,bfs,fast,manhattan,gcompare,200,0,0,ok,20,-1,163387,61345,83469,0,18858,79918,4587600,1.629,0,0,0,0.006308000
7,8,3,bfs,fast,manhattan,gcompare,200,0,0,ok,22,-1,212253,78242,110585,0,23980,101668,5570664,1.671,0,0,0,0.008255000
8,9,3,bfs,fast,manhattan,gcompare,200,0,0,ok,20,-1,146587,54400,73342,0,18858,73245,4259912,1.647,0,0,0,0.005743000
9,10,3,bfs,fast,manhattan,gcompare,200,0,0,ok,28,-1,479615,179822,298516,0,24049,181099,9896120,1.578,0,0,0,0.017522000
10,11,3,bfs,fast,manhattan,gcompare,200,0,0,ok,20,-1,142125,52581,70737,0,18816,71388,4259912,1.659,0,0,0,0.005565000
11,12,3,bfs,fast,manhattan,gcompare,200,0,0,ok,22,-1,210193,77394,109299,0,23972,100894,5570664,1.668,0,0,0,0.008048000
12,13,3,bfs,fast,manhattan,gcompare,200,0,0,ok,20,-1,125157,45643,60842,0,18677,64315,3407936,1.680,0,0,0,0.004447000
13,14,3,bfs,fast,manhattan,gcompare,200,0,0,ok,20,-1,165239,62118,84570,0,18858,80669,4587600,1.627,0,0,0,0.006160000
14,15,3,bfs,fast,manhattan,gcompare,200,0,0,ok,24,-1,358787,133234,205487,0,24983,153300,8585368,1.635,0,0,0,0.013759000
15,16,3,bfs,fast,manhattan,gcompare,200,0,0,ok,24,-1,317959,117162,176993,0,24049,140966,8257680,1.665,0,0,0,0.013079000
16,17,3,bfs,fast,manhattan,gcompare,200,0,0,ok,22,-1,237865,87680,126046,0,24983,111819,5898352,1.666,0,0,0,0.009003000
17,18,3,bfs,fast,manhattan,gcompare,200,0,0,ok,20,-1,138685,51984,69467,0,17289,69218,4259912,1.700,0,0,0,0.005487000
18,19,3,bfs,fast,manhattan,gcompare,200,0,0,ok,20,-1,128801,47907,63683,0,17259,65118,3407936,1.721,0,0,0,0.004865000
19,20,3,bfs,fast,manhattan,gcompare,200,0,0,ok,24,-1,343069,127673,194865,0,24054,148204,8585368,1.665,0,0,0,0.013553000
20,21,3,bfs,fast,manhattan,gcompare,200,0,0,ok,22,-1,272445,102078,149398,0,24983,123047,6553728,1.656,0,0,0,0.010144000
21,22,3,bfs,fast,manhattan,gcompare,200,0,0,ok,20,-1,137551,51509,68825,0,17259,68726,4259912,1.709,0,0,0,0.005508000
22,23,3,bfs,fast,manhattan,gcompare,200,0,0,ok,24,-1,370869,139414,215521,0,24054,155348,8585368,1.653,0,0,0,0.014339000
23,24,3,bfs,fast,manhattan,gcompare,200,0,0,ok,16,-1,30061,11258,13285,0,5518,16776,1310744,1.587,0,0,0,0.001128000
24,25,3,bfs,fast,manhattan,gcompare,200,0,0,ok,28,-1,472265,176561,291803,0,24048,180462,9896120,1.584,0,0,0,0.017122000
25,26,3,bfs,fast,manhattan,gcompare,200,0,0,ok,20,-1,154861,57813,78301,0,18858,76560,4587600,1.631,0,0,0,0.005837000
26,27,3,bfs,fast,manhattan,gcompare,200,0,0,ok,20,-1,133433,49818,66391,0,17289,67042,4259912,1.711,0,0,0,0.005173000
27,28,3,bfs,fast,manhattan,gcompare,200,0,0,ok,16,-1,23267,8500,9919,0,4848,13348,851984,1.472,0,0,0,0.000775000
28,29,3,bfs,fast,manhattan,gcompare,200,0,0,ok,20,-1,136137,50117,67246,0,18787,68891,4259912,1.665,0,0,0,0.005159000
29,30,3,bfs,fast,manhattan,gcompare,200,0,0,ok,20,-1,113863,41739,54890,0,17240,58973,3407936,1.660,0,0,0,0.004205000
30,31,3,bfs,fast,manhattan,gcompare,200,0,0,ok,24,-1,342433,127412,194408,0,24048,148025,8585368,1.664,0,0,0,0.013498000
31,32,3,bfs,fast,manhattan,gcompare,200,0,0,ok,20,-1,149239,55496,74948,0,18858,74291,4587600,1.639,0,0,0,0.005861000
32,33,3,bfs,fast,manhattan,gcompare,200,0,0,ok,28,-1,481015,180356,299786,0,24983,181229,9896120,1.562,0,0,0,0.017086000
33,34,3,bfs,fast,manhattan,gcompare,200,0,0,ok,26,-1,452339,169811,275903,0,24049,176436,9568432,1.603,0,0,0,0.016550000
34,35,3,bfs,fast,manhattan,gcompare,200,0,0,ok,28,-1,476475,178396,295547,0,24048,180928,9896120,1.580,0,0,0,0.016993000
35,36,3,bfs,fast,manhattan,gcompare,200,0,0,ok,22,-1,248309,93199,134164,0,23972,114145,5898352,1.693,0,0,0,0.009389000
36,37,3,bfs,fast,manhattan,gcompare,200,0,0,ok,20,-1,116337,42751,56305,0,17289,60032,3407936,1.673,0,0,0,0.004300000
37,38,3,bfs,fast,manhattan,gcompare,200,0,0,ok,22,-1,241797,90485,129787,0,23980,112010,5898352,1.697,0,0,0,0.009176000
38,39,3,bfs,fast,manhattan,gcompare,200,0,0,ok,24,-1,335729,124603,189559,0,24053,146170,8257680,1.664,0,0,0,0.012924000
39,40,3,bfs,fast,manhattan,gcompare,200,0,0,ok,18,-1,59571,21572,26824,0,11176,32747,1703968,1.651,0,0,0,0.002063000
40,41,3,bfs,fast,manhattan,gcompare,200,0,0,ok,22,-1,253103,95183,137494,0,23976,115609,6226040,1.692,0,0,0,0.009045000
41,42,3,bfs,fast,manhattan,gcompare,200,0,0,ok,24,-1,354109,132340,202971,0,24048,151138,8585368,1.658,0,0,0,0.013194000
42,43,3,bfs,fast,manhattan,gcompare,200,0,0,ok,22,-1,238225,88998,127478,0,23976,110747,5898352,1.699,0,0,0,0.009197000
43,44,3,bfs,fast,manhattan,gcompare,200,0,0,ok,28,-1,477979,179068,296954,0,24054,181025,9896120,1.580,0,0,0,0.016722000
44,45,3,bfs,fast,manhattan,gcompare,200,0,0,ok,20,-1,114425,41965,55210,0,17251,59215,3407936,1.667,0,0,0,0.004071000
45,46,3,bfs,fast,manhattan,gcompare,200,0,0,ok,22,-1,225651,83758,119308,0,23972,106343,5570664,1.688,0,0,0,0.008344000
46,47,3,bfs,fast,manhattan,gcompare,200,0,0,ok,18,-1,60945,22585,28093,0,10267,32852,2293800,1.667,0,0,0,0.002293000
47,48,3,bfs,fast,manhattan,gcompare,200,0,0,ok,18,-1,70519,26481,33210,0,10832,37309,2293800,1.617,0,0,0,0.002630000
48,49,3,bfs,fast,manhattan,gcompare,200,0,0,ok,26,-1,423323,157378,252124,0,24054,171199,9240744,1.633,0,0,0,0.015868000
49,50,3,bfs,fast,manhattan,gcompare,200,0,0,ok,26,-1,453349,170246,276810,0,24048,176539,9568432,1.604,0,0,0,0.017079000
50,51,3,bfs,fast,manhattan,gcompare,200,0,0,ok,18,-1,62807,23342,29024,0,10441,33783,2293800,1.656,0,0,0,0.002441000
51,52,3,bfs,fast,manhattan,gcompare,200,0,0,ok,20,-1,141509,53161,71183,0,17259,70326,4259912,1.691,0,0,0,0.005557000
52,53,3,bfs,fast,manhattan,gcompare,200,0,0,ok,24,-1,358871,134330,206489,0,24054,152382,8585368,1.660,0,0,0,0.013725000
53,54,3,bfs,fast,manhattan,gcompare,200,0,0,ok,20,-1,109261,39863,52222,0,17192,57039,3080248,1.642,0,0,0,0.003956000
54,55,3,bfs,fast,manhattan,gcompare,200,0,0,ok,18,-1,85059,32009,40838,0,12217,44221,2621488,1.559,0,0,0,0.003097000
55,56,3,bfs,fast,manhattan,gcompare,200,0,0,ok,18,-1,77843,29020,36802,0,12021,41041,2621488,1.566,0,0,0,0.002908000
56,57,3,bfs,fast,manhattan,gcompare,200,0,0,ok,24,-1,339033,125986,191890,0,24054,147143,8257680,1.661,0,0,0,0.013298000
57,58,3,bfs,fast,manhattan,gcompare,200,0,0,ok,26,-1,440029,163949,265130,0,24983,174899,9568432,1.601,0,0,0,0.016205000
58,59,3,bfs,fast,manhattan,gcompare,200,0,0,ok,20,-1,131037,48825,64984,0,17289,66053,4259912,1.724,0,0,0,0.005101000
59,60,3,bfs,fast,manhattan,gcompare,200,0,0,ok,22,-1,214327,79098,111964,0,23973,102363,5570664,1.674,0,0,0,0.007941000
60,61,3,bfs,fast,manhattan,gcompare,200,0,0,ok,20,-1,108827,39679,52002,0,17146,56825,3080248,1.640,0,0,0,0.003890000
61,62,3,bfs,fast,manhattan,gcompare,200,0,0,ok,20,-1,137145,51350,68573,0,17289,68572,4259912,1.705,0,0,0,0.005213000
62,63,3,bfs,fast,manhattan,gcompare,200,0,0,ok,26,-1,452647,169941,276178,0,24048,176469,9568432,1.606,0,0,0,0.016367000
63,64,3,bfs,fast,manhattan,gcompare,200,0,0,ok,24,-1,345513,128700,196707,0,24053,148806,8585368,1.663,0,0,0,0.013655000
64,65,3,bfs,fast,manhattan,gcompare,200,0,0,ok,20,-1,167497,63059,85977,0,18858,81520,4587600,1.626,0,0,0,0.006419000
65,66,3,bfs,fast,manhattan,gcompare,200,0,0,ok,20,-1,117929,43406,57264,0,17289,60665,3407936,1.679,0,0,0,0.004382000
66,67,3,bfs,fast,manhattan,gcompare,200,0,0,ok,18,-1,49159,17773,21772,0,9618,27387,1703968,1.565,0,0,0,0.001756000
67,68,3,bfs,fast,manhattan,gcompare,200,0,0,ok,26,-1,431311,160789,258426,0,24054,172885,9568432,1.625,0,0,0,0.016157000
68,69,3,bfs,fast,manhattan,gcompare,200,0,0,ok,22,-1,229331,85302,121722,0,23973,107609,5898352,1.694,0,0,0,0.008688000
69,70,3,bfs,fast,manhattan,gcompare,200,0,0,ok,26,-1,444569,166481,269330,0,24053,175239,9568432,1.613,0,0,0,0.016064000
70,71,3,bfs,fast,manhattan,gcompare,200,0,0,ok,22,-1,209353,77060,108737,0,23973,100616,5570664,1.667,0,0,0,0.007685000
71,72,3,bfs,fast,manhattan,gcompare,200,0,0,ok,20,-1,126419,46924,62287,0,17259,64132,3407936,1.720,0,0,0,0.004625000
72,73,3,bfs,fast,manhattan,gcompare,200,0,0,ok,12,-1,4535,1691,1874,0,972,2661,368648,0.942,0,0,0,0.000119000
73,74,3,bfs,fast,manhattan,gcompare,200,0,0,ok,20,-1,144145,54233,72774,0,17289,71371,4259912,1.682,0,0,0,0.005454000
74,75,3,bfs,fast,manhattan,gcompare,200,0,0,ok,16,-1,21583,7824,9115,0,4645,12468,851984,1.448,0,0,0,0.000712000
75,76,3,bfs,fast,manhattan,gcompare,200,0,0,ok,26,-1,460353,172679,282285,0,24983,178068,9568432,1.581,0,0,0,0.016529000
76,77,3,bfs,fast,manhattan,gcompare,200,0,0,ok,14,-1,9449,3458,3898,0,2093,5551,425992,1.239,0,0,0,0.000294000
77,78,3,bfs,fast,manhattan,gcompare,200,0,0,ok,24,-1,330897,122588,186037,0,24053,144860,8257680,1.665,0,0,0,0.013049000
78,79,3,bfs,fast,manhattan,gcompare,200,0,0,ok,22,-1,245683,92099,132366,0,23976,113317,5898352,1.693,0,0,0,0.009231000
79,80,3,bfs,fast,manhattan,gcompare,200,0,0,ok,26,-1,429133,159880,256700,0,24053,172433,9568432,1.626,0,0,0,0.016174000
80,81,3,bfs,fast,manhattan,gcompare,200,0,0,ok,24,-1,364455,135588,209673,0,24983,154782,8585368,1.638,0,0,0,0.013677000
81,82,3,bfs,fast,manhattan,gcompare,200,0,0,ok,16,-1,25441,9388,11002,0,5053,14439,851984,1.535,0,0,0,0.000838000
82,83,3,bfs,fast,manhattan,gcompare,200,0,0,ok,24,-1,358631,134236,206322,0,24048,152309,8585368,1.659,0,0,0,0.014573000
83,84,3,bfs,fast,manhattan,gcompare,200,0,0,ok,20,-1,126743,46283,61760,0,18700,64983,3407936,1.691,0,0,0,0.004858000
84,85,3,bfs,fast,manhattan,gcompare,200,0,0,ok,24,-1,326003,120541,182553,0,24048,143450,8257680,1.670,0,0,0,0.013281000
85,86,3,bfs,fast,manhattan,gcompare,200,0,0,ok,26,-1,448009,167329,271694,0,24983,176315,9568432,1.598,0,0,0,0.016796000
86,87,3,bfs,fast,manhattan,gcompare,200,0,0,ok,24,-1,357585,133774,205508,0,24049,152077,8585368,1.659,0,0,0,0.014027000
87,88,3,bfs,fast,manhattan,gcompare,200,0,0,ok,20,-1,138203,50971,68470,0,18787,69733,4259912,1.653,0,0,0,0.005499000
88,89,3,bfs,fast,manhattan,gcompare,200,0,0,ok,22,-1,254105,95602,138201,0,23980,115904,6226040,1.689,0,0,0,0.009876000
89,90,3,bfs,fast,manhattan,gcompare,200,0,0,ok,24,-1,361739,135539,208633,0,24048,153106,8585368,1.659,0,0,0,0.014410000
90,91,3,bfs,fast,manhattan,gcompare,200,0,0,ok,18,-1,52063,18954,23306,0,9808,28757,1703968,1.596,0,0,0,0.001892000
91,92,3,bfs,fast,manhattan,gcompare,200,0,0,ok,24,-1,362335,135791,209058,0,24054,153277,8585368,1.659,0,0,0,0.014426000
92,93,3,bfs,fast,manhattan,gcompare,200,0,0,ok,26,-1,440605,164188,265590,0,24983,175015,9568432,1.601,0,0,0,0.016630000
93,94,3,bfs,fast,manhattan,gcompare,200,0,0,ok,22,-1,252477,94921,137068,0,23973,115409,6226040,1.696,0,0,0,0.009521000
94,95,3,bfs,fast,manhattan,gcompare,200,0,0,ok,26,-1,439909,164479,265423,0,24054,174486,9568432,1.616,0,0,0,0.018011000
95,96,3,bfs,fast,manhattan,gcompare,200,0,0,ok,24,-1,360803,135159,207910,0,24049,152893,8585368,1.658,0,0,0,0.020918000
96,97,3,bfs,fast,manhattan,gcompare,200,0,0,ok,26,-1,453403,170270,276857,0,24053,176546,9568432,1.602,0,0,0,0.018874000
97,98,3,bfs,fast,manhattan,gcompare,200,0,0,ok,20,-1,118229,43525,57457,0,17257,60772,3407936,1.674,0,0,0,0.004596000
98,99,3,bfs,fast,manhattan,gcompare,200,0,0,ok,20,-1,142043,53373,71511,0,17259,70532,4259912,1.695,0,0,0,0.005913000
99,100,3,bfs,fast,manhattan,gcompare,200,0,0,ok,24,-1,370825,139402,215506,0,24049,155319,8585368,1.657,0,0,0,0.014262000
100,101,3,bfs,fast,manhattan,gcompare,200,0,0,ok,16,-1,31053,11443,13505,0,6105,17548,1310744,1.565,0,0,0,0.001243000
101,102,3,bfs,fast,manhattan,gcompare,200,0,0,ok,26,-1,445891,166417,269936,0,24983,175955,9568432,1.600,0,0,0,0.016915000
102,103,3,bfs,fast,manhattan,gcompare,200,0,0,ok,20,-1,156965,58675,79559,0,18858,77406,4587600,1.634,0,0,0,0.005918000
103,104,3,bfs,fast,manhattan,gcompare,200,0,0,ok,20,-1,133643,49904,66486,0,17289,67157,4259912,1.717,0,0,0,0.005219000
104,105,3,bfs,fast,manhattan,gcompare,200,0,0,ok,24,-1,390941,146827,229608,0,24983,161333,8913056,1.637,0,0,0,0.015240000
105,106,3,bfs,fast,manhattan,gcompare,200,0,0,ok,22,-1,244111,91446,131387,0,23972,112724,5898352,1.694,0,0,0,0.008883000
106,107,3,bfs,fast,manhattan,gcompare,200,0,0,ok,14,-1,10135,3733,4217,0,2188,5918,425992,1.284,0,0,0,0.000308000
107,108,3,bfs,fast,manhattan,gcompare,200,0,0,ok,22,-1,222253,82352,117094,0,23976,105159,5570664,1.681,0,0,0,0.008073000
108,109,3,bfs,fast,manhattan,gcompare,200,0,0,ok,24,-1,321905,118802,179697,0,24048,142208,8257680,1.668,0,0,0,0.012859000
109,110,3,bfs,fast,manhattan,gcompare,200,0,0,ok,20,-1,124555,46151,61181,0,17259,63374,3407936,1.714,0,0,0,0.004625000
110,111,3,bfs,fast,manhattan,gcompare,200,0,0,ok,26,-1,437127,163279,263141,0,24048,173986,9568432,1.619,0,0,0,0.016294000
111,112,3,bfs,fast,manhattan,gcompare,200,0,0,ok,24,-1,392413,147468,230764,0,24983,161649,8913056,1.638,0,0,0,0.014850000
112,113,3,bfs,fast,manhattan,gcompare,200,0,0,ok,18,-1,66891,25007,31213,0,10675,35678,2293800,1.625,0,0,0,0.002464000
113,114,3,bfs,fast,manhattan,gcompare,200,0,0,ok,26,-1,424397,157828,252967,0,24053,171430,9240744,1.630,0,0,0,0.016034000
114,115,3,bfs,fast,manhattan,gcompare,200,0,0,ok,22,-1,209467,77101,108850,0,23976,100617,5570664,1.666,0,0,0,0.008025000
115,116,3,bfs,fast,manhattan,gcompare,200,0,0,ok,20,-1,123945,45897,60817,0,17259,63128,3407936,1.697,0,0,0,0.004449000
116,117,3,bfs,fast,manhattan,gcompare,200,0,0,ok,22,-1,241859,90504,129891,0,23972,111968,5898352,1.691,0,0,0,0.008782000
117,118,3,bfs,fast,manhattan,gcompare,200,0,0,ok,24,-1,315969,116320,175667,0,24048,140302,8257680,1.670,0,0,0,0.012242000
118,119,3,bfs,fast,manhattan,gcompare,200,0,0,ok,24,-1,337085,125165,190538,0,24048,146547,8257680,1.667,0,0,0,0.012729000
119,120,3,bfs,fast,manhattan,gcompare,200,0,0,ok,22,-1,227903,83581,119525,0,24983,108378,5898352,1.656,0,0,0,0.008262000
120,121,3,bfs,fast,manhattan,gcompare,200,0,0,ok,18,-1,55687,20427,25241,0,10022,30446,1703968,1.626,0,0,0,0.002022000
121,122,3,bfs,fast,manhattan,gcompare,200,0,0,ok,16,-1,21053,7609,8859,0,4586,12194,851984,1.438,0,0,0,0.000711000
122,123,3,bfs,fast,manhattan,gcompare,200,0,0,ok,24,-1,353099,131908,202253,0,24054,150846,8585368,1.660,0,0,0,0.013908000
123,124,3,bfs,fast,manhattan,gcompare,200,0,0,ok,22,-1,251311,94426,136240,0,23972,115071,6226040,1.689,0,0,0,0.009406000
124,125,3,bfs,fast,manhattan,gcompare,200,0,0,ok,24,-1,371493,139676,216016,0,24049,155477,8585368,1.654,0,0,0,0.014171000
125,126,3,bfs,fast,manhattan,gcompare,200,0,0,ok,22,-1,261753,97589,142083,0,24983,119670,6226040,1.662,0,0,0,0.009822000
126,127,3,bfs,fast,manhattan,gcompare,200,0,0,ok,22,-1,245713,92122,132429,0,23973,113284,5898352,1.700,0,0,0,0.008934000
127,128,3,bfs,fast,manhattan,gcompare,200,0,0,ok,24,-1,339981,126384,192652,0,24048,147329,8257680,1.662,0,0,0,0.012820000
128,129,3,bfs,fast,manhattan,gcompare,200,0,0,ok,26,-1,427915,159351,255747,0,24048,172168,9568432,1.630,0,0,0,0.015500000
129,130,3,bfs,fast,manhattan,gcompare,200,0,0,ok,20,-1,149427,55571,75055,0,18858,74372,4587600,1.636,0,0,0,0.005566000
130,131,3,bfs,fast,manhattan,gcompare,200,0,0,ok,20,-1,129833,47542,63554,0,18745,66279,4259912,1.682,0,0,0,0.004918000
131,132,3,bfs,fast,manhattan,gcompare,200,0,0,ok,26,-1,456893,171145,279242,0,24983,177651,9568432,1.584,0,0,0,0.016372000
132,133,3,bfs,fast,manhattan,gcompare,200,0,0,ok,20,-1,121347,44821,59282,0,17289,62065,3407936,1.695,0,0,0,0.004366000
133,134,3,bfs,fast,manhattan,gcompare,200,0,0,ok,18,-1,51095,18560,22778,0,9760,28317,1703968,1.579,0,0,0,0.001763000
134,135,3,bfs,fast,manhattan,gcompare,200,0,0,ok,26,-1,444627,166509,269392,0,24054,175235,9568432,1.610,0,0,0,0.015825000
135,136,3,bfs,fast,manhattan,gcompare,200,0,0,ok,24,-1,321235,118536,179245,0,24053,141990,8257680,1.670,0,0,0,0.012261000
136,137,3,bfs,fast,manhattan,gcompare,200,0,0,ok,18,-1,66447,24356,30552,0,11540,35895,2293800,1.589,0,0,0,0.002487000
137,138,3,bfs,fast,manhattan,gcompare,200,0,0,ok,16,-1,36149,13523,16082,0,6544,20067,1310744,1.513,0,0,0,0.001247000
138,139,3,bfs,fast,manhattan,gcompare,200,0,0,ok,26,-1,437857,163598,263737,0,24049,174120,9568432,1.617,0,0,0,0.015829000
139,140,3,bfs,fast,manhattan,gcompare,200,0,0,ok,22,-1,252463,94916,137057,0,23973,115406,6226040,1.687,0,0,0,0.009162000
140,141,3,bfs,fast,manhattan,gcompare,200,0,0,ok,24,-1,356481,133340,204700,0,24048,151781,8585368,1.659,0,0,0,0.013892000
141,142,3,bfs,fast,manhattan,gcompare,200,0,0,ok,22,-1,222075,82280,116977,0,23980,105098,5570664,1.680,0,0,0,0.008623000
142,143,3,bfs,fast,manhattan,gcompare,200,0,0,ok,24,-1,364557,136734,210761,0,24053,153796,8585368,1.659,0,0,0,0.014362000
143,144,3,bfs,fast,manhattan,gcompare,200,0,0,ok,22,-1,202951,74405,104778,0,23973,98173,5242976,1.662,0,0,0,0.007721000
144,145,3,bfs,fast,manhattan,gcompare,200,0,0,ok,20,-1,133325,49770,66323,0,17259,67002,4259912,1.713,0,0,0,0.005385000
145,146,3,bfs,fast,manhattan,gcompare,200,0,0,ok,20,-1,124641,46187,61231,0,17259,63410,3407936,1.712,0,0,0,0.004537000
146,147,3,bfs,fast,manhattan,gcompare,200,0,0,ok,24,-1,329799,122105,185232,0,24048,144567,8257680,1.666,0,0,0,0.012989000
147,148,3,bfs,fast,manhattan,gcompare,200,0,0,ok,26,-1,459635,172359,281635,0,24983,178000,9568432,1.585,0,0,0,0.017536000
148,149,3,bfs,fast,manhattan,gcompare,200,0,0,ok,26,-1,427939,159376,255765,0,24053,172174,9568432,1.628,0,0,0,0.016076000
149,150,3,bfs,fast,manhattan,gcompare,200,0,0,ok,24,-1,345607,128742,196708,0,24054,148899,8585368,1.661,0,0,0,0.013344000
150,151,3,bfs,fast,manhattan,gcompare,200,0,0,ok,22,-1,215823,79701,112913,0,23980,102910,5570664,1.672,0,0,0,0.008202000
151,152,3,bfs,fast,manhattan,gcompare,200,0,0,ok,24,-1,388755,145896,227918,0,24983,160837,8913056,1.635,0,0,0,0.014428000
152,153,3,bfs,fast,manhattan,gcompare,200,0,0,ok,24,-1,337907,125505,191130,0,24053,146777,8257680,1.663,0,0,0,0.013318000
153,154,3,bfs,fast,manhattan,gcompare,200,0,0,ok,22,-1,205815,75586,106542,0,23972,99273,5570664,1.661,0,0,0,0.007860000
154,155,3,bfs,fast,manhattan,gcompare,200,0,0,ok,26,-1,450405,168984,274262,0,24053,176143,9568432,1.605,0,0,0,0.017049000
155,156,3,bfs,fast,manhattan,gcompare,200,0,0,ok,20,-1,142207,52613,70784,0,18816,71423,4259912,1.646,0,0,0,0.005431000
156,157,3,bfs,fast,manhattan,gcompare,200,0,0,ok,26,-1,436747,163120,262836,0,24048,173911,9568432,1.621,0,0,0,0.015771000
157,158,3,bfs,fast,manhattan,gcompare,200,0,0,ok,12,-1,5957,2224,2483,0,1250,3474,376840,1.100,0,0,0,0.000164000
158,159,3,bfs,fast,manhattan,gcompare,200,0,0,ok,24,-1,359757,134697,207140,0,24054,152617,8585368,1.658,0,0,0,0.013523000
159,160,3,bfs,fast,manhattan,gcompare,200,0,0,ok,18,-1,63425,23132,28873,0,11423,34552,2293800,1.610,0,0,0,0.002381000
160,161,3,bfs,fast,manhattan,gcompare,200,0,0,ok,18,-1,49917,18084,22157,0,9677,27760,1703968,1.576,0,0,0,0.001735000
161,162,3,bfs,fast,manhattan,gcompare,200,0,0,ok,12,-1,4853,1780,1978,0,1096,2875,376840,0.992,0,0,0,0.000125000
162,163,3,bfs,fast,manhattan,gcompare,200,0,0,ok,24,-1,327651,121222,183695,0,24054,143956,8257680,1.666,0,0,0,0.012473000
163,164,3,bfs,fast,manhattan,gcompare,200,0,0,ok,22,-1,219369,81160,115226,0,23976,104143,5570664,1.674,0,0,0,0.008011000
164,165,3,bfs,fast,manhattan,gcompare,200,0,0,ok,22,-1,227737,84627,120681,0,23972,107056,5898352,1.684,0,0,0,0.008298000
165,166,3,bfs,fast,manhattan,gcompare,200,0,0,ok,20,-1,116705,42898,56555,0,17255,60150,3407936,1.674,0,0,0,0.004160000
166,167,3,bfs,fast,manhattan,gcompare,200,0,0,ok,26,-1,446455,166656,270393,0,24983,176062,9568432,1.597,0,0,0,0.016067000
167,168,3,bfs,fast,manhattan,gcompare,200,0,0,ok,24,-1,338895,125921,191852,0,24048,147043,8257680,1.669,0,0,0,0.012901000
168,169,3,bfs,fast,manhattan,gcompare,200,0,0,ok,24,-1,342851,127589,194726,0,24053,148125,8585368,1.665,0,0,0,0.012977000
169,170,3,bfs,fast,manhattan,gcompare,200,0,0,ok,22,-1,212553,78367,110778,0,23976,101775,5570664,1.665,0,0,0,0.008081000
170,171,3,bfs,fast,manhattan,gcompare,200,0,0,ok,26,-1,440691,164816,266085,0,24053,174606,9568432,1.616,0,0,0,0.016461000
171,172,3,bfs,fast,manhattan,gcompare,200,0,0,ok,22,-1,205779,75572,106472,0,23976,99307,5570664,1.663,0,0,0,0.007927000
172,173,3,bfs,fast,manhattan,gcompare,200,0,0,ok,20,-1,110091,40205,52705,0,17192,57386,3407936,1.639,0,0,0,0.003947000
173,174,3,bfs,fast,manhattan,gcompare,200,0,0,ok,22,-1,241175,90217,129362,0,23980,111813,5898352,1.692,0,0,0,0.008848000
174,175,3,bfs,fast,manhattan,gcompare,200,0,0,ok,24,-1,363033,136088,209626,0,24048,153407,8585368,1.659,0,0,0,0.013975000
175,176,3,bfs,fast,manhattan,gcompare,200,0,0,ok,26,-1,435903,162766,262159,0,24048,173744,9568432,1.621,0,0,0,0.015679000
176,177,3,bfs,fast,manhattan,gcompare,200,0,0,ok,22,-1,209739,77214,109005,0,23972,100734,5570664,1.661,0,0,0,0.007657000
177,178,3,bfs,fast,manhattan,gcompare,200,0,0,ok,26,-1,445849,167027,270415,0,24048,175434,9568432,1.609,0,0,0,0.015771000
178,179,3,bfs,fast,manhattan,gcompare,200,0,0,ok,20,-1,126463,46940,62302,0,17289,64161,3407936,1.727,0,0,0,0.004683000
179,180,3,bfs,fast,manhattan,gcompare,200,0,0,ok,22,-1,232895,85642,122815,0,24983,110080,5898352,1.669,0,0,0,0.008798000
180,181,3,bfs,fast,manhattan,gcompare,200,0,0,ok,24,-1,360913,135197,207990,0,24053,152923,8585368,1.661,0,0,0,0.014121000
181,182,3,bfs,fast,manhattan,gcompare,200,0,0,ok,22,-1,237625,88748,127078,0,23973,110547,5898352,1.696,0,0,0,0.009066000
182,183,3,bfs,fast,manhattan,gcompare,200,0,0,ok,26,-1,452635,169306,275608,0,24983,177027,9568432,1.588,0,0,0,0.016178000
183,184,3,bfs,fast,manhattan,gcompare,200,0,0,ok,22,-1,231765,86321,123329,0,23976,108436,5898352,1.690,0,0,0,0.008712000
184,185,3,bfs,fast,manhattan,gcompare,200,0,0,ok,14,-1,12307,4512,5144,0,2651,7163,425992,1.377,0,0,0,0.000395000
185,186,3,bfs,fast,manhattan,gcompare,200,0,0,ok,22,-1,223509,82874,117911,0,23980,105598,5570664,1.679,0,0,0,0.008401000
186,187,3,bfs,fast,manhattan,gcompare,200,0,0,ok,22,-1,232175,86491,123598,0,23972,108577,5898352,1.691,0,0,0,0.008728000
187,188,3,bfs,fast,manhattan,gcompare,200,0,0,ok,24,-1,383429,143632,223801,0,24983,159628,8913056,1.636,0,0,0,0.014648000
188,189,3,bfs,fast,manhattan,gcompare,200,0,0,ok,28,-1,478285,179210,297247,0,24053,181038,9896120,1.577,0,0,0,0.016691000
189,190,3,bfs,fast,manhattan,gcompare,200,0,0,ok,26,-1,428521,159617,256224,0,24049,172297,9568432,1.629,0,0,0,0.015658000
190,191,3,bfs,fast,manhattan,gcompare,200,0,0,ok,22,-1,238993,89318,127989,0,23973,111004,5898352,1.692,0,0,0,0.008716000
191,192,3,bfs,fast,manhattan,gcompare,200,0,0,ok,24,-1,371649,139738,216139,0,24048,155510,8585368,1.656,0,0,0,0.013930000
192,193,3,bfs,fast,manhattan,gcompare,200,0,0,ok,24,-1,343565,127878,195217,0,24049,148348,8585368,1.661,0,0,0,0.013437000
193,194,3,bfs,fast,manhattan,gcompare,200,0,0,ok,20,-1,128695,47082,62901,0,18721,65794,4259912,1.683,0,0,0,0.005186000
194,195,3,bfs,fast,manhattan,gcompare,200,0,0,ok,26,-1,448543,167544,272135,0,24983,176408,9568432,1.594,0,0,0,0.017506000
195,196,3,bfs,fast,manhattan,gcompare,200,0,0,ok,18,-1,52079,18960,23316,0,9808,28763,1703968,1.607,0,0,0,0.001816000
196,197,3,bfs,fast,manhattan,gcompare,200,0,0,ok,22,-1,206921,76056,107227,0,23973,99694,5570664,1.657,0,0,0,0.007919000
197,198,3,bfs,fast,manhattan,gcompare,200,0,0,ok,16,-1,30449,11412,13481,0,5558,16968,1310744,1.586,0,0,0,0.001114000
198,199,3,bfs,fast,manhattan,gcompare,200,0,0,ok,20,-1,140447,51891,69759,0,18799,70688,4259912,1.648,0,0,0,0.005596000
199,200,3,bfs,fast,manhattan,gcompare,200,0,0,ok,16,-1,24239,8899,10397,0,4946,13842,851984,1.501,0,0,0,0.000818000
200,201,3,bfs,fast,manhattan,gcompare,200,0,0,ok,28,-1,481227,180458,299978,0,24983,181249,9896120,1.560,0,0,0,0.017072000
201,202,3,bfs,fast,manhattan,gcompare,200,0,0,ok,22,-1,242579,90810,130310,0,23980,112269,5898352,1.698,0,0,0,0.009219000
202,203,3,bfs,fast,manhattan,gcompare,200,0,0,ok,18,-1,63061,23443,29156,0,10462,33905,2293800,1.653,0,0,0,0.002534000
203,204,3,bfs,fast,manhattan,gcompare,200,0,0,ok,24,-1,327625,121211,183678,0,24049,143947,8257680,1.665,0,0,0,0.012589000
204,205,3,bfs,fast,manhattan,gcompare,200,0,0,ok,28,-1,476439,178380,295513,0,24048,180926,9896120,1.579,0,0,0,0.017043000
205,206,3,bfs,fast,manhattan,gcompare,200,0,0,ok,16,-1,26711,9904,11630,0,5177,15081,851984,1.554,0,0,0,0.000917000
206,207,3,bfs,fast,manhattan,gcompare,200,0,0,ok,24,-1,390395,146592,229174,0,24983,161221,8913056,1.639,0,0,0,0.015136000
207,208,3,bfs,fast,manhattan,gcompare,200,0,0,ok,24,-1,359343,134524,206841,0,24048,152502,8585368,1.663,0,0,0,0.013866000
208,209,3,bfs,fast,manhattan,gcompare,200,0,0,ok,22,-1,208905,76876,108470,0,23976,100435,5570664,1.662,0,0,0,0.007866000
209,210,3,bfs,fast,manhattan,gcompare,200,0,0,ok,24,-1,371763,139792,216243,0,24053,155520,8585368,1.654,0,0,0,0.013947000
210,211,3,bfs,fast,manhattan,gcompare,200,0,0,ok,20,-1,124569,46158,61191,0,17259,63378,3407936,1.707,0,0,0,0.004439000
211,212,3,bfs,fast,manhattan,gcompare,200,0,0,ok,22,-1,223363,82812,117819,0,23976,105544,5570664,1.684,0,0,0,0.008274000
212,213,3,bfs,fast,manhattan,gcompare,200,0,0,ok,22,-1,224069,83109,118261,0,23973,105808,5570664,1.684,0,0,0,0.008464000
213,214,3,bfs,fast,manhattan,gcompare,200,0,0,ok,16,-1,31379,11579,13666,0,6134,17713,1310744,1.557,0,0,0,0.001138000
214,215,3,bfs,fast,manhattan,gcompare,200,0,0,ok,22,-1,212707,78427,110871,0,23976,101836,5570664,1.672,0,0,0,0.008075000
215,216,3,bfs,fast,manhattan,gcompare,200,0,0,ok,22,-1,217975,80590,114332,0,23976,103643,5570664,1.676,0,0,0,0.008215000
216,217,3,bfs,fast,manhattan,gcompare,200,0,0,ok,22,-1,240379,89887,128824,0,23980,111555,5898352,1.694,0,0,0,0.009023000
217,218,3,bfs,fast,manhattan,gcompare,200,0,0,ok,28,-1,478323,179228,297285,0,24048,181038,9896120,1.578,0,0,0,0.017113000
218,219,3,bfs,fast,manhattan,gcompare,200,0,0,ok,18,-1,54921,20117,24834,0,9971,30087,1703968,1.613,0,0,0,0.002007000
219,220,3,bfs,fast,manhattan,gcompare,200,0,0,ok,18,-1,84293,31688,40414,0,12191,43879,2621488,1.557,0,0,0,0.003121000
220,221,3,bfs,fast,manhattan,gcompare,200,0,0,ok,24,-1,349473,129315,198765,0,24983,150708,8585368,1.631,0,0,0,0.013685000
221,222,3,bfs,fast,manhattan,gcompare,200,0,0,ok,24,-1,369733,137837,213542,0,24983,156191,8913056,1.635,0,0,0,0.014236000
222,223,3,bfs,fast,manhattan,gcompare,200,0,0,ok,26,-1,428039,159407,255838,0,24054,172201,9568432,1.625,0,0,0,0.016133000
223,224,3,bfs,fast,manhattan,gcompare,200,0,0,ok,14,-1,14181,5272,6031,0,2880,8150,425992,1.507,0,0,0,0.000465000
224,225,3,bfs,fast,manhattan,gcompare,200,0,0,ok,24,-1,357695,133824,205599,0,24049,152096,8585368,1.658,0,0,0,0.014038000
225,226,3,bfs,fast,manhattan,gcompare,200,0,0,ok,24,-1,329563,122010,185057,0,24049,144506,8257680,1.665,0,0,0,0.013047000
226,227,3,bfs,fast,manhattan,gcompare,200,0,0,ok,24,-1,363055,135006,208608,0,24983,154447,8585368,1.635,0,0,0,0.013627000
227,228,3,bfs,fast,manhattan,gcompare,200,0,0,ok,26,-1,426505,158748,254604,0,24049,171901,9240744,1.631,0,0,0,0.015456000
228,229,3,bfs,fast,manhattan,gcompare,200,0,0,ok,18,-1,73435,27220,34381,0,11835,39054,2293800,1.572,0,0,0,0.002704000
229,230,3,bfs,fast,manhattan,gcompare,200,0,0,ok,20,-1,138013,51708,69072,0,17289,68941,4259912,1.703,0,0,0,0.005516000
230,231,3,bfs,fast,manhattan,gcompare,200,0,0,ok,26,-1,451705,169534,275360,0,24054,176345,9568432,1.603,0,0,0,0.016374000
231,232,3,bfs,fast,manhattan,gcompare,200,0,0,ok,22,-1,222721,82544,117397,0,23976,105324,5570664,1.682,0,0,0,0.008135000
232,233,3,bfs,fast,manhattan,gcompare,200,0,0,ok,26,-1,437659,163511,263570,0,24049,174089,9568432,1.620,0,0,0,0.015669000
233,234,3,bfs,fast,manhattan,gcompare,200,0,0,ok,20,-1,132251,48531,64933,0,18787,67318,4259912,1.676,0,0,0,0.005176000
234,235,3,bfs,fast,manhattan,gcompare,200,0,0,ok,22,-1,241597,90410,129691,0,23976,111906,5898352,1.691,0,0,0,0.009000000
235,236,3,bfs,fast,manhattan,gcompare,200,0,0,ok,20,-1,144735,54470,73134,0,17289,71601,4259912,1.692,0,0,0,0.005517000
236,237,3,bfs,fast,manhattan,gcompare,200,0,0,ok,28,-1,472319,176586,291850,0,24049,180469,9896120,1.586,0,0,0,0.016598000
237,238,3,bfs,fast,manhattan,gcompare,200,0,0,ok,20,-1,156131,58338,79045,0,18858,77086,4587600,1.634,0,0,0,0.006095000
238,239,3,bfs,fast,manhattan,gcompare,200,0,0,ok,20,-1,134401,50217,66926,0,17289,67475,4259912,1.713,0,0,0,0.005407000
239,240,3,bfs,fast,manhattan,gcompare,200,0,0,ok,24,-1,366231,137471,212023,0,24048,154208,8585368,1.654,0,0,0,0.014296000
240,241,3,bfs,fast,manhattan,gcompare,200,0,0,ok,20,-1,112991,41379,54380,0,17235,58611,3407936,1.656,0,0,0,0.004154000
241,242,3,bfs,fast,manhattan,gcompare,200,0,0,ok,16,-1,27555,10246,12039,0,5272,15516,851984,1.575,0,0,0,0.000962000
242,243,3,bfs,fast,manhattan,gcompare,200,0,0,ok,22,-1,268831,100549,146892,0,24983,121939,6226040,1.662,0,0,0,0.009724000
243,244,3,bfs,fast,manhattan,gcompare,200,0,0,ok,24,-1,360735,134040,206896,0,24983,153839,8585368,1.634,0,0,0,0.013590000
244,245,3,bfs,fast,manhattan,gcompare,200,0,0,ok,14,-1,14075,5228,5976,0,2872,8099,425992,1.477,0,0,0,0.000431000
245,246,3,bfs,fast,manhattan,gcompare,200,0,0,ok,22,-1,215031,79374,112398,0,23980,102633,5570664,1.674,0,0,0,0.007849000
246,247,3,bfs,fast,manhattan,gcompare,200,0,0,ok,22,-1,232191,86496,123604,0,23973,108587,5898352,1.693,0,0,0,0.008484000
247,248,3,bfs,fast,manhattan,gcompare,200,0,0,ok,28,-1,473661,177164,293028,0,24054,180633,9896120,1.585,0,0,0,0.016304000
248,249,3,bfs,fast,manhattan,gcompare,200,0,0,ok,28,-1,474477,177521,293759,0,24048,180718,9896120,1.581,0,0,0,0.016353000
249,250,3,bfs,fast,manhattan,gcompare,200,0,0,ok,28,-1,477977,179067,296952,0,24054,181025,9896120,1.582,0,0,0,0.016484000
250,251,3,bfs,fast,manhattan,gcompare,200,0,0,ok,26,-1,432629,161352,259478,0,24054,173151,9568432,1.622,0,0,0,0.016041000
251,252,3,bfs,fast,manhattan,gcompare,200,0,0,ok,24,-1,392859,147661,231123,0,24983,161736,8913056,1.638,0,0,0,0.015137000
252,253,3,bfs,fast,manhattan,gcompare,200,0,0,ok,24,-1,354581,131444,202449,0,24983,152132,8585368,1.636,0,0,0,0.013323000
253,254,3,bfs,fast,manhattan,gcompare,200,0,0,ok,22,-1,264653,98804,144032,0,24983,120621,6226040,1.657,0,0,0,0.009487000
254,255,3,bfs,fast,manhattan,gcompare,200,0,0,ok,22,-1,221591,82078,116651,0,23976,104940,5570664,1.678,0,0,0,0.008030000
255,256,3,bfs,fast,manhattan,gcompare,200,0,0,ok,20,-1,137865,51649,69034,0,17259,68831,4259912,1.698,0,0,0,0.005247000
256,257,3,bfs,fast,manhattan,gcompare,200,0,0,ok,20,-1,135301,50587,67444,0,17289,67857,4259912,1.709,0,0,0,0.005206000
257,258,3,bfs,fast,manhattan,gcompare,200,0,0,ok,24,-1,379531,141999,220865,0,24983,158666,8913056,1.637,0,0,0,0.014041000
258,259,3,bfs,fast,manhattan,gcompare,200,0,0,ok,20,-1,107359,39079,51148,0,17139,56211,3080248,1.629,0,0,0,0.003879000
259,260,3,bfs,fast,manhattan,gcompare,200,0,0,ok,28,-1,479375,179710,298285,0,24049,181090,9896120,1.577,0,0,0,0.016927000
260,261,3,bfs,fast,manhattan,gcompare,200,0,0,ok,26,-1,462693,173736,284354,0,24983,178339,9568432,1.580,0,0,0,0.016436000
261,262,3,bfs,fast,manhattan,gcompare,200,0,0,ok,24,-1,366159,137441,211946,0,24054,154213,8585368,1.661,0,0,0,0.013976000
262,263,3,bfs,fast,manhattan,gcompare,200,0,0,ok,22,-1,218527,80813,114684,0,23973,103843,5570664,1.677,0,0,0,0.008365000
263,264,3,bfs,fast,manhattan,gcompare,200,0,0,ok,22,-1,267479,99994,145977,0,24983,121502,6226040,1.654,0,0,0,0.010005000
264,265,3,bfs,fast,manhattan,gcompare,200,0,0,ok,22,-1,223103,82712,117613,0,23972,105490,5570664,1.682,0,0,0,0.008462000
265,266,3,bfs,fast,manhattan,gcompare,200,0,0,ok,26,-1,448721,168258,272814,0,24049,175907,9568432,1.609,0,0,0,0.016436000
266,267,3,bfs,fast,manhattan,gcompare,200,0,0,ok,26,-1,438519,163880,264269,0,24049,174250,9568432,1.619,0,0,0,0.015753000
267,268,3,bfs,fast,manhattan,gcompare,200,0,0,ok,20,-1,129915,48365,64331,0,17289,65584,4259912,1.725,0,0,0,0.004995000
268,269,3,bfs,fast,manhattan,gcompare,200,0,0,ok,24,-1,354185,132351,203037,0,24049,151148,8585368,1.662,0,0,0,0.013264000
269,270,3,bfs,fast,manhattan,gcompare,200,0,0,ok,26,-1,439649,164363,265202,0,24049,174447,9568432,1.615,0,0,0,0.015940000
270,271,3,bfs,fast,manhattan,gcompare,200,0,0,ok,24,-1,394881,148515,232697,0,24983,162184,8913056,1.640,0,0,0,0.014684000
271,272,3,bfs,fast,manhattan,gcompare,200,0,0,ok,18,-1,67317,25179,31442,0,10697,35875,2293800,1.623,0,0,0,0.002497000
272,273,3,bfs,fast,manhattan,gcompare,200,0,0,ok,20,-1,140005,51712,69503,0,18799,70502,4259912,1.655,0,0,0,0.005277000
273,274,3,bfs,fast,manhattan,gcompare,200,0,0,ok,28,-1,476373,178348,295451,0,24053,180922,9896120,1.585,0,0,0,0.016827000
274,275,3,bfs,fast,manhattan,gcompare,200,0,0,ok,18,-1,77933,29060,36857,0,12025,41076,2621488,1.560,0,0,0,0.002904000
275,276,3,bfs,fast,manhattan,gcompare,200,0,0,ok,26,-1,419757,155897,249375,0,24048,170382,9240744,1.633,0,0,0,0.015659000
276,277,3,bfs,fast,manhattan,gcompare,200,0,0,ok,22,-1,246123,92293,132684,0,23972,113439,5898352,1.695,0,0,0,0.008952000
277,278,3,bfs,fast,manhattan,gcompare,200,0,0,ok,24,-1,335561,124527,189369,0,24049,146192,8257680,1.663,0,0,0,0.012720000
278,279,3,bfs,fast,manhattan,gcompare,200,0,0,ok,24,-1,350229,130701,200136,0,24054,150093,8585368,1.662,0,0,0,0.013651000
279,280,3,bfs,fast,manhattan,gcompare,200,0,0,ok,22,-1,248537,93288,134317,0,23980,114220,5898352,1.687,0,0,0,0.009185000
280,281,3,bfs,fast,manhattan,gcompare,200,0,0,ok,22,-1,275583,103390,151560,0,24983,124023,6553728,1.658,0,0,0,0.010133000
281,282,3,bfs,fast,manhattan,gcompare,200,0,0,ok,26,-1,443359,165956,268334,0,24049,175025,9568432,1.617,0,0,0,0.015959000
282,283,3,bfs,fast,manhattan,gcompare,200,0,0,ok,28,-1,474505,177535,293767,0,24049,180738,9896120,1.584,0,0,0,0.016897000
283,284,3,bfs,fast,manhattan,gcompare,200,0,0,ok,28,-1,472729,176764,292214,0,24048,180515,9896120,1.583,0,0,0,0.016383000
284,285,3,bfs,fast,manhattan,gcompare,200,0,0,ok,24,-1,327531,121175,183626,0,24048,143905,8257680,1.666,0,0,0,0.012692000
285,286,3,bfs,fast,manhattan,gcompare,200,0,0,ok,22,-1,243269,91097,130823,0,23972,112446,5898352,1.697,0,0,0,0.009164000
286,287,3,bfs,fast,manhattan,gcompare,200,0,0,ok,20,-1,110531,40382,52966,0,17195,57565,3407936,1.650,0,0,0,0.003976000
287,288,3,bfs,fast,manhattan,gcompare,200,0,0,ok,24,-1,351185,131115,200855,0,24053,150330,8585368,1.661,0,0,0,0.013587000
288,289,3,bfs,fast,manhattan,gcompare,200,0,0,ok,24,-1,394991,148560,232785,0,24983,162206,8913056,1.639,0,0,0,0.014481000
289,290,3,bfs,fast,manhattan,gcompare,200,0,0,ok,20,-1,123015,44772,59627,0,18623,63388,3407936,1.677,0,0,0,0.004307000
290,291,3,bfs,fast,manhattan,gcompare,200,0,0,ok,20,-1,118993,43843,57914,0,17257,61079,3407936,1.682,0,0,0,0.004165000
291,292,3,bfs,fast,manhattan,gcompare,200,0,0,ok,24,-1,347993,129761,198496,0,24048,149497,8585368,1.658,0,0,0,0.012969000
292,293,3,bfs,fast,manhattan,gcompare,200,0,0,ok,24,-1,326849,120888,183141,0,24053,143708,8257680,1.668,0,0,0,0.012478000
293,294,3,bfs,fast,manhattan,gcompare,200,0,0,ok,16,-1,37183,13946,16613,0,6624,20570,1310744,1.509,0,0,0,0.001360000
294,295,3,bfs,fast,manhattan,gcompare,200,0,0,ok,20,-1,122681,45374,60085,0,17259,62596,3407936,1.698,0,0,0,0.004547000
295,296,3,bfs,fast,manhattan,gcompare,200,0,0,ok,20,-1,104427,37877,49544,0,17011,54883,3080248,1.622,0,0,0,0.003888000
296,297,3,bfs,fast,manhattan,gcompare,200,0,0,ok,26,-1,450607,169064,274425,0,24048,176182,9568432,1.607,0,0,0,0.017565000
297,298,3,bfs,fast,manhattan,gcompare,200,0,0,ok,22,-1,246849,92595,133174,0,23980,113675,5898352,1.689,0,0,0,0.009014000
298,299,3,bfs,fast,manhattan,gcompare,200,0,0,ok,18,-1,56067,20585,25443,0,10043,30624,1703968,1.629,0,0,0,0.001961000
299,300,3,bfs,fast,manhattan,gcompare,200,0,0,ok,26,-1,444211,166318,269034,0,24048,175177,9568432,1.612,0,0,0,0.016493000
300,301,3,bfs,fast,manhattan,gcompare,200,0,0,ok,18,-1,75641,28123,35587,0,11932,40054,2293800,1.555,0,0,0,0.002711000
301,302,3,bfs,fast,manhattan,gcompare,200,0,0,ok,18,-1,59121,21835,27078,0,10212,32043,1703968,1.672,0,0,0,0.002043000
302,303,3,bfs,fast,manhattan,gcompare,200,0,0,ok,22,-1,216777,80098,113539,0,23980,103238,5570664,1.669,0,0,0,0.007940000
303,304,3,bfs,fast,manhattan,gcompare,200,0,0,ok,26,-1,462155,173495,283881,0,24983,178274,9568432,1.582,0,0,0,0.016841000
304,305,3,bfs,fast,manhattan,gcompare,200,0,0,ok,22,-1,237107,87372,125556,0,24983,111551,5898352,1.660,0,0,0,0.009024000
305,306,3,bfs,fast,manhattan,gcompare,200,0,0,ok,24,-1,342919,127608,194749,0,24049,148170,8585368,1.661,0,0,0,0.013152000
306,307,3,bfs,fast,manhattan,gcompare,200,0,0,ok,20,-1,113633,41644,54758,0,17238,58875,3407936,1.660,0,0,0,0.004185000
307,308,3,bfs,fast,manhattan,gcompare,200,0,0,ok,24,-1,388175,145642,227461,0,24983,160714,8913056,1.639,0,0,0,0.014790000
308,309,3,bfs,fast,manhattan,gcompare,200,0,0,ok,20,-1,118389,43593,57556,0,17257,60833,3407936,1.677,0,0,0,0.004256000
309,310,3,bfs,fast,manhattan,gcompare,200,0,0,ok,22,-1,266093,99418,145010,0,24983,121083,6226040,1.657,0,0,0,0.009797000
310,311,3,bfs,fast,manhattan,gcompare,200,0,0,ok,22,-1,236145,88129,126103,0,23973,110042,5898352,1.699,0,0,0,0.008600000
311,312,3,bfs,fast,manhattan,gcompare,200,0,0,ok,26,-1,448391,168121,272541,0,24049,175850,9568432,1.611,0,0,0,0.015943000
312,313,3,bfs,fast,manhattan,gcompare,200,0,0,ok,18,-1,58649,21644,26822,0,10186,31827,1703968,1.643,0,0,0,0.002011000
313,314,3,bfs,fast,manhattan,gcompare,200,0,0,ok,16,-1,30443,11199,13208,0,6036,17235,1310744,1.579,0,0,0,0.001106000
314,315,3,bfs,fast,manhattan,gcompare,200,0,0,ok,22,-1,242319,89528,129067,0,24983,113252,5898352,1.660,0,0,0,0.008743000
315,316,3,bfs,fast,manhattan,gcompare,200,0,0,ok,28,-1,474525,177544,293787,0,24049,180738,9896120,1.586,0,0,0,0.016871000
316,317,3,bfs,fast,manhattan,gcompare,200,0,0,ok,18,-1,67417,25220,31505,0,10696,35912,2293800,1.612,0,0,0,0.002496000
317,318,3,bfs,fast,manhattan,gcompare,200,0,0,ok,22,-1,243187,91062,130771,0,23972,112416,5898352,1.692,0,0,0,0.008784000
318,319,3,bfs,fast,manhattan,gcompare,200,0,0,ok,18,-1,59075,21814,27049,0,10214,32026,1703968,1.659,0,0,0,0.002063000
319,320,3,bfs,fast,manhattan,gcompare,200,0,0,ok,18,-1,48507,17512,21441,0,9556,27066,1703968,1.563,0,0,0,0.001661000
320,321,3,bfs,fast,manhattan,gcompare,200,0,0,ok,26,-1,420223,156087,249727,0,24053,170496,9240744,1.636,0,0,0,0.015451000
321,322,3,bfs,fast,manhattan,gcompare,200,0,0,ok,24,-1,345485,128688,196682,0,24048,148803,8585368,1.663,0,0,0,0.013046000
322,323,3,bfs,fast,manhattan,gcompare,200,0,0,ok,22,-1,230119,84489,120986,0,24983,109133,5898352,1.663,0,0,0,0.008340000
323,324,3,bfs,fast,manhattan,gcompare,200,0,0,ok,22,-1,279941,105229,154598,0,24983,125343,6553728,1.659,0,0,0,0.009914000
324,325,3,bfs,fast,manhattan,gcompare,200,0,0,ok,18,-1,82057,30758,39177,0,12124,42880,2621488,1.567,0,0,0,0.003013000
325,326,3,bfs,fast,manhattan,gcompare,200,0,0,ok,24,-1,325089,120152,181897,0,24054,143192,8257680,1.667,0,0,0,0.012567000
326,327,3,bfs,fast,manhattan,gcompare,200,0,0,ok,22,-1,210719,77613,109634,0,23973,101085,5570664,1.662,0,0,0,0.008349000
327,328,3,bfs,fast,manhattan,gcompare,200,0,0,ok,20,-1,122519,45311,59975,0,17289,62544,3407936,1.703,0,0,0,0.004500000
328,329,3,bfs,fast,manhattan,gcompare,200,0,0,ok,22,-1,260479,97059,141212,0,24983,119267,6226040,1.657,0,0,0,0.009579000
329,330,3,bfs,fast,manhattan,gcompare,200,0,0,ok,22,-1,261549,97501,141944,0,24983,119605,6226040,1.657,0,0,0,0.009405000
330,331,3,bfs,fast,manhattan,gcompare,200,0,0,ok,18,-1,82057,30758,39177,0,12124,42880,2621488,1.567,0,0,0,0.002955000
331,332,3,bfs,fast,manhattan,gcompare,200,0,0,ok,24,-1,351555,131269,201130,0,24053,150425,8585368,1.657,0,0,0,0.013408000
332,333,3,bfs,fast,manhattan,gcompare,200,0,0,ok,14,-1,14193,5278,6038,0,2880,8155,425992,1.491,0,0,0,0.000457000
333,334,3,bfs,fast,manhattan,gcompare,200,0,0,ok,24,-1,352047,130393,200600,0,24983,151447,8585368,1.632,0,0,0,0.013831000
334,335,3,bfs,fast,manhattan,gcompare,200,0,0,ok,26,-1,422091,156871,251160,0,24048,170931,9240744,1.634,0,0,0,0.015430000
335,336,3,bfs,fast,manhattan,gcompare,200,0,0,ok,20,-1,104717,37998,49707,0,17018,55010,3080248,1.612,0,0,0,0.003844000
336,337,3,bfs,fast,manhattan,gcompare,200,0,0,ok,18,-1,85551,32214,41128,0,12219,44423,2621488,1.554,0,0,0,0.003121000
337,338,3,bfs,fast,manhattan,gcompare,200,0,0,ok,22,-1,235389,87814,125633,0,23972,109756,5898352,1.696,0,0,0,0.008964000
338,339,3,bfs,fast,manhattan,gcompare,200,0,0,ok,22,-1,253575,95383,137839,0,23980,115736,6226040,1.693,0,0,0,0.009599000
339,340,3,bfs,fast,manhattan,gcompare,200,0,0,ok,26,-1,447351,167043,271135,0,24983,176216,9568432,1.593,0,0,0,0.016578000
340,341,3,bfs,fast,manhattan,gcompare,200,0,0,ok,24,-1,344133,128116,195684,0,24048,148449,8585368,1.663,0,0,0,0.013826000
341,342,3,bfs,fast,manhattan,gcompare,200,0,0,ok,22,-1,230621,85835,122587,0,23972,108034,5898352,1.693,0,0,0,0.008842000
342,343,3,bfs,fast,manhattan,gcompare,200,0,0,ok,26,-1,431359,160809,258467,0,24054,172892,9568432,1.628,0,0,0,0.016364000
343,344,3,bfs,fast,manhattan,gcompare,200,0,0,ok,22,-1,223817,83003,118119,0,23980,105698,5570664,1.682,0,0,0,0.008284000
344,345,3,bfs,fast,manhattan,gcompare,200,0,0,ok,26,-1,461159,173045,282994,0,24983,178165,9568432,1.582,0,0,0,0.016426000
345,346,3,bfs,fast,manhattan,gcompare,200,0,0,ok,26,-1,458903,172028,281010,0,24983,177893,9568432,1.584,0,0,0,0.016788000
346,347,3,bfs,fast,manhattan,gcompare,200,0,0,ok,18,-1,65111,24283,30258,0,10583,34853,2293800,1.638,0,0,0,0.002450000
347,348,3,bfs,fast,manhattan,gcompare,200,0,0,ok,22,-1,212117,78188,110544,0,23972,101573,5570664,1.667,0,0,0,0.007734000
348,349,3,bfs,fast,manhattan,gcompare,200,0,0,ok,24,-1,353235,130880,201450,0,24983,151785,8585368,1.635,0,0,0,0.013279000
349,350,3,bfs,fast,manhattan,gcompare,200,0,0,ok,20,-1,136313,50191,67353,0,18787,68960,4259912,1.662,0,0,0,0.005245000
350,351,3,bfs,fast,manhattan,gcompare,200,0,0,ok,26,-1,441817,165298,267024,0,24053,174793,9568432,1.614,0,0,0,0.015701000
351,352,3,bfs,fast,manhattan,gcompare,200,0,0,ok,20,-1,145897,54126,72927,0,18858,72970,4259912,1.648,0,0,0,0.005496000
352,353,3,bfs,fast,manhattan,gcompare,200,0,0,ok,22,-1,221905,82212,116865,0,23980,105040,5570664,1.682,0,0,0,0.008229000
353,354,3,bfs,fast,manhattan,gcompare,200,0,0,ok,24,-1,370515,138162,214113,0,24983,156402,8913056,1.635,0,0,0,0.014001000
354,355,3,bfs,fast,manhattan,gcompare,200,0,0,ok,24,-1,362639,134837,208301,0,24983,154338,8585368,1.636,0,0,0,0.013832000
355,356,3,bfs,fast,manhattan,gcompare,200,0,0,ok,24,-1,364305,136646,210557,0,24048,153748,8585368,1.655,0,0,0,0.014017000
356,357,3,bfs,fast,manhattan,gcompare,200,0,0,ok,22,-1,214667,79226,112166,0,23980,102501,5570664,1.668,0,0,0,0.007880000
357,358,3,bfs,fast,manhattan,gcompare,200,0,0,ok,22,-1,266271,99493,145133,0,24983,121138,6226040,1.662,0,0,0,0.009837000
358,359,3,bfs,fast,manhattan,gcompare,200,0,0,ok,20,-1,112119,41026,53906,0,17201,58213,3407936,1.662,0,0,0,0.004136000
359,360,3,bfs,fast,manhattan,gcompare,200,0,0,ok,22,-1,210463,77508,109468,0,23973,100995,5570664,1.673,0,0,0,0.008047000
360,361,3,bfs,fast,manhattan,gcompare,200,0,0,ok,16,-1,20479,7377,8585,0,4518,11894,851984,1.434,0,0,0,0.000724000
361,362,3,bfs,fast,manhattan,gcompare,200,0,0,ok,24,-1,335111,124344,189087,0,24053,146024,8257680,1.662,0,0,0,0.013943000
362,363,3,bfs,fast,manhattan,gcompare,200,0,0,ok,22,-1,217761,80505,114195,0,23980,103566,5570664,1.670,0,0,0,0.008562000
363,364,3,bfs,fast,manhattan,gcompare,200,0,0,ok,22,-1,228985,85159,121497,0,23973,107488,5898352,1.690,0,0,0,0.008946000
364,365,3,bfs,fast,manhattan,gcompare,200,0,0,ok,26,-1,443587,166053,268523,0,24048,175064,9568432,1.611,0,0,0,0.017179000
365,366,3,bfs,fast,manhattan,gcompare,200,0,0,ok,20,-1,123457,45699,60535,0,17289,62922,3407936,1.704,0,0,0,0.004593000
366,367,3,bfs,fast,manhattan,gcompare,200,0,0,ok,22,-1,225465,83683,119188,0,23973,106277,5570664,1.684,0,0,0,0.008525000
367,368,3,bfs,fast,manhattan,gcompare,200,0,0,ok,20,-1,161807,60683,82490,0,18858,79317,4587600,1.621,0,0,0,0.006277000
368,369,3,bfs,fast,manhattan,gcompare,200,0,0,ok,18,-1,60359,21888,27245,0,11227,33114,2293800,1.638,0,0,0,0.002378000
369,370,3,bfs,fast,manhattan,gcompare,200,0,0,ok,28,-1,480787,180255,299581,0,24983,181206,9896120,1.564,0,0,0,0.017110000
370,371,3,bfs,fast,manhattan,gcompare,200,0,0,ok,18,-1,70165,26336,33022,0,10814,37143,2293800,1.609,0,0,0,0.002806000
371,372,3,bfs,fast,manhattan,gcompare,200,0,0,ok,20,-1,143437,53942,72358,0,17289,71079,4259912,1.691,0,0,0,0.005720000
372,373,3,bfs,fast,manhattan,gcompare,200,0,0,ok,26,-1,420381,156144,249832,0,24054,170549,9240744,1.636,0,0,0,0.016002000
373,374,3,bfs,fast,manhattan,gcompare,200,0,0,ok,22,-1,226983,84310,120166,0,23972,106817,5898352,1.687,0,0,0,0.008329000
374,375,3,bfs,fast,manhattan,gcompare,200,0,0,ok,20,-1,159289,59643,80998,0,18858,78291,4587600,1.627,0,0,0,0.005936000
375,376,3,bfs,fast,manhattan,gcompare,200,0,0,ok,20,-1,131475,49006,65249,0,17289,66226,4259912,1.717,0,0,0,0.005054000
376,377,3,bfs,fast,manhattan,gcompare,200,0,0,ok,28,-1,478293,179167,297297,0,24983,180996,9896120,1.564,0,0,0,0.016428000
377,378,3,bfs,fast,manhattan,gcompare,200,0,0,ok,22,-1,221345,81975,116488,0,23976,104857,5570664,1.679,0,0,0,0.008215000
378,379,3,bfs,fast,manhattan,gcompare,200,0,0,ok,26,-1,448657,167591,272234,0,24983,176423,9568432,1.596,0,0,0,0.016083000
379,380,3,bfs,fast,manhattan,gcompare,200,0,0,ok,22,-1,204497,75046,105738,0,23972,98759,5570664,1.656,0,0,0,0.007824000
380,381,3,bfs,fast,manhattan,gcompare,200,0,0,ok,24,-1,377667,141200,219452,0,24983,158215,8913056,1.635,0,0,0,0.014587000
381,382,3,bfs,fast,manhattan,gcompare,200,0,0,ok,20,-1,119265,43955,58066,0,17257,61199,3407936,1.679,0,0,0,0.004431000
382,383,3,bfs,fast,manhattan,gcompare,200,0,0,ok,28,-1,479539,179789,298446,0,24048,181093,9896120,1.577,0,0,0,0.017151000
383,384,3,bfs,fast,manhattan,gcompare,200,0,0,ok,22,-1,199507,72994,102594,0,23973,96913,5242976,1.654,0,0,0,0.007625000
384,385,3,bfs,fast,manhattan,gcompare,200,0,0,ok,22,-1,214795,79278,112245,0,23980,102550,5570664,1.671,0,0,0,0.008171000
385,386,3,bfs,fast,manhattan,gcompare,200,0,0,ok,22,-1,226659,84178,119946,0,23973,106713,5898352,1.688,0,0,0,0.008646000
386,387,3,bfs,fast,manhattan,gcompare,200,0,0,ok,22,-1,212117,78188,110544,0,23972,101573,5570664,1.667,0,0,0,0.008125000
387,388,3,bfs,fast,manhattan,gcompare,200,0,0,ok,18,-1,65855,24583,30658,0,10615,35197,2293800,1.638,0,0,0,0.002581000
388,389,3,bfs,fast,manhattan,gcompare,200,0,0,ok,26,-1,444771,165945,268997,0,24983,175774,9568432,1.599,0,0,0,0.017111000
389,390,3,bfs,fast,manhattan,gcompare,200,0,0,ok,24,-1,368725,137416,212807,0,24983,155918,8913056,1.635,0,0,0,0.014204000
390,391,3,bfs,fast,manhattan,gcompare,200,0,0,ok,24,-1,343033,126643,194198,0,24983,148835,8585368,1.628,0,0,0,0.012927000
391,392,3,bfs,fast,manhattan,gcompare,200,0,0,ok,20,-1,144923,54550,73248,0,17259,71675,4259912,1.691,0,0,0,0.005711000
392,393,3,bfs,fast,manhattan,gcompare,200,0,0,ok,26,-1,438531,163895,264327,0,24048,174204,9568432,1.620,0,0,0,0.016384000
393,394,3,bfs,fast,manhattan,gcompare,200,0,0,ok,20,-1,107199,39011,51086,0,17112,56113,3080248,1.635,0,0,0,0.003994000
394,395,3,bfs,fast,manhattan,gcompare,200,0,0,ok,22,-1,200661,73468,103320,0,23976,97341,5242976,1.649,0,0,0,0.007678000
395,396,3,bfs,fast,manhattan,gcompare,200,0,0,ok,22,-1,222761,82562,117425,0,23976,105336,5570664,1.686,0,0,0,0.008688000
396,397,3,bfs,fast,manhattan,gcompare,200,0,0,ok,22,-1,223925,81948,117003,0,24976,106922,5898352,1.649,0,0,0,0.008190000
397,398,3,bfs,fast,manhattan,gcompare,200,0,0,ok,24,-1,369709,138941,214648,0,24054,155061,8585368,1.659,0,0,0,0.014385000
398,399,3,bfs,fast,manhattan,gcompare,200,0,0,ok,20,-1,113775,41703,54836,0,17238,58939,3407936,1.662,0,0,0,0.004241000
399,400,3,bfs,fast,manhattan,gcompare,200,0,0,ok,24,-1,329075,121801,184694,0,24048,144381,8257680,1.668,0,0,0,0.013107000
400,401,3,bfs,fast,manhattan,gcompare,200,0,0,ok,18,-1,63243,23517,29247,0,10479,33996,2293800,1.647,0,0,0,0.002488000
401,402,3,bfs,fast,manhattan,gcompare,200,0,0,ok,20,-1,139359,51446,69128,0,18792,70231,4259912,1.663,0,0,0,0.005521000
402,403,3,bfs,fast,manhattan,gcompare,200,0,0,ok,24,-1,346455,128087,196596,0,24983,149859,8585368,1.633,0,0,0,0.013496000
403,404,3,bfs,fast,manhattan,gcompare,200,0,0,ok,20,-1,144009,53347,71842,0,18822,72167,4259912,1.647,0,0,0,0.005418000
404,405,3,bfs,fast,manhattan,gcompare,200,0,0,ok,18,-1,77971,29074,36876,0,12025,41095,2621488,1.565,0,0,0,0.002807000
405,406,3,bfs,fast,manhattan,gcompare,200,0,0,ok,18,-1,82465,30928,39402,0,12137,43063,2621488,1.574,0,0,0,0.002990000
406,407,3,bfs,fast,manhattan,gcompare,200,0,0,ok,22,-1,242087,90608,129985,0,23976,112102,5898352,1.692,0,0,0,0.008964000
407,408,3,bfs,fast,manhattan,gcompare,200,0,0,ok,20,-1,120953,44656,59053,0,17259,61900,3407936,1.694,0,0,0,0.004466000
408,409,3,bfs,fast,manhattan,gcompare,200,0,0,ok,22,-1,226171,82870,118408,0,24983,107763,5898352,1.659,0,0,0,0.008581000
409,410,3,bfs,fast,manhattan,gcompare,200,0,0,ok,24,-1,363889,136456,210251,0,24053,153638,8585368,1.657,0,0,0,0.013900000
410,411,3,bfs,fast,manhattan,gcompare,200,0,0,ok,16,-1,30985,11627,13745,0,5614,17240,1310744,1.578,0,0,0,0.001178000
411,412,3,bfs,fast,manhattan,gcompare,200,0,0,ok,12,-1,5687,2113,2353,0,1221,3334,376840,1.077,0,0,0,0.000152000
412,413,3,bfs,fast,manhattan,gcompare,200,0,0,ok,22,-1,227529,83426,119285,0,24983,108244,5898352,1.660,0,0,0,0.008934000
413,414,3,bfs,fast,manhattan,gcompare,200,0,0,ok,24,-1,377115,140970,219033,0,24983,158082,8913056,1.635,0,0,0,0.015479000
414,415,3,bfs,fast,manhattan,gcompare,200,0,0,ok,24,-1,349607,129367,198859,0,24983,150748,8585368,1.633,0,0,0,0.013591000
415,416,3,bfs,fast,manhattan,gcompare,200,0,0,ok,24,-1,354469,132476,203245,0,24049,151224,8585368,1.658,0,0,0,0.013452000
416,417,3,bfs,fast,manhattan,gcompare,200,0,0,ok,22,-1,243669,90089,129979,0,24983,113690,5898352,1.662,0,0,0,0.009097000
417,418,3,bfs,fast,manhattan,gcompare,200,0,0,ok,20,-1,112601,41224,54153,0,17230,58448,3407936,1.655,0,0,0,0.003991000
418,419,3,bfs,fast,manhattan,gcompare,200,0,0,ok,20,-1,142711,53642,71908,0,17289,70803,4259912,1.690,0,0,0,0.005478000
419,420,3,bfs,fast,manhattan,gcompare,200,0,0,ok,20,-1,111701,40857,53653,0,17195,58048,3407936,1.649,0,0,0,0.003988000
420,421,3,bfs,fast,manhattan,gcompare,200,0,0,ok,20,-1,136113,50923,67930,0,17289,68183,4259912,1.702,0,0,0,0.005418000
421,422,3,bfs,fast,manhattan,gcompare,200,0,0,ok,22,-1,252623,93789,135880,0,24983,116743,6226040,1.658,0,0,0,0.009216000
422,423,3,bfs,fast,manhattan,gcompare,200,0,0,ok,20,-1,117049,43045,56746,0,17289,60303,3407936,1.670,0,0,0,0.004134000
423,424,3,bfs,fast,manhattan,gcompare,200,0,0,ok,20,-1,154121,57503,77850,0,18858,76271,4587600,1.634,0,0,0,0.005702000
424,425,3,bfs,fast,manhattan,gcompare,200,0,0,ok,20,-1,134355,50198,66898,0,17289,67457,4259912,1.706,0,0,0,0.005201000
425,426,3,bfs,fast,manhattan,gcompare,200,0,0,ok,24,-1,320251,118125,178567,0,24054,141684,8257680,1.670,0,0,0,0.012253000
426,427,3,bfs,fast,manhattan,gcompare,200,0,0,ok,24,-1,370795,139389,215485,0,24048,155310,8585368,1.660,0,0,0,0.013950000
427,428,3,bfs,fast,manhattan,gcompare,200,0,0,ok,18,-1,69671,26137,32758,0,10776,36913,2293800,1.625,0,0,0,0.002572000
428,429,3,bfs,fast,manhattan,gcompare,200,0,0,ok,22,-1,273571,102548,150190,0,24983,123381,6553728,1.655,0,0,0,0.009934000
429,430,3,bfs,fast,manhattan,gcompare,200,0,0,ok,24,-1,371615,139724,216108,0,24049,155507,8585368,1.657,0,0,0,0.014527000
430,431,3,bfs,fast,manhattan,gcompare,200,0,0,ok,24,-1,349985,130598,199969,0,24053,150016,8585368,1.661,0,0,0,0.013616000
431,432,3,bfs,fast,manhattan,gcompare,200,0,0,ok,22,-1,252723,95027,137237,0,23973,115486,6226040,1.686,0,0,0,0.009189000
432,433,3,bfs,fast,manhattan,gcompare,200,0,0,ok,28,-1,474337,177468,293639,0,24054,180698,9896120,1.582,0,0,0,0.016493000
433,434,3,bfs,fast,manhattan,gcompare,200,0,0,ok,24,-1,340575,126634,193066,0,24049,147509,8585368,1.665,0,0,0,0.012889000
434,435,3,bfs,fast,manhattan,gcompare,200,0,0,ok,20,-1,132753,49534,65995,0,17259,66758,4259912,1.716,0,0,0,0.005108000
435,436,3,bfs,fast,manhattan,gcompare,200,0,0,ok,20,-1,131705,49106,65389,0,17289,66316,4259912,1.714,0,0,0,0.005060000
436,437,3,bfs,fast,manhattan,gcompare,200,0,0,ok,22,-1,216529,79999,113366,0,23973,103163,5570664,1.683,0,0,0,0.008197000
437,438,3,bfs,fast,manhattan,gcompare,200,0,0,ok,20,-1,105893,38475,50353,0,17067,55540,3080248,1.621,0,0,0,0.003773000
438,439,3,bfs,fast,manhattan,gcompare,200,0,0,ok,22,-1,207809,76424,107790,0,23976,100019,5570664,1.666,0,0,0,0.007588000
439,440,3,bfs,fast,manhattan,gcompare,200,0,0,ok,24,-1,354729,132601,203435,0,24048,151294,8585368,1.662,0,0,0,0.013676000
440,441,3,bfs,fast,manhattan,gcompare,200,0,0,ok,26,-1,440055,164541,265548,0,24049,174507,9568432,1.616,0,0,0,0.016552000
441,442,3,bfs,fast,manhattan,gcompare,200,0,0,ok,22,-1,218049,80619,114380,0,23980,103669,5570664,1.679,0,0,0,0.008364000
442,443,3,bfs,fast,manhattan,gcompare,200,0,0,ok,24,-1,323853,119628,181071,0,24048,142782,8257680,1.670,0,0,0,0.013082000
443,444,3,bfs,fast,manhattan,gcompare,200,0,0,ok,22,-1,237053,87350,125521,0,24983,111532,5898352,1.664,0,0,0,0.008840000
444,445,3,bfs,fast,manhattan,gcompare,200,0,0,ok,26,-1,444021,166245,268894,0,24049,175127,9568432,1.612,0,0,0,0.016566000
445,446,3,bfs,fast,manhattan,gcompare,200,0,0,ok,20,-1,135191,50547,67421,0,17289,67770,4259912,1.706,0,0,0,0.005133000
446,447,3,bfs,fast,manhattan,gcompare,200,0,0,ok,28,-1,479387,179641,298295,0,24983,181092,9896120,1.566,0,0,0,0.016750000
447,448,3,bfs,fast,manhattan,gcompare,200,0,0,ok,22,-1,239639,88415,127244,0,24983,112395,5898352,1.662,0,0,0,0.009030000
448,449,3,bfs,fast,manhattan,gcompare,200,0,0,ok,20,-1,104909,38075,49802,0,17037,55107,3080248,1.622,0,0,0,0.003929000
449,450,3,bfs,fast,manhattan,gcompare,200,0,0,ok,24,-1,328647,121619,184386,0,24053,144261,8257680,1.665,0,0,0,0.013003000
450,451,3,bfs,fast,manhattan,gcompare,200,0,0,ok,22,-1,241959,90554,129903,0,23980,112056,5898352,1.690,0,0,0,0.009131000
451,452,3,bfs,fast,manhattan,gcompare,200,0,0,ok,18,-1,59213,21429,26642,0,11143,32571,1703968,1.649,0,0,0,0.002113000
452,453,3,bfs,fast,manhattan,gcompare,200,0,0,ok,26,-1,434415,162138,260957,0,24048,173458,9568432,1.624,0,0,0,0.016343000
453,454,3,bfs,fast,manhattan,gcompare,200,0,0,ok,26,-1,461021,172984,282875,0,24983,178146,9568432,1.579,0,0,0,0.016827000
454,455,3,bfs,fast,manhattan,gcompare,200,0,0,ok,24,-1,329323,121908,184885,0,24049,144438,8257680,1.666,0,0,0,0.013156000
455,456,3,bfs,fast,manhattan,gcompare,200,0,0,ok,26,-1,432581,161336,259452,0,24053,173129,9568432,1.622,0,0,0,0.016001000
456,457,3,bfs,fast,manhattan,gcompare,200,0,0,ok,26,-1,438379,163246,263811,0,24983,174568,9568432,1.605,0,0,0,0.016157000
457,458,3,bfs,fast,manhattan,gcompare,200,0,0,ok,22,-1,266437,99564,145252,0,24983,121185,6226040,1.661,0,0,0,0.009925000
458,459,3,bfs,fast,manhattan,gcompare,200,0,0,ok,22,-1,234129,86155,123617,0,24983,110512,5898352,1.672,0,0,0,0.009382000
459,460,3,bfs,fast,manhattan,gcompare,200,0,0,ok,22,-1,244713,90519,130681,0,24983,114032,5898352,1.664,0,0,0,0.008908000
460,461,3,bfs,fast,manhattan,gcompare,200,0,0,ok,22,-1,280709,105562,155128,0,24983,125581,6553728,1.655,0,0,0,0.010164000
461,462,3,bfs,fast,manhattan,gcompare,200,0,0,ok,20,-1,109873,40108,52590,0,17176,57283,3080248,1.649,0,0,0,0.003897000
462,463,3,bfs,fast,manhattan,gcompare,200,0,0,ok,24,-1,337623,125385,190925,0,24053,146698,8257680,1.663,0,0,0,0.012868000
463,464,3,bfs,fast,manhattan,gcompare,200,0,0,ok,20,-1,109661,40019,52476,0,17168,57185,3080248,1.633,0,0,0,0.003902000
464,465,3,bfs,fast,manhattan,gcompare,200,0,0,ok,18,-1,55815,20480,25308,0,10028,30507,1703968,1.616,0,0,0,0.001896000
465,466,3,bfs,fast,manhattan,gcompare,200,0,0,ok,22,-1,210765,77633,109660,0,23972,101105,5570664,1.665,0,0,0,0.007762000
466,467,3,bfs,fast,manhattan,gcompare,200,0,0,ok,20,-1,129385,47362,63291,0,18737,66094,4259912,1.683,0,0,0,0.004938000
467,468,3,bfs,fast,manhattan,gcompare,200,0,0,ok,24,-1,342379,127376,194359,0,24054,148020,8585368,1.659,0,0,0,0.013391000
468,469,3,bfs,fast,manhattan,gcompare,200,0,0,ok,22,-1,228425,84925,121141,0,23976,107284,5898352,1.693,0,0,0,0.008702000
469,470,3,bfs,fast,manhattan,gcompare,200,0,0,ok,22,-1,231835,86352,123370,0,23980,108465,5898352,1.691,0,0,0,0.008700000
470,471,3,bfs,fast,manhattan,gcompare,200,0,0,ok,22,-1,228109,84789,120939,0,23980,107170,5898352,1.688,0,0,0,0.008324000
471,472,3,bfs,fast,manhattan,gcompare,200,0,0,ok,24,-1,338913,125933,191805,0,24054,147108,8257680,1.661,0,0,0,0.012777000
472,473,3,bfs,fast,manhattan,gcompare,200,0,0,ok,24,-1,367235,137895,212791,0,24054,154444,8585368,1.659,0,0,0,0.013895000
473,474,3,bfs,fast,manhattan,gcompare,200,0,0,ok,24,-1,343945,128043,195546,0,24053,148399,8585368,1.664,0,0,0,0.013190000
474,475,3,bfs,fast,manhattan,gcompare,200,0,0,ok,24,-1,365357,137088,211361,0,24049,153996,8585368,1.659,0,0,0,0.014256000
475,476,3,bfs,fast,manhattan,gcompare,200,0,0,ok,26,-1,437217,163319,263213,0,24048,174004,9568432,1.621,0,0,0,0.016452000
476,477,3,bfs,fast,manhattan,gcompare,200,0,0,ok,24,-1,359049,134403,206621,0,24054,152428,8585368,1.659,0,0,0,0.014083000
477,478,3,bfs,fast,manhattan,gcompare,200,0,0,ok,22,-1,244509,91614,131653,0,23972,112856,5898352,1.695,0,0,0,0.009323000
478,479,3,bfs,fast,manhattan,gcompare,200,0,0,ok,18,-1,52623,19181,23613,0,9832,29010,1703968,1.595,0,0,0,0.001904000
479,480,3,bfs,fast,manhattan,gcompare,200,0,0,ok,22,-1,257581,95836,139189,0,24983,118392,6226040,1.664,0,0,0,0.009391000
480,481,3,bfs,fast,manhattan,gcompare,200,0,0,ok,18,-1,49317,17839,21853,0,9626,27464,1703968,1.568,0,0,0,0.001703000
481,482,3,bfs,fast,manhattan,gcompare,200,0,0,ok,20,-1,141519,53167,71192,0,17289,70327,4259912,1.687,0,0,0,0.005439000
482,483,3,bfs,fast,manhattan,gcompare,200,0,0,ok,26,-1,428619,159658,256300,0,24053,172319,9568432,1.632,0,0,0,0.016541000
483,484,3,bfs,fast,manhattan,gcompare,200,0,0,ok,26,-1,436345,162946,262508,0,24053,173837,9568432,1.620,0,0,0,0.015829000
484,485,3,bfs,fast,manhattan,gcompare,200,0,0,ok,24,-1,324399,119858,181412,0,24049,142987,8257680,1.669,0,0,0,0.013026000
485,486,3,bfs,fast,manhattan,gcompare,200,0,0,ok,20,-1,153467,57227,77434,0,18858,76033,4587600,1.631,0,0,0,0.006036000
486,487,3,bfs,fast,manhattan,gcompare,200,0,0,ok,20,-1,129569,48231,64134,0,17259,65435,3407936,1.726,0,0,0,0.004678000
487,488,3,bfs,fast,manhattan,gcompare,200,0,0,ok,18,-1,60179,22270,27660,0,10250,32519,1703968,1.667,0,0,0,0.002149000
488,489,3,bfs,fast,manhattan,gcompare,200,0,0,ok,22,-1,249607,93717,135035,0,23973,114572,5898352,1.694,0,0,0,0.008976000
489,490,3,bfs,fast,manhattan,gcompare,200,0,0,ok,20,-1,125661,46609,61832,0,17289,63829,3407936,1.714,0,0,0,0.004583000
490,491,3,bfs,fast,manhattan,gcompare,200,0,0,ok,18,-1,48565,17534,21475,0,9559,27090,1703968,1.566,0,0,0,0.001665000
491,492,3,bfs,fast,manhattan,gcompare,200,0,0,ok,24,-1,357675,132770,204676,0,24983,152999,8585368,1.631,0,0,0,0.013432000
492,493,3,bfs,fast,manhattan,gcompare,200,0,0,ok,22,-1,218745,80899,114819,0,23973,103926,5570664,1.678,0,0,0,0.008005000
493,494,3,bfs,fast,manhattan,gcompare,200,0,0,ok,24,-1,343667,127928,195351,0,24048,148316,8585368,1.664,0,0,0,0.012993000
494,495,3,bfs,fast,manhattan,gcompare,200,0,0,ok,18,-1,60593,22441,27893,0,10260,32700,1703968,1.676,0,0,0,0.002100000
495,496,3,bfs,fast,manhattan,gcompare,200,0,0,ok,26,-1,428129,159454,255903,0,24049,172226,9568432,1.630,0,0,0,0.015859000
496,497,3,bfs,fast,manhattan,gcompare,200,0,0,ok,22,-1,198763,72689,102148,0,23972,96615,5242976,1.651,0,0,0,0.007381000
497,498,3,bfs,fast,manhattan,gcompare,200,0,0,ok,24,-1,350639,129800,199587,0,24983,151052,8585368,1.633,0,0,0,0.013282000
498,499,3,bfs,fast,manhattan,gcompare,200,0,0,ok,18,-1,59339,21925,27200,0,10214,32139,1703968,1.663,0,0,0,0.002049000
499,500,3,bfs,fast,manhattan,gcompare,200,0,0,ok,22,-1,229301,84152,120453,0,24983,108848,5898352,1.659,0,0,0,0.008401000
0,1,3,bfs,fast,manhattan,gcompare,201,0,0,ok,21,-1,195401,73051,101406,0,21826,93995,5242976,1.652,0,0,0,0.007733000
1,2,3,bfs,fast,manhattan,gcompare,201,0,0,ok,23,-1,276550,101840,150013,0,25133,126537,6553728,1.678,0,0,0,0.010113000
2,3,3,bfs,fast,manhattan,gcompare,201,0,0,ok,19,-1,102128,38053,49280,0,14800,52848,2949176,1.627,0,0,0,0.003621000
3,4,3,bfs,fast,manhattan,gcompare,201,0,0,ok,21,-1,199047,74563,103780,0,21826,95267,5242976,1.654,0,0,0,0.007392000
4,5,3,bfs,fast,manhattan,gcompare,201,0,0,ok,23,-1,308540,115246,172136,0,25134,136404,7929992,1.665,0,0,0,0.012219000
5,6,3,bfs,fast,manhattan,gcompare,201,0,0,ok,21,-1,164397,60255,82363,0,21811,82034,4915288,1.646,0,0,0,0.006312000
6,7,3,bfs,fast,manhattan,gcompare,201,0,0,ok,19,-1,87760,32185,41128,0,14447,46632,2621488,1.583,0,0,0,0.003134000
7,8,3,bfs,fast,manhattan,gcompare,201,0,0,ok,21,-1,181795,67426,92799,0,21826,88996,4915288,1.650,0,0,0,0.006736000
8,9,3,bfs,fast,manhattan,gcompare,201,0,0,ok,21,-1,184085,68371,94305,0,21830,89780,4915288,1.651,0,0,0,0.006813000
9,10,3,bfs,fast,manhattan,gcompare,201,0,0,ok,29,-1,481523,180458,300205,0,25136,181318,9896120,1.570,0,0,0,0.016905000
10,11,3,bfs,fast,manhattan,gcompare,201,0,0,ok,21,-1,161109,58909,80425,0,21784,80684,4587600,1.653,0,0,0,0.006310000
11,12,3,bfs,fast,manhattan,gcompare,201,0,0,ok,23,-1,305192,113852,169777,0,25134,135415,7929992,1.672,0,0,0,0.011837000
12,13,3,bfs,fast,manhattan,gcompare,201,0,0,ok,19,-1,100002,37258,48112,0,14637,51890,2949176,1.607,0,0,0,0.003524000
13,14,3,bfs,fast,manhattan,gcompare,201,0,0,ok,21,-1,167363,61483,84105,0,21811,83258,4915288,1.649,0,0,0,0.006307000
14,15,3,bfs,fast,manhattan,gcompare,201,0,0,ok,25,-1,420539,157623,250881,0,25136,169658,9240744,1.630,0,0,0,0.017467000
15,16,3,bfs,fast,manhattan,gcompare,201,0,0,ok,23,-1,285606,105601,156257,0,25133,129349,6553728,1.677,0,0,0,0.010892000
16,17,3,bfs,fast,manhattan,gcompare,201,0,0,ok,21,-1,187075,69606,96208,0,21830,90867,5242976,1.646,0,0,0,0.007361000
17,18,3,bfs,fast,manhattan,gcompare,201,0,0,ok,21,-1,168049,61772,84490,0,21830,83559,4915288,1.646,0,0,0,0.006762000
18,19,3,bfs,fast,manhattan,gcompare,201,0,0,ok,21,-1,158165,57695,78706,0,21765,79459,4587600,1.650,0,0,0,0.006504000
19,20,3,bfs,fast,manhattan,gcompare,201,0,0,ok,23,-1,319912,119954,180234,0,25136,139678,8257680,1.666,0,0,0,0.013459000
20,21,3,bfs,fast,manhattan,gcompare,201,0,0,ok,23,-1,295578,109789,163071,0,25133,132507,7929992,1.676,0,0,0,0.011443000
21,22,3,bfs,fast,manhattan,gcompare,201,0,0,ok,21,-1,166915,61297,83848,0,21811,83067,4915288,1.653,0,0,0,0.006379000
22,23,3,bfs,fast,manhattan,gcompare,201,0,0,ok,25,-1,415677,155546,246958,0,25136,168719,9240744,1.632,0,0,0,0.015711000
23,24,3,bfs,fast,manhattan,gcompare,201,0,0,ok,17,-1,44060,16279,19650,0,8131,24410,1310744,1.516,0,0,0,0.001629000
24,25,3,bfs,fast,manhattan,gcompare,201,0,0,ok,27,-1,468486,175429,288719,0,25133,179767,9568432,1.581,0,0,0,0.017351000
25,26,3,bfs,fast,manhattan,gcompare,201,0,0,ok,21,-1,173845,64141,87989,0,21826,85856,4915288,1.647,0,0,0,0.006434000
26,27,3,bfs,fast,manhattan,gcompare,201,0,0,ok,19,-1,87152,31962,40894,0,14299,46258,2621488,1.585,0,0,0,0.003198000
27,28,3,bfs,fast,manhattan,gcompare,201,0,0,ok,15,-1,19673,7302,8435,0,3936,11238,819216,1.412,0,0,0,0.000675000
28,29,3,bfs,fast,manhattan,gcompare,201,0,0,ok,21,-1,167307,61443,84081,0,21826,83226,4915288,1.649,0,0,0,0.006529000
29,30,3,bfs,fast,manhattan,gcompare,201,0,0,ok,21,-1,192523,71865,99500,0,21826,93023,5242976,1.650,0,0,0,0.007318000
30,31,3,bfs,fast,manhattan,gcompare,201,0,0,ok,25,-1,397111,147745,232603,0,25133,164508,9240744,1.647,0,0,0,0.015262000
31,32,3,bfs,fast,manhattan,gcompare,201,0,0,ok,21,-1,203289,76275,106697,0,21811,96592,5242976,1.655,0,0,0,0.007712000
32,33,3,bfs,fast,manhattan,gcompare,201,0,0,ok,27,-1,473598,177657,293292,0,25134,180306,9896120,1.577,0,0,0,0.016337000
33,34,3,bfs,fast,manhattan,gcompare,201,0,0,ok,25,-1,419451,157213,249976,0,25133,169475,9240744,1.630,0,0,0,0.016005000
34,35,3,bfs,fast,manhattan,gcompare,201,0,0,ok,27,-1,475140,178314,294713,0,25133,180427,9896120,1.576,0,0,0,0.016391000
35,36,3,bfs,fast,manhattan,gcompare,201,0,0,ok,23,-1,304614,113553,169158,0,25133,135456,7929992,1.671,0,0,0,0.012206000
36,37,3,bfs,fast,manhattan,gcompare,201,0,0,ok,19,-1,101562,37826,48910,0,14834,52652,2949176,1.622,0,0,0,0.003723000
37,38,3,bfs,fast,manhattan,gcompare,201,0,0,ok,23,-1,279312,102990,151781,0,25136,127531,6553728,1.683,0,0,0,0.010573000
38,39,3,bfs,fast,manhattan,gcompare,201,0,0,ok,23,-1,312572,116884,174928,0,25133,137644,7929992,1.666,0,0,0,0.012673000
39,40,3,bfs,fast,manhattan,gcompare,201,0,0,ok,17,-1,45252,16799,20248,0,8206,25004,1703968,1.528,0,0,0,0.001682000
40,41,3,bfs,fast,manhattan,gcompare,201,0,0,ok,21,-1,196793,73627,102296,0,21826,94497,5242976,1.655,0,0,0,0.007466000
41,42,3,bfs,fast,manhattan,gcompare,201,0,0,ok,25,-1,385543,142818,223953,0,25133,161590,8913056,1.644,0,0,0,0.015110000
42,43,3,bfs,fast,manhattan,gcompare,201,0,0,ok,21,-1,168433,61904,84742,0,21826,83691,4915288,1.653,0,0,0,0.006398000
43,44,3,bfs,fast,manhattan,gcompare,201,0,0,ok,27,-1,473644,177623,293278,0,25136,180366,9896120,1.578,0,0,0,0.016465000
44,45,3,bfs,fast,manhattan,gcompare,201,0,0,ok,19,-1,99650,37040,47815,0,14796,51835,2949176,1.612,0,0,0,0.003569000
45,46,3,bfs,fast,manhattan,gcompare,201,0,0,ok,23,-1,294046,109136,162009,0,25134,132037,7929992,1.681,0,0,0,0.011418000
46,47,3,bfs,fast,manhattan,gcompare,201,0,0,ok,19,-1,105636,39548,51382,0,14707,54254,2949176,1.632,0,0,0,0.003729000
47,48,3,bfs,fast,manhattan,gcompare,201,0,0,ok,17,-1,51826,19459,23810,0,8561,28016,1703968,1.575,0,0,0,0.001794000
48,49,3,bfs,fast,manhattan,gcompare,201,0,0,ok,27,-1,473180,177480,292906,0,25134,180274,9896120,1.577,0,0,0,0.016367000
49,50,3,bfs,fast,manhattan,gcompare,201,0,0,ok,25,-1,428451,161023,257473,0,25133,170978,9240744,1.620,0,0,0,0.016103000
50,51,3,bfs,fast,manhattan,gcompare,201,0,0,ok,17,-1,37200,13515,16133,0,7552,21067,1310744,1.490,0,0,0,0.001352000
51,52,3,bfs,fast,manhattan,gcompare,201,0,0,ok,19,-1,107884,40471,52684,0,14747,55200,2949176,1.634,0,0,0,0.003994000
52,53,3,bfs,fast,manhattan,gcompare,201,0,0,ok,25,-1,384961,142560,223534,0,25136,161427,8913056,1.644,0,0,0,0.014560000
53,54,3,bfs,fast,manhattan,gcompare,201,0,0,ok,19,-1,86428,31669,40501,0,14258,45927,2621488,1.589,0,0,0,0.003131000
54,55,3,bfs,fast,manhattan,gcompare,201,0,0,ok,19,-1,96528,35832,46120,0,14581,50408,2949176,1.601,0,0,0,0.003493000
55,56,3,bfs,fast,manhattan,gcompare,201,0,0,ok,19,-1,89312,32843,42084,0,14385,47228,2621488,1.594,0,0,0,0.003297000
56,57,3,bfs,fast,manhattan,gcompare,201,0,0,ok,25,-1,393985,146425,230261,0,25134,163724,8913056,1.646,0,0,0,0.014683000
57,58,3,bfs,fast,manhattan,gcompare,201,0,0,ok,25,-1,399557,148754,234427,0,25133,165130,9240744,1.648,0,0,0,0.015439000
58,59,3,bfs,fast,manhattan,gcompare,201,0,0,ok,19,-1,83750,30563,39016,0,14174,44734,2621488,1.580,0,0,0,0.003086000
59,60,3,bfs,fast,manhattan,gcompare,201,0,0,ok,21,-1,192361,71776,99609,0,21811,92752,5242976,1.651,0,0,0,0.007124000
60,61,3,bfs,fast,manhattan,gcompare,201,0,0,ok,19,-1,83914,30616,39006,0,14292,44908,2621488,1.574,0,0,0,0.003057000
61,62,3,bfs,fast,manhattan,gcompare,201,0,0,ok,21,-1,183007,67919,93613,0,21830,89394,4915288,1.654,0,0,0,0.006912000
62,63,3,bfs,fast,manhattan,gcompare,201,0,0,ok,25,-1,426797,160315,256049,0,25133,170748,9240744,1.623,0,0,0,0.016117000
63,64,3,bfs,fast,manhattan,gcompare,201,0,0,ok,25,-1,413743,154805,245402,0,25134,168341,9240744,1.635,0,0,0,0.016307000
64,65,3,bfs,fast,manhattan,gcompare,201,0,0,ok,21,-1,209149,78726,110559,0,21811,98590,5570664,1.661,0,0,0,0.007649000
65,66,3,bfs,fast,manhattan,gcompare,201,0,0,ok,19,-1,103154,38481,49869,0,14834,53285,2949176,1.620,0,0,0,0.003654000
66,67,3,bfs,fast,manhattan,gcompare,201,0,0,ok,17,-1,38598,14082,16829,0,7687,21769,1310744,1.499,0,0,0,0.001338000
67,68,3,bfs,fast,manhattan,gcompare,201,0,0,ok,25,-1,402995,150179,237050,0,25136,165945,9240744,1.647,0,0,0,0.015334000
68,69,3,bfs,fast,manhattan,gcompare,201,0,0,ok,21,-1,207365,77980,109367,0,21811,97998,5242976,1.666,0,0,0,0.007741000
69,70,3,bfs,fast,manhattan,gcompare,201,0,0,ok,27,-1,468300,175278,288449,0,25133,179851,9568432,1.583,0,0,0,0.016649000
70,71,3,bfs,fast,manhattan,gcompare,201,0,0,ok,21,-1,209157,78737,110549,0,21826,98608,5570664,1.661,0,0,0,0.007717000
71,72,3,bfs,fast,manhattan,gcompare,201,0,0,ok,19,-1,96514,35826,46110,0,14581,50404,2949176,1.607,0,0,0,0.003442000
72,73,3,bfs,fast,manhattan,gcompare,201,0,0,ok,13,-1,6137,2225,2491,0,1423,3646,376840,1.134,0,0,0,0.000163000
73,74,3,bfs,fast,manhattan,gcompare,201,0,0,ok,19,-1,103926,38854,50383,0,14694,53543,2949176,1.618,0,0,0,0.003661000
74,75,3,bfs,fast,manhattan,gcompare,201,0,0,ok,15,-1,15753,5723,6569,0,3462,9184,819216,1.422,0,0,0,0.000530000
75,76,3,bfs,fast,manhattan,gcompare,201,0,0,ok,27,-1,468168,175284,288434,0,25134,179734,9568432,1.580,0,0,0,0.016350000
76,77,3,bfs,fast,manhattan,gcompare,201,0,0,ok,15,-1,19771,7355,8508,0,3910,11263,819216,1.411,0,0,0,0.000668000
77,78,3,bfs,fast,manhattan,gcompare,201,0,0,ok,25,-1,417743,156490,248601,0,25134,169142,9240744,1.630,0,0,0,0.015744000
78,79,3,bfs,fast,manhattan,gcompare,201,0,0,ok,21,-1,181283,67212,92478,0,21826,88805,4915288,1.654,0,0,0,0.006713000
79,80,3,bfs,fast,manhattan,gcompare,201,0,0,ok,27,-1,472392,177148,292192,0,25134,180200,9568432,1.581,0,0,0,0.016708000
80,81,3,bfs,fast,manhattan,gcompare,201,0,0,ok,23,-1,320040,120037,180373,0,25134,139667,8257680,1.666,0,0,0,0.012900000
81,82,3,bfs,fast,manhattan,gcompare,201,0,0,ok,17,-1,48566,18136,22012,0,8418,26554,1703968,1.562,0,0,0,0.001729000
82,83,3,bfs,fast,manhattan,gcompare,201,0,0,ok,23,-1,284088,104965,155221,0,25133,128867,6553728,1.677,0,0,0,0.010628000
83,84,3,bfs,fast,manhattan,gcompare,201,0,0,ok,19,-1,101588,37898,49030,0,14660,52558,2949176,1.619,0,0,0,0.003763000
84,85,3,bfs,fast,manhattan,gcompare,201,0,0,ok,23,-1,302846,112822,167922,0,25133,134924,7929992,1.674,0,0,0,0.012132000
85,86,3,bfs,fast,manhattan,gcompare,201,0,0,ok,25,-1,391277,145220,228182,0,25136,163095,8913056,1.650,0,0,0,0.015076000
86,87,3,bfs,fast,manhattan,gcompare,201,0,0,ok,25,-1,389019,144252,226490,0,25136,162529,8913056,1.646,0,0,0,0.015054000
87,88,3,bfs,fast,manhattan,gcompare,201,0,0,ok,21,-1,197369,73824,102859,0,21811,94510,5242976,1.649,0,0,0,0.007534000
88,89,3,bfs,fast,manhattan,gcompare,201,0,0,ok,23,-1,291620,108107,160195,0,25136,131425,7929992,1.680,0,0,0,0.011739000
89,90,3,bfs,fast,manhattan,gcompare,201,0,0,ok,25,-1,393173,146017,229615,0,25133,163558,8913056,1.646,0,0,0,0.014727000
90,91,3,bfs,fast,manhattan,gcompare,201,0,0,ok,17,-1,41470,15256,18291,0,7925,23179,1310744,1.515,0,0,0,0.001445000
91,92,3,bfs,fast,manhattan,gcompare,201,0,0,ok,25,-1,397031,147671,232524,0,25136,164507,9240744,1.648,0,0,0,0.014686000
92,93,3,bfs,fast,manhattan,gcompare,201,0,0,ok,25,-1,386365,143167,224571,0,25133,161794,8913056,1.646,0,0,0,0.014394000
93,94,3,bfs,fast,manhattan,gcompare,201,0,0,ok,23,-1,289992,107426,159062,0,25133,130930,6553728,1.685,0,0,0,0.010367000
94,95,3,bfs,fast,manhattan,gcompare,201,0,0,ok,25,-1,424609,159379,254231,0,25136,170378,9240744,1.625,0,0,0,0.015497000
95,96,3,bfs,fast,manhattan,gcompare,201,0,0,ok,23,-1,288278,106727,158038,0,25133,130240,6553728,1.679,0,0,0,0.010613000
96,97,3,bfs,fast,manhattan,gcompare,201,0,0,ok,27,-1,472406,177071,292121,0,25133,180285,9896120,1.579,0,0,0,0.017133000
97,98,3,bfs,fast,manhattan,gcompare,201,0,0,ok,19,-1,95252,35295,45412,0,14549,49840,2949176,1.594,0,0,0,0.003481000
98,99,3,bfs,fast,manhattan,gcompare,201,0,0,ok,21,-1,171407,63161,86534,0,21811,84873,4915288,1.649,0,0,0,0.006315000
99,100,3,bfs,fast,manhattan,gcompare,201,0,0,ok,25,-1,402259,149880,236488,0,25136,165771,9240744,1.649,0,0,0,0.015108000
100,101,3,bfs,fast,manhattan,gcompare,201,0,0,ok,17,-1,49416,18463,22506,0,8447,26910,1703968,1.553,0,0,0,0.001795000
101,102,3,bfs,fast,manhattan,gcompare,201,0,0,ok,25,-1,423919,159093,253657,0,25133,170262,9240744,1.629,0,0,0,0.016027000
102,103,3,bfs,fast,manhattan,gcompare,201,0,0,ok,21,-1,175949,65003,89247,0,21826,86702,4915288,1.649,0,0,0,0.006756000
103,104,3,bfs,fast,manhattan,gcompare,201,0,0,ok,19,-1,87218,31990,40929,0,14301,46289,2621488,1.586,0,0,0,0.003212000
104,105,3,bfs,fast,manhattan,gcompare,201,0,0,ok,25,-1,409769,153103,242287,0,25133,167482,9240744,1.641,0,0,0,0.015954000
105,106,3,bfs,fast,manhattan,gcompare,201,0,0,ok,21,-1,181605,67346,92679,0,21826,88926,4915288,1.648,0,0,0,0.006999000
106,107,3,bfs,fast,manhattan,gcompare,201,0,0,ok,15,-1,22257,8358,9726,0,4175,12531,851984,1.436,0,0,0,0.000735000
107,108,3,bfs,fast,manhattan,gcompare,201,0,0,ok,23,-1,326958,122946,185427,0,25134,141531,8257680,1.659,0,0,0,0.012946000
108,109,3,bfs,fast,manhattan,gcompare,201,0,0,ok,23,-1,298748,111083,165066,0,25133,133682,7929992,1.673,0,0,0,0.012304000
109,110,3,bfs,fast,manhattan,gcompare,201,0,0,ok,19,-1,109780,41226,53786,0,14804,55994,2949176,1.645,0,0,0,0.003861000
110,111,3,bfs,fast,manhattan,gcompare,201,0,0,ok,25,-1,395269,146968,231215,0,25133,164054,9240744,1.647,0,0,0,0.014849000
111,112,3,bfs,fast,manhattan,gcompare,201,0,0,ok,25,-1,411241,153744,243443,0,25133,167798,9240744,1.637,0,0,0,0.015341000
112,113,3,bfs,fast,manhattan,gcompare,201,0,0,ok,19,-1,94836,35081,45030,0,14737,49806,2949176,1.599,0,0,0,0.003496000
113,114,3,bfs,fast,manhattan,gcompare,201,0,0,ok,25,-1,391651,145364,228488,0,25133,163163,8913056,1.646,0,0,0,0.015353000
114,115,3,bfs,fast,manhattan,gcompare,201,0,0,ok,21,-1,172345,63543,87103,0,21830,85242,4915288,1.639,0,0,0,0.006416000
115,116,3,bfs,fast,manhattan,gcompare,201,0,0,ok,21,-1,197147,73770,102514,0,21826,94633,5242976,1.648,0,0,0,0.007226000
116,117,3,bfs,fast,manhattan,gcompare,201,0,0,ok,21,-1,177693,65721,90314,0,21826,87379,4915288,1.644,0,0,0,0.006791000
117,118,3,bfs,fast,manhattan,gcompare,201,0,0,ok,23,-1,292812,108601,161036,0,25133,131776,7929992,1.677,0,0,0,0.011788000
118,119,3,bfs,fast,manhattan,gcompare,201,0,0,ok,23,-1,313928,117446,175907,0,25133,138021,7929992,1.667,0,0,0,0.012518000
119,120,3,bfs,fast,manhattan,gcompare,201,0,0,ok,23,-1,272588,100176,147434,0,25134,125154,6553728,1.677,0,0,0,0.009874000
120,121,3,bfs,fast,manhattan,gcompare,201,0,0,ok,17,-1,42200,15552,18662,0,7987,23538,1310744,1.524,0,0,0,0.001439000
121,122,3,bfs,fast,manhattan,gcompare,201,0,0,ok,15,-1,15219,5506,6314,0,3400,8905,819216,1.432,0,0,0,0.000504000
122,123,3,bfs,fast,manhattan,gcompare,201,0,0,ok,23,-1,270418,99283,146033,0,25134,124385,6553728,1.678,0,0,0,0.009859000
123,124,3,bfs,fast,manhattan,gcompare,201,0,0,ok,23,-1,306762,114439,170695,0,25133,136067,7929992,1.668,0,0,0,0.012344000
124,125,3,bfs,fast,manhattan,gcompare,201,0,0,ok,23,-1,317064,118793,178225,0,25133,138839,7929992,1.659,0,0,0,0.012993000
125,126,3,bfs,fast,manhattan,gcompare,201,0,0,ok,21,-1,174875,64579,88635,0,21811,86240,4915288,1.647,0,0,0,0.006916000
126,127,3,bfs,fast,manhattan,gcompare,201,0,0,ok,23,-1,283228,104627,154423,0,25133,128805,6553728,1.685,0,0,0,0.010202000
127,128,3,bfs,fast,manhattan,gcompare,201,0,0,ok,23,-1,316824,118665,178021,0,25133,138803,7929992,1.662,0,0,0,0.012718000
128,129,3,bfs,fast,manhattan,gcompare,201,0,0,ok,25,-1,423289,158832,253131,0,25133,170158,9240744,1.625,0,0,0,0.015828000
129,130,3,bfs,fast,manhattan,gcompare,201,0,0,ok,21,-1,203429,76331,106788,0,21811,96641,5242976,1.652,0,0,0,0.007432000
130,131,3,bfs,fast,manhattan,gcompare,201,0,0,ok,19,-1,104678,39157,50824,0,14705,53854,2949176,1.626,0,0,0,0.003688000
131,132,3,bfs,fast,manhattan,gcompare,201,0,0,ok,25,-1,426915,160368,256158,0,25134,170757,9240744,1.620,0,0,0,0.016377000
132,133,3,bfs,fast,manhattan,gcompare,201,0,0,ok,19,-1,106572,39896,51887,0,14834,54685,2949176,1.634,0,0,0,0.003963000
133,134,3,bfs,fast,manhattan,gcompare,201,0,0,ok,19,-1,102562,38296,49608,0,14673,52954,2949176,1.620,0,0,0,0.003804000
134,135,3,bfs,fast,manhattan,gcompare,201,0,0,ok,25,-1,386149,143094,224448,0,25134,161701,8913056,1.645,0,0,0,0.014944000
135,136,3,bfs,fast,manhattan,gcompare,201,0,0,ok,23,-1,276838,101961,150210,0,25133,126628,6553728,1.680,0,0,0,0.010536000
136,137,3,bfs,fast,manhattan,gcompare,201,0,0,ok,17,-1,52128,19583,23976,0,8570,28152,1703968,1.570,0,0,0,0.001872000
137,138,3,bfs,fast,manhattan,gcompare,201,0,0,ok,17,-1,42038,15486,18582,0,7970,23456,1310744,1.510,0,0,0,0.001477000
138,139,3,bfs,fast,manhattan,gcompare,201,0,0,ok,25,-1,422557,158498,252545,0,25136,170012,9240744,1.625,0,0,0,0.015736000
139,140,3,bfs,fast,manhattan,gcompare,201,0,0,ok,21,-1,206569,77659,108804,0,21826,97765,5242976,1.657,0,0,0,0.007489000
140,141,3,bfs,fast,manhattan,gcompare,201,0,0,ok,25,-1,387915,143818,225682,0,25133,162233,8913056,1.646,0,0,0,0.014341000
141,142,3,bfs,fast,manhattan,gcompare,201,0,0,ok,23,-1,325824,122473,184593,0,25133,141231,8257680,1.658,0,0,0,0.012512000
142,143,3,bfs,fast,manhattan,gcompare,201,0,0,ok,25,-1,389217,144348,226654,0,25133,162563,8913056,1.648,0,0,0,0.014563000
143,144,3,bfs,fast,manhattan,gcompare,201,0,0,ok,21,-1,165113,60548,82763,0,21826,82350,4915288,1.647,0,0,0,0.006180000
144,145,3,bfs,fast,manhattan,gcompare,201,0,0,ok,21,-1,179653,66534,91553,0,21811,88100,4915288,1.645,0,0,0,0.006713000
145,146,3,bfs,fast,manhattan,gcompare,201,0,0,ok,19,-1,109866,41262,53836,0,14804,56030,2949176,1.640,0,0,0,0.003881000
146,147,3,bfs,fast,manhattan,gcompare,201,0,0,ok,23,-1,306642,114386,170601,0,25133,136041,7929992,1.671,0,0,0,0.011907000
147,148,3,bfs,fast,manhattan,gcompare,201,0,0,ok,27,-1,470672,176313,290548,0,25136,180124,9568432,1.581,0,0,0,0.017231000
148,149,3,bfs,fast,manhattan,gcompare,201,0,0,ok,27,-1,472262,177096,292078,0,25134,180184,9568432,1.578,0,0,0,0.017323000
149,150,3,bfs,fast,manhattan,gcompare,201,0,0,ok,23,-1,302584,112730,167935,0,25134,134649,7929992,1.670,0,0,0,0.011784000
150,151,3,bfs,fast,manhattan,gcompare,201,0,0,ok,23,-1,324854,122064,183880,0,25133,140974,8257680,1.659,0,0,0,0.012380000
151,152,3,bfs,fast,manhattan,gcompare,201,0,0,ok,23,-1,269350,98857,145364,0,25136,123986,6553728,1.676,0,0,0,0.009717000
152,153,3,bfs,fast,manhattan,gcompare,201,0,0,ok,23,-1,280778,103573,152907,0,25134,127871,6553728,1.676,0,0,0,0.010117000
153,154,3,bfs,fast,manhattan,gcompare,201,0,0,ok,21,-1,167761,61649,84343,0,21811,83418,4915288,1.642,0,0,0,0.006221000
154,155,3,bfs,fast,manhattan,gcompare,201,0,0,ok,27,-1,471002,176456,290843,0,25133,180159,9568432,1.579,0,0,0,0.016310000
155,156,3,bfs,fast,manhattan,gcompare,201,0,0,ok,21,-1,181285,67209,92621,0,21811,88664,4915288,1.644,0,0,0,0.006631000
156,157,3,bfs,fast,manhattan,gcompare,201,0,0,ok,25,-1,421447,158020,251644,0,25133,169803,9240744,1.628,0,0,0,0.015450000
157,158,3,bfs,fast,manhattan,gcompare,201,0,0,ok,13,-1,6995,2570,2887,0,1538,4108,409608,1.214,0,0,0,0.000218000
158,159,3,bfs,fast,manhattan,gcompare,201,0,0,ok,23,-1,287032,106199,157184,0,25134,129848,6553728,1.678,0,0,0,0.010318000
159,160,3,bfs,fast,manhattan,gcompare,201,0,0,ok,19,-1,101448,37779,48879,0,14800,52569,2949176,1.612,0,0,0,0.003618000
160,161,3,bfs,fast,manhattan,gcompare,201,0,0,ok,19,-1,106730,39999,52002,0,14733,54728,2949176,1.633,0,0,0,0.003734000
161,162,3,bfs,fast,manhattan,gcompare,201,0,0,ok,13,-1,5891,2126,2382,0,1384,3509,376840,1.108,0,0,0,0.000151000
162,163,3,bfs,fast,manhattan,gcompare,201,0,0,ok,23,-1,285664,105636,156042,0,25136,129622,6553728,1.680,0,0,0,0.010217000
163,164,3,bfs,fast,manhattan,gcompare,201,0,0,ok,23,-1,326072,122578,184774,0,25134,141298,8257680,1.657,0,0,0,0.013033000
164,165,3,bfs,fast,manhattan,gcompare,201,0,0,ok,21,-1,205771,77305,108326,0,21811,97445,5242976,1.654,0,0,0,0.007672000
165,166,3,bfs,fast,manhattan,gcompare,201,0,0,ok,19,-1,101930,37973,49160,0,14800,52770,2949176,1.616,0,0,0,0.003614000
166,167,3,bfs,fast,manhattan,gcompare,201,0,0,ok,25,-1,414595,155161,246095,0,25134,168500,9240744,1.636,0,0,0,0.015134000
167,168,3,bfs,fast,manhattan,gcompare,201,0,0,ok,25,-1,418861,156970,249500,0,25133,169361,9240744,1.634,0,0,0,0.015993000
168,169,3,bfs,fast,manhattan,gcompare,201,0,0,ok,23,-1,281468,103866,153404,0,25134,128064,6553728,1.681,0,0,0,0.010577000
169,170,3,bfs,fast,manhattan,gcompare,201,0,0,ok,21,-1,190587,71045,98423,0,21830,92164,5242976,1.648,0,0,0,0.007034000
170,171,3,bfs,fast,manhattan,gcompare,201,0,0,ok,25,-1,425391,159716,254893,0,25133,170498,9240744,1.624,0,0,0,0.015764000
171,172,3,bfs,fast,manhattan,gcompare,201,0,0,ok,21,-1,167463,61533,84151,0,21830,83312,4915288,1.650,0,0,0,0.006265000
172,173,3,bfs,fast,manhattan,gcompare,201,0,0,ok,19,-1,95316,35280,45310,0,14737,50006,2949176,1.590,0,0,0,0.003391000
173,174,3,bfs,fast,manhattan,gcompare,201,0,0,ok,23,-1,278690,102722,151356,0,25136,127334,6553728,1.677,0,0,0,0.010013000
174,175,3,bfs,fast,manhattan,gcompare,201,0,0,ok,25,-1,394467,146566,230608,0,25133,163859,9240744,1.648,0,0,0,0.014886000
175,176,3,bfs,fast,manhattan,gcompare,201,0,0,ok,25,-1,420603,157666,250967,0,25133,169636,9240744,1.629,0,0,0,0.015890000
176,177,3,bfs,fast,manhattan,gcompare,201,0,0,ok,23,-1,311630,116545,174331,0,25134,137299,7929992,1.666,0,0,0,0.012124000
177,178,3,bfs,fast,manhattan,gcompare,201,0,0,ok,27,-1,460336,171856,281651,0,25133,178685,9568432,1.589,0,0,0,0.016912000
178,179,3,bfs,fast,manhattan,gcompare,201,0,0,ok,19,-1,85074,31110,39751,0,14213,45323,2621488,1.597,0,0,0,0.003097000
179,180,3,bfs,fast,manhattan,gcompare,201,0,0,ok,21,-1,196547,73526,102139,0,21826,94408,5242976,1.662,0,0,0,0.007193000
180,181,3,bfs,fast,manhattan,gcompare,201,0,0,ok,25,-1,409361,152859,241992,0,25133,167369,9240744,1.643,0,0,0,0.015464000
181,182,3,bfs,fast,manhattan,gcompare,201,0,0,ok,21,-1,167143,61375,83979,0,21826,83164,4915288,1.650,0,0,0,0.006617000
182,183,3,bfs,fast,manhattan,gcompare,201,0,0,ok,27,-1,460450,171911,281757,0,25133,178693,9568432,1.589,0,0,0,0.016271000
183,184,3,bfs,fast,manhattan,gcompare,201,0,0,ok,21,-1,157185,57298,78158,0,21733,79027,4587600,1.646,0,0,0,0.006228000
184,185,3,bfs,fast,manhattan,gcompare,201,0,0,ok,15,-1,14869,5366,6157,0,3346,8712,819216,1.428,0,0,0,0.000515000
185,186,3,bfs,fast,manhattan,gcompare,201,0,0,ok,21,-1,201543,75552,105556,0,21830,95987,5242976,1.651,0,0,0,0.007692000
186,187,3,bfs,fast,manhattan,gcompare,201,0,0,ok,21,-1,157883,57584,78547,0,21757,79336,4587600,1.647,0,0,0,0.006131000
187,188,3,bfs,fast,manhattan,gcompare,201,0,0,ok,25,-1,402257,149908,236480,0,25134,165777,9240744,1.647,0,0,0,0.015238000
188,189,3,bfs,fast,manhattan,gcompare,201,0,0,ok,27,-1,473950,177765,293571,0,25133,180379,9896120,1.575,0,0,0,0.016452000
189,190,3,bfs,fast,manhattan,gcompare,201,0,0,ok,25,-1,415179,155408,246549,0,25133,168630,9240744,1.634,0,0,0,0.015880000
190,191,3,bfs,fast,manhattan,gcompare,201,0,0,ok,23,-1,276508,101823,149983,0,25133,126525,6553728,1.679,0,0,0,0.010438000
191,192,3,bfs,fast,manhattan,gcompare,201,0,0,ok,25,-1,403083,150216,237121,0,25133,165962,9240744,1.648,0,0,0,0.015218000
192,193,3,bfs,fast,manhattan,gcompare,201,0,0,ok,23,-1,308936,115416,172429,0,25133,136507,7929992,1.667,0,0,0,0.011910000
193,194,3,bfs,fast,manhattan,gcompare,201,0,0,ok,21,-1,172589,63646,87244,0,21811,85345,4915288,1.649,0,0,0,0.006449000
194,195,3,bfs,fast,manhattan,gcompare,201,0,0,ok,27,-1,473690,177644,293327,0,25133,180363,9896120,1.577,0,0,0,0.016328000
195,196,3,bfs,fast,manhattan,gcompare,201,0,0,ok,19,-1,100350,37401,48313,0,14639,52037,2949176,1.614,0,0,0,0.003541000
196,197,3,bfs,fast,manhattan,gcompare,201,0,0,ok,23,-1,301954,112466,167500,0,25133,134454,7929992,1.668,0,0,0,0.012035000
197,198,3,bfs,fast,manhattan,gcompare,201,0,0,ok,17,-1,44418,16424,19846,0,8150,24572,1310744,1.527,0,0,0,0.001582000
198,199,3,bfs,fast,manhattan,gcompare,201,0,0,ok,21,-1,198789,74413,103747,0,21830,95042,5242976,1.654,0,0,0,0.007562000
199,200,3,bfs,fast,manhattan,gcompare,201,0,0,ok,15,-1,17429,6404,7371,0,3656,10058,819216,1.403,0,0,0,0.000595000
200,201,3,bfs,fast,manhattan,gcompare,201,0,0,ok,27,-1,474190,177908,293835,0,25134,180355,9896120,1.574,0,0,0,0.017100000
201,202,3,bfs,fast,manhattan,gcompare,201,0,0,ok,21,-1,175919,64993,89229,0,21826,86690,4915288,1.648,0,0,0,0.006806000
202,203,3,bfs,fast,manhattan,gcompare,201,0,0,ok,17,-1,37522,13644,16295,0,7584,21227,1310744,1.503,0,0,0,0.001368000
203,204,3,bfs,fast,manhattan,gcompare,201,0,0,ok,25,-1,389585,144539,226974,0,25133,162611,8913056,1.646,0,0,0,0.015117000
204,205,3,bfs,fast,manhattan,gcompare,201,0,0,ok,29,-1,482667,180991,301244,0,25133,181423,9896120,1.567,0,0,0,0.017092000
205,206,3,bfs,fast,manhattan,gcompare,201,0,0,ok,17,-1,35696,12899,15403,0,7394,20293,1310744,1.501,0,0,0,0.001307000
206,207,3,bfs,fast,manhattan,gcompare,201,0,0,ok,25,-1,409223,152868,241853,0,25133,167370,9240744,1.641,0,0,0,0.015656000
207,208,3,bfs,fast,manhattan,gcompare,201,0,0,ok,23,-1,289748,107351,159056,0,25133,130692,6553728,1.683,0,0,0,0.010570000
208,209,3,bfs,fast,manhattan,gcompare,201,0,0,ok,21,-1,171615,63247,86654,0,21830,84961,4915288,1.645,0,0,0,0.006510000
209,210,3,bfs,fast,manhattan,gcompare,201,0,0,ok,23,-1,327802,123305,186062,0,25134,141740,8257680,1.657,0,0,0,0.012569000
210,211,3,bfs,fast,manhattan,gcompare,201,0,0,ok,19,-1,109794,41233,53796,0,14804,55998,2949176,1.639,0,0,0,0.003920000
211,212,3,bfs,fast,manhattan,gcompare,201,0,0,ok,23,-1,304592,113592,169333,0,25134,135259,7929992,1.670,0,0,0,0.011688000
212,213,3,bfs,fast,manhattan,gcompare,201,0,0,ok,21,-1,202103,75787,105906,0,21811,96197,5242976,1.651,0,0,0,0.007389000
213,214,3,bfs,fast,manhattan,gcompare,201,0,0,ok,17,-1,49570,18533,22592,0,8445,26978,1703968,1.552,0,0,0,0.001668000
214,215,3,bfs,fast,manhattan,gcompare,201,0,0,ok,23,-1,275332,101320,149255,0,25134,126077,6553728,1.680,0,0,0,0.009954000
215,216,3,bfs,fast,manhattan,gcompare,201,0,0,ok,21,-1,196009,73268,101977,0,21830,94032,5242976,1.654,0,0,0,0.007195000
216,217,3,bfs,fast,manhattan,gcompare,201,0,0,ok,23,-1,277894,102392,150818,0,25136,127076,6553728,1.681,0,0,0,0.010376000
217,218,3,bfs,fast,manhattan,gcompare,201,0,0,ok,27,-1,473998,177829,293655,0,25133,180343,9896120,1.575,0,0,0,0.017758000
218,219,3,bfs,fast,manhattan,gcompare,201,0,0,ok,17,-1,46992,17474,21222,0,8297,25770,1703968,1.540,0,0,0,0.001638000
219,220,3,bfs,fast,manhattan,gcompare,201,0,0,ok,17,-1,42110,15485,18611,0,8014,23499,1310744,1.502,0,0,0,0.001428000
220,221,3,bfs,fast,manhattan,gcompare,201,0,0,ok,25,-1,418667,156816,249360,0,25136,169307,9240744,1.631,0,0,0,0.015815000
221,222,3,bfs,fast,manhattan,gcompare,201,0,0,ok,25,-1,412393,154153,244373,0,25133,168020,9240744,1.640,0,0,0,0.015726000
222,223,3,bfs,fast,manhattan,gcompare,201,0,0,ok,25,-1,397385,147825,232784,0,25136,164601,9240744,1.644,0,0,0,0.015264000
223,224,3,bfs,fast,manhattan,gcompare,201,0,0,ok,15,-1,16743,6126,7044,0,3575,9699,819216,1.435,0,0,0,0.000590000
224,225,3,bfs,fast,manhattan,gcompare,201,0,0,ok,23,-1,282200,104178,153923,0,25133,128277,6553728,1.679,0,0,0,0.010341000
225,226,3,bfs,fast,manhattan,gcompare,201,0,0,ok,25,-1,385479,142803,223950,0,25133,161529,8913056,1.641,0,0,0,0.014478000
226,227,3,bfs,fast,manhattan,gcompare,201,0,0,ok,23,-1,272054,99965,147081,0,25133,124973,6553728,1.681,0,0,0,0.010654000
227,228,3,bfs,fast,manhattan,gcompare,201,0,0,ok,25,-1,411205,153648,243412,0,25136,167793,9240744,1.641,0,0,0,0.016306000
228,229,3,bfs,fast,manhattan,gcompare,201,0,0,ok,17,-1,51946,19510,23874,0,8563,28072,1703968,1.581,0,0,0,0.001779000
229,230,3,bfs,fast,manhattan,gcompare,201,0,0,ok,21,-1,183689,68203,94037,0,21830,89652,4915288,1.648,0,0,0,0.006955000
230,231,3,bfs,fast,manhattan,gcompare,201,0,0,ok,25,-1,416701,156043,247772,0,25134,168929,9240744,1.633,0,0,0,0.015365000
231,232,3,bfs,fast,manhattan,gcompare,201,0,0,ok,21,-1,189957,70812,97832,0,21826,92125,5242976,1.643,0,0,0,0.007102000
232,233,3,bfs,fast,manhattan,gcompare,201,0,0,ok,27,-1,472328,177123,292135,0,25133,180193,9568432,1.581,0,0,0,0.016787000
233,234,3,bfs,fast,manhattan,gcompare,201,0,0,ok,21,-1,194685,72722,101094,0,21830,93591,5242976,1.652,0,0,0,0.007408000
234,235,3,bfs,fast,manhattan,gcompare,201,0,0,ok,21,-1,174531,64426,88403,0,21826,86128,4915288,1.643,0,0,0,0.006671000
235,236,3,bfs,fast,manhattan,gcompare,201,0,0,ok,21,-1,174099,64258,88157,0,21830,85942,4915288,1.650,0,0,0,0.006884000
236,237,3,bfs,fast,manhattan,gcompare,201,0,0,ok,27,-1,467984,175141,288174,0,25136,179810,9568432,1.584,0,0,0,0.016974000
237,238,3,bfs,fast,manhattan,gcompare,201,0,0,ok,21,-1,175115,64666,88733,0,21826,86382,4915288,1.646,0,0,0,0.006763000
238,239,3,bfs,fast,manhattan,gcompare,201,0,0,ok,19,-1,88308,32437,41540,0,14336,46768,2621488,1.592,0,0,0,0.003289000
239,240,3,bfs,fast,manhattan,gcompare,201,0,0,ok,25,-1,397665,147949,233005,0,25133,164660,9240744,1.645,0,0,0,0.015360000
240,241,3,bfs,fast,manhattan,gcompare,201,0,0,ok,19,-1,94166,34849,44814,0,14505,49352,2949176,1.598,0,0,0,0.003503000
241,242,3,bfs,fast,manhattan,gcompare,201,0,0,ok,17,-1,41708,15325,18409,0,7977,23299,1310744,1.517,0,0,0,0.001492000
242,243,3,bfs,fast,manhattan,gcompare,201,0,0,ok,23,-1,326678,122815,185219,0,25136,141459,8257680,1.663,0,0,0,0.012615000
243,244,3,bfs,fast,manhattan,gcompare,201,0,0,ok,23,-1,324972,122119,183962,0,25133,141010,8257680,1.656,0,0,0,0.012559000
244,245,3,bfs,fast,manhattan,gcompare,201,0,0,ok,15,-1,16637,6082,6989,0,3567,9648,819216,1.402,0,0,0,0.000559000
245,246,3,bfs,fast,manhattan,gcompare,201,0,0,ok,23,-1,315976,118344,177438,0,25133,138538,7929992,1.663,0,0,0,0.012668000
246,247,3,bfs,fast,manhattan,gcompare,201,0,0,ok,21,-1,157927,57600,78572,0,21755,79355,4587600,1.648,0,0,0,0.005856000
247,248,3,bfs,fast,manhattan,gcompare,201,0,0,ok,27,-1,472604,177235,292380,0,25134,180224,9568432,1.577,0,0,0,0.016606000
248,249,3,bfs,fast,manhattan,gcompare,201,0,0,ok,29,-1,482335,180837,300935,0,25133,181400,9896120,1.567,0,0,0,0.017369000
249,250,3,bfs,fast,manhattan,gcompare,201,0,0,ok,29,-1,482943,181115,301510,0,25134,181433,9896120,1.571,0,0,0,0.016874000
250,251,3,bfs,fast,manhattan,gcompare,201,0,0,ok,25,-1,420013,157450,250458,0,25134,169555,9240744,1.629,0,0,0,0.015428000
251,252,3,bfs,fast,manhattan,gcompare,201,0,0,ok,23,-1,296894,110317,163800,0,25136,133094,7929992,1.676,0,0,0,0.011953000
252,253,3,bfs,fast,manhattan,gcompare,201,0,0,ok,23,-1,308654,115249,172062,0,25133,136592,7929992,1.670,0,0,0,0.012406000
253,254,3,bfs,fast,manhattan,gcompare,201,0,0,ok,23,-1,325058,122127,184024,0,25136,141034,8257680,1.659,0,0,0,0.012458000
254,255,3,bfs,fast,manhattan,gcompare,201,0,0,ok,21,-1,179333,66409,91318,0,21826,88015,4915288,1.643,0,0,0,0.006598000
255,256,3,bfs,fast,manhattan,gcompare,201,0,0,ok,21,-1,183475,68120,93960,0,21811,89515,4915288,1.648,0,0,0,0.006742000
256,257,3,bfs,fast,manhattan,gcompare,201,0,0,ok,21,-1,164665,60375,82467,0,21830,82198,4915288,1.652,0,0,0,0.006175000
257,258,3,bfs,fast,manhattan,gcompare,201,0,0,ok,23,-1,269998,99125,145790,0,25133,124208,6553728,1.678,0,0,0,0.009927000
258,259,3,bfs,fast,manhattan,gcompare,201,0,0,ok,19,-1,82210,29922,38074,0,14217,44136,2621488,1.572,0,0,0,0.003099000
259,260,3,bfs,fast,manhattan,gcompare,201,0,0,ok,27,-1,475040,178265,294609,0,25136,180431,9896120,1.576,0,0,0,0.016574000
260,261,3,bfs,fast,manhattan,gcompare,201,0,0,ok,27,-1,470508,176341,290503,0,25134,180005,9568432,1.579,0,0,0,0.016453000
261,262,3,bfs,fast,manhattan,gcompare,201,0,0,ok,23,-1,301934,112458,167485,0,25134,134449,7929992,1.676,0,0,0,0.011683000
262,263,3,bfs,fast,manhattan,gcompare,201,0,0,ok,21,-1,196561,73491,102329,0,21811,94232,5242976,1.649,0,0,0,0.007206000
263,264,3,bfs,fast,manhattan,gcompare,201,0,0,ok,23,-1,290612,107705,159650,0,25133,130962,6553728,1.677,0,0,0,0.010882000
264,265,3,bfs,fast,manhattan,gcompare,201,0,0,ok,21,-1,201137,75390,105258,0,21811,95879,5242976,1.656,0,0,0,0.007677000
265,266,3,bfs,fast,manhattan,gcompare,201,0,0,ok,25,-1,402341,149948,236552,0,25133,165789,9240744,1.646,0,0,0,0.015444000
266,267,3,bfs,fast,manhattan,gcompare,201,0,0,ok,27,-1,460934,172123,282176,0,25133,178758,9568432,1.587,0,0,0,0.017315000
267,268,3,bfs,fast,manhattan,gcompare,201,0,0,ok,19,-1,82096,29884,38099,0,14114,43997,2621488,1.573,0,0,0,0.002974000
268,269,3,bfs,fast,manhattan,gcompare,201,0,0,ok,25,-1,385619,142829,224019,0,25136,161600,8913056,1.647,0,0,0,0.014318000
269,270,3,bfs,fast,manhattan,gcompare,201,0,0,ok,25,-1,384005,142179,222886,0,25133,161119,8913056,1.646,0,0,0,0.014291000
270,271,3,bfs,fast,manhattan,gcompare,201,0,0,ok,25,-1,413709,154791,245376,0,25134,168333,9240744,1.637,0,0,0,0.015381000
271,272,3,bfs,fast,manhattan,gcompare,201,0,0,ok,17,-1,42850,15817,18996,0,8037,23854,1310744,1.512,0,0,0,0.001465000
272,273,3,bfs,fast,manhattan,gcompare,201,0,0,ok,19,-1,100094,37296,48169,0,14640,51925,2949176,1.609,0,0,0,0.003509000
273,274,3,bfs,fast,manhattan,gcompare,201,0,0,ok,27,-1,469496,175885,289609,0,25134,179887,9568432,1.584,0,0,0,0.016342000
274,275,3,bfs,fast,manhattan,gcompare,201,0,0,ok,17,-1,40610,14882,17846,0,7884,22764,1310744,1.518,0,0,0,0.001401000
275,276,3,bfs,fast,manhattan,gcompare,201,0,0,ok,25,-1,404457,150797,238183,0,25133,166274,9240744,1.642,0,0,0,0.015469000
276,277,3,bfs,fast,manhattan,gcompare,201,0,0,ok,21,-1,184641,68619,94511,0,21826,90130,5242976,1.647,0,0,0,0.006845000
277,278,3,bfs,fast,manhattan,gcompare,201,0,0,ok,25,-1,383841,142108,222763,0,25133,161078,8913056,1.642,0,0,0,0.014235000
278,279,3,bfs,fast,manhattan,gcompare,201,0,0,ok,23,-1,312254,116800,174786,0,25134,137468,7929992,1.667,0,0,0,0.011888000
279,280,3,bfs,fast,manhattan,gcompare,201,0,0,ok,21,-1,188887,70373,97139,0,21826,91748,5242976,1.641,0,0,0,0.007153000
280,281,3,bfs,fast,manhattan,gcompare,201,0,0,ok,21,-1,162181,59351,81049,0,21799,81132,4587600,1.647,0,0,0,0.006242000
281,282,3,bfs,fast,manhattan,gcompare,201,0,0,ok,25,-1,428059,160856,257142,0,25136,170917,9240744,1.625,0,0,0,0.016054000
282,283,3,bfs,fast,manhattan,gcompare,201,0,0,ok,27,-1,470170,176090,290091,0,25136,180079,9568432,1.582,0,0,0,0.017250000
283,284,3,bfs,fast,manhattan,gcompare,201,0,0,ok,27,-1,468394,175319,288538,0,25133,179856,9568432,1.581,0,0,0,0.016801000
284,285,3,bfs,fast,manhattan,gcompare,201,0,0,ok,25,-1,408811,152696,241548,0,25133,167263,9240744,1.640,0,0,0,0.015556000
285,286,3,bfs,fast,manhattan,gcompare,201,0,0,ok,23,-1,300740,111926,166467,0,25133,134273,7929992,1.674,0,0,0,0.012001000
286,287,3,bfs,fast,manhattan,gcompare,201,0,0,ok,21,-1,182301,67641,93110,0,21826,89191,4915288,1.648,0,0,0,0.006972000
287,288,3,bfs,fast,manhattan,gcompare,201,0,0,ok,25,-1,401051,149404,235577,0,25134,165474,9240744,1.647,0,0,0,0.015492000
288,289,3,bfs,fast,manhattan,gcompare,201,0,0,ok,25,-1,413819,154836,245464,0,25133,168355,9240744,1.636,0,0,0,0.016055000
289,290,3,bfs,fast,manhattan,gcompare,201,0,0,ok,21,-1,160511,58659,80048,0,21811,80463,4587600,1.652,0,0,0,0.006255000
290,291,3,bfs,fast,manhattan,gcompare,201,0,0,ok,21,-1,157601,57469,78389,0,21749,79212,4587600,1.654,0,0,0,0.005866000
291,292,3,bfs,fast,manhattan,gcompare,201,0,0,ok,23,-1,323786,121625,183105,0,25133,140681,8257680,1.657,0,0,0,0.012420000
292,293,3,bfs,fast,manhattan,gcompare,201,0,0,ok,23,-1,299536,111454,165811,0,25134,133725,7929992,1.677,0,0,0,0.012038000
293,294,3,bfs,fast,manhattan,gcompare,201,0,0,ok,17,-1,43072,15909,19113,0,8050,23959,1310744,1.516,0,0,0,0.001526000
294,295,3,bfs,fast,manhattan,gcompare,201,0,0,ok,19,-1,107906,40449,52690,0,14804,55216,2949176,1.635,0,0,0,0.003859000
295,296,3,bfs,fast,manhattan,gcompare,201,0,0,ok,21,-1,199413,74713,104015,0,21826,95398,5242976,1.654,0,0,0,0.007255000
296,297,3,bfs,fast,manhattan,gcompare,201,0,0,ok,25,-1,412741,154377,244609,0,25133,168132,9240744,1.639,0,0,0,0.015432000
297,298,3,bfs,fast,manhattan,gcompare,201,0,0,ok,21,-1,185751,69075,95215,0,21826,90536,5242976,1.643,0,0,0,0.007074000
298,299,3,bfs,fast,manhattan,gcompare,201,0,0,ok,17,-1,48138,17942,21831,0,8369,26307,1703968,1.543,0,0,0,0.001683000
299,300,3,bfs,fast,manhattan,gcompare,201,0,0,ok,27,-1,458698,171147,280270,0,25133,178428,9568432,1.592,0,0,0,0.016677000
300,301,3,bfs,fast,manhattan,gcompare,201,0,0,ok,19,-1,87110,31946,40869,0,14296,46241,2621488,1.572,0,0,0,0.003116000
301,302,3,bfs,fast,manhattan,gcompare,201,0,0,ok,19,-1,93666,34639,44536,0,14492,49130,2621488,1.603,0,0,0,0.003345000
302,303,3,bfs,fast,manhattan,gcompare,201,0,0,ok,21,-1,177021,65441,89900,0,21826,87121,4915288,1.642,0,0,0,0.006481000
303,304,3,bfs,fast,manhattan,gcompare,201,0,0,ok,27,-1,469970,176100,290030,0,25134,179940,9568432,1.580,0,0,0,0.016871000
304,305,3,bfs,fast,manhattan,gcompare,201,0,0,ok,23,-1,313812,117395,175824,0,25133,137988,7929992,1.664,0,0,0,0.012073000
305,306,3,bfs,fast,manhattan,gcompare,201,0,0,ok,23,-1,276632,101861,150135,0,25133,126497,6553728,1.679,0,0,0,0.009937000
306,307,3,bfs,fast,manhattan,gcompare,201,0,0,ok,19,-1,89422,32858,42033,0,14531,47389,2621488,1.588,0,0,0,0.003175000
307,308,3,bfs,fast,manhattan,gcompare,201,0,0,ok,23,-1,307288,114671,171072,0,25133,136216,7929992,1.673,0,0,0,0.011761000
308,309,3,bfs,fast,manhattan,gcompare,201,0,0,ok,19,-1,103614,38668,50161,0,14802,53453,2949176,1.616,0,0,0,0.003610000
309,310,3,bfs,fast,manhattan,gcompare,201,0,0,ok,21,-1,168295,61874,84653,0,21811,83642,4915288,1.642,0,0,0,0.006527000
310,311,3,bfs,fast,manhattan,gcompare,201,0,0,ok,23,-1,273660,100634,148097,0,25133,125563,6553728,1.683,0,0,0,0.010253000
311,312,3,bfs,fast,manhattan,gcompare,201,0,0,ok,25,-1,400975,149372,235519,0,25133,165456,9240744,1.649,0,0,0,0.015341000
312,313,3,bfs,fast,manhattan,gcompare,201,0,0,ok,19,-1,104086,38921,50479,0,14689,53607,2949176,1.622,0,0,0,0.003637000
313,314,3,bfs,fast,manhattan,gcompare,201,0,0,ok,17,-1,42394,15602,18767,0,8025,23627,1310744,1.526,0,0,0,0.001490000
314,315,3,bfs,fast,manhattan,gcompare,201,0,0,ok,23,-1,315748,118210,177167,0,25136,138581,7929992,1.663,0,0,0,0.012261000
315,316,3,bfs,fast,manhattan,gcompare,201,0,0,ok,27,-1,470190,176099,290111,0,25136,180079,9568432,1.585,0,0,0,0.016785000
316,317,3,bfs,fast,manhattan,gcompare,201,0,0,ok,19,-1,85276,31173,39751,0,14356,45525,2621488,1.580,0,0,0,0.003033000
317,318,3,bfs,fast,manhattan,gcompare,201,0,0,ok,21,-1,180205,66766,91816,0,21826,88389,4915288,1.643,0,0,0,0.006609000
318,319,3,bfs,fast,manhattan,gcompare,201,0,0,ok,17,-1,51146,19171,23437,0,8540,27709,1703968,1.553,0,0,0,0.001742000
319,320,3,bfs,fast,manhattan,gcompare,201,0,0,ok,17,-1,35354,12761,15239,0,7355,20115,1310744,1.496,0,0,0,0.001221000
320,321,3,bfs,fast,manhattan,gcompare,201,0,0,ok,25,-1,385027,142602,223578,0,25133,161449,8913056,1.645,0,0,0,0.014474000
321,322,3,bfs,fast,manhattan,gcompare,201,0,0,ok,23,-1,285428,105527,156139,0,25133,129289,6553728,1.682,0,0,0,0.010260000
322,323,3,bfs,fast,manhattan,gcompare,201,0,0,ok,23,-1,273702,100653,148123,0,25133,125579,6553728,1.678,0,0,0,0.009837000
323,324,3,bfs,fast,manhattan,gcompare,201,0,0,ok,23,-1,327172,123024,185586,0,25133,141586,8257680,1.660,0,0,0,0.012440000
324,325,3,bfs,fast,manhattan,gcompare,201,0,0,ok,19,-1,109316,41032,53512,0,14804,55804,2949176,1.634,0,0,0,0.003877000
325,326,3,bfs,fast,manhattan,gcompare,201,0,0,ok,23,-1,281806,104032,153452,0,25136,128354,6553728,1.681,0,0,0,0.010018000
326,327,3,bfs,fast,manhattan,gcompare,201,0,0,ok,21,-1,165057,60526,82728,0,21826,82329,4915288,1.647,0,0,0,0.006098000
327,328,3,bfs,fast,manhattan,gcompare,201,0,0,ok,21,-1,179769,66587,91567,0,21826,88202,4915288,1.646,0,0,0,0.006614000
328,329,3,bfs,fast,manhattan,gcompare,201,0,0,ok,21,-1,183407,68085,93868,0,21830,89539,4915288,1.647,0,0,0,0.006697000
329,330,3,bfs,fast,manhattan,gcompare,201,0,0,ok,23,-1,323386,121422,182787,0,25136,140599,8257680,1.658,0,0,0,0.012514000
330,331,3,bfs,fast,manhattan,gcompare,201,0,0,ok,19,-1,93526,34581,44459,0,14488,49067,2621488,1.598,0,0,0,0.003406000
331,332,3,bfs,fast,manhattan,gcompare,201,0,0,ok,23,-1,328398,123550,186499,0,25133,141899,8257680,1.653,0,0,0,0.012937000
332,333,3,bfs,fast,manhattan,gcompare,201,0,0,ok,13,-1,6769,2479,2784,0,1507,3985,376840,1.219,0,0,0,0.000188000
333,334,3,bfs,fast,manhattan,gcompare,201,0,0,ok,23,-1,323598,121547,182961,0,25134,140637,8257680,1.659,0,0,0,0.013105000
334,335,3,bfs,fast,manhattan,gcompare,201,0,0,ok,25,-1,406791,151771,239968,0,25133,166823,9240744,1.644,0,0,0,0.015347000
335,336,3,bfs,fast,manhattan,gcompare,201,0,0,ok,19,-1,89942,33073,42312,0,14563,47630,2621488,1.582,0,0,0,0.003399000
336,337,3,bfs,fast,manhattan,gcompare,201,0,0,ok,17,-1,44190,16332,19721,0,8137,24469,1310744,1.522,0,0,0,0.001557000
337,338,3,bfs,fast,manhattan,gcompare,201,0,0,ok,23,-1,295046,109533,162537,0,25133,132509,7929992,1.676,0,0,0,0.012072000
338,339,3,bfs,fast,manhattan,gcompare,201,0,0,ok,21,-1,197551,73944,102788,0,21826,94763,5242976,1.658,0,0,0,0.007557000
339,340,3,bfs,fast,manhattan,gcompare,201,0,0,ok,25,-1,425379,159719,254856,0,25133,170523,9240744,1.622,0,0,0,0.016492000
340,341,3,bfs,fast,manhattan,gcompare,201,0,0,ok,25,-1,406031,151512,239391,0,25133,166640,9240744,1.644,0,0,0,0.015495000
341,342,3,bfs,fast,manhattan,gcompare,201,0,0,ok,23,-1,288644,106882,158292,0,25134,130352,6553728,1.678,0,0,0,0.010819000
342,343,3,bfs,fast,manhattan,gcompare,201,0,0,ok,25,-1,403127,150233,237157,0,25136,165970,9240744,1.649,0,0,0,0.015851000
343,344,3,bfs,fast,manhattan,gcompare,201,0,0,ok,21,-1,201851,75681,105764,0,21830,96087,5242976,1.652,0,0,0,0.007825000
344,345,3,bfs,fast,manhattan,gcompare,201,0,0,ok,25,-1,407865,152218,240811,0,25136,167054,9240744,1.643,0,0,0,0.015196000
345,346,3,bfs,fast,manhattan,gcompare,201,0,0,ok,27,-1,466718,174633,287159,0,25134,179559,9568432,1.582,0,0,0,0.016642000
346,347,3,bfs,fast,manhattan,gcompare,201,0,0,ok,19,-1,82970,30236,38504,0,14243,44466,2621488,1.578,0,0,0,0.002995000
347,348,3,bfs,fast,manhattan,gcompare,201,0,0,ok,23,-1,270724,99405,146236,0,25134,124488,6553728,1.679,0,0,0,0.010060000
348,349,3,bfs,fast,manhattan,gcompare,201,0,0,ok,23,-1,312242,116796,174778,0,25134,137464,7929992,1.668,0,0,0,0.012496000
349,350,3,bfs,fast,manhattan,gcompare,201,0,0,ok,19,-1,112468,42347,55411,0,14756,57057,2949176,1.648,0,0,0,0.004172000
350,351,3,bfs,fast,manhattan,gcompare,201,0,0,ok,25,-1,426517,160198,255832,0,25133,170685,9240744,1.625,0,0,0,0.016097000
351,352,3,bfs,fast,manhattan,gcompare,201,0,0,ok,19,-1,85270,31173,39750,0,14348,45520,2621488,1.580,0,0,0,0.003095000
352,353,3,bfs,fast,manhattan,gcompare,201,0,0,ok,21,-1,165915,60872,83241,0,21826,82674,4915288,1.647,0,0,0,0.006337000
353,354,3,bfs,fast,manhattan,gcompare,201,0,0,ok,23,-1,289662,107285,158807,0,25136,130855,6553728,1.676,0,0,0,0.010801000
354,355,3,bfs,fast,manhattan,gcompare,201,0,0,ok,23,-1,326876,122916,185367,0,25133,141509,8257680,1.660,0,0,0,0.013157000
355,356,3,bfs,fast,manhattan,gcompare,201,0,0,ok,25,-1,395739,147124,231539,0,25133,164200,9240744,1.644,0,0,0,0.014835000
356,357,3,bfs,fast,manhattan,gcompare,201,0,0,ok,21,-1,192701,71904,99811,0,21830,92890,5242976,1.646,0,0,0,0.007123000
357,358,3,bfs,fast,manhattan,gcompare,201,0,0,ok,23,-1,289404,107204,158806,0,25134,130598,6553728,1.682,0,0,0,0.010398000
358,359,3,bfs,fast,manhattan,gcompare,201,0,0,ok,21,-1,202967,76164,106357,0,21826,96610,5242976,1.659,0,0,0,0.007533000
359,360,3,bfs,fast,manhattan,gcompare,201,0,0,ok,21,-1,202121,75809,105789,0,21826,96332,5242976,1.656,0,0,0,0.007614000
360,361,3,bfs,fast,manhattan,gcompare,201,0,0,ok,17,-1,49230,18407,22368,0,8456,26862,1703968,1.557,0,0,0,0.001750000
361,362,3,bfs,fast,manhattan,gcompare,201,0,0,ok,25,-1,405505,151296,239000,0,25134,166505,9240744,1.645,0,0,0,0.015312000
362,363,3,bfs,fast,manhattan,gcompare,201,0,0,ok,21,-1,161683,59144,80768,0,21784,80915,4587600,1.640,0,0,0,0.006107000
363,364,3,bfs,fast,manhattan,gcompare,201,0,0,ok,21,-1,207019,77837,109142,0,21811,97877,5242976,1.658,0,0,0,0.007528000
364,365,3,bfs,fast,manhattan,gcompare,201,0,0,ok,25,-1,428373,160990,257411,0,25133,170962,9240744,1.620,0,0,0,0.016131000
365,366,3,bfs,fast,manhattan,gcompare,201,0,0,ok,19,-1,108682,40774,53140,0,14834,55542,2949176,1.640,0,0,0,0.004014000
366,367,3,bfs,fast,manhattan,gcompare,201,0,0,ok,23,-1,281590,103918,153486,0,25133,128104,6553728,1.678,0,0,0,0.010498000
367,368,3,bfs,fast,manhattan,gcompare,201,0,0,ok,21,-1,180791,67011,92178,0,21826,88613,4915288,1.648,0,0,0,0.006906000
368,369,3,bfs,fast,manhattan,gcompare,201,0,0,ok,19,-1,80062,29048,37000,0,14015,43062,2621488,1.574,0,0,0,0.002969000
369,370,3,bfs,fast,manhattan,gcompare,201,0,0,ok,27,-1,467090,174750,287375,0,25133,179715,9568432,1.584,0,0,0,0.016697000
370,371,3,bfs,fast,manhattan,gcompare,201,0,0,ok,19,-1,97658,36227,46677,0,14765,50981,2949176,1.604,0,0,0,0.003461000
371,372,3,bfs,fast,manhattan,gcompare,201,0,0,ok,19,-1,103070,38504,49902,0,14681,53168,2949176,1.627,0,0,0,0.003690000
372,373,3,bfs,fast,manhattan,gcompare,201,0,0,ok,25,-1,385295,142696,223775,0,25136,161520,8913056,1.645,0,0,0,0.014400000
373,374,3,bfs,fast,manhattan,gcompare,201,0,0,ok,21,-1,180053,66704,91729,0,21826,88324,4915288,1.647,0,0,0,0.006680000
374,375,3,bfs,fast,manhattan,gcompare,201,0,0,ok,21,-1,209085,78699,110520,0,21830,98565,5570664,1.661,0,0,0,0.007722000
375,376,3,bfs,fast,manhattan,gcompare,201,0,0,ok,21,-1,171547,63219,86617,0,21830,84930,4915288,1.648,0,0,0,0.006492000
376,377,3,bfs,fast,manhattan,gcompare,201,0,0,ok,27,-1,458706,171151,280278,0,25133,178428,9568432,1.589,0,0,0,0.016695000
377,378,3,bfs,fast,manhattan,gcompare,201,0,0,ok,23,-1,307554,114845,171468,0,25134,136086,7929992,1.668,0,0,0,0.012278000
378,379,3,bfs,fast,manhattan,gcompare,201,0,0,ok,25,-1,410865,153494,243174,0,25133,167691,9240744,1.640,0,0,0,0.015240000
379,380,3,bfs,fast,manhattan,gcompare,201,0,0,ok,21,-1,182653,67793,93325,0,21826,89328,4915288,1.641,0,0,0,0.006841000
380,381,3,bfs,fast,manhattan,gcompare,201,0,0,ok,25,-1,411617,153813,243759,0,25133,167858,9240744,1.636,0,0,0,0.015629000
381,382,3,bfs,fast,manhattan,gcompare,201,0,0,ok,19,-1,104490,39030,50671,0,14802,53819,2949176,1.619,0,0,0,0.003828000
382,383,3,bfs,fast,manhattan,gcompare,201,0,0,ok,27,-1,462622,172843,283608,0,25133,179014,9568432,1.588,0,0,0,0.016829000
383,384,3,bfs,fast,manhattan,gcompare,201,0,0,ok,21,-1,177541,65672,90239,0,21811,87302,4915288,1.648,0,0,0,0.006851000
384,385,3,bfs,fast,manhattan,gcompare,201,0,0,ok,23,-1,324560,121943,183663,0,25133,140897,8257680,1.659,0,0,0,0.012863000
385,386,3,bfs,fast,manhattan,gcompare,201,0,0,ok,21,-1,204693,76856,107591,0,21811,97102,5242976,1.656,0,0,0,0.007728000
386,387,3,bfs,fast,manhattan,gcompare,201,0,0,ok,23,-1,270724,99405,146236,0,25134,124488,6553728,1.679,0,0,0,0.009781000
387,388,3,bfs,fast,manhattan,gcompare,201,0,0,ok,17,-1,41924,15443,18525,0,7957,23399,1310744,1.514,0,0,0,0.001454000
388,389,3,bfs,fast,manhattan,gcompare,201,0,0,ok,25,-1,422799,158621,252718,0,25133,170081,9240744,1.627,0,0,0,0.015818000
389,390,3,bfs,fast,manhattan,gcompare,201,0,0,ok,23,-1,292978,108670,161135,0,25133,131843,7929992,1.681,0,0,0,0.011714000
390,391,3,bfs,fast,manhattan,gcompare,201,0,0,ok,25,-1,384277,142296,223091,0,25134,161186,8913056,1.644,0,0,0,0.014619000
391,392,3,bfs,fast,manhattan,gcompare,201,0,0,ok,19,-1,112102,42194,55186,0,14756,56916,2949176,1.653,0,0,0,0.004020000
392,393,3,bfs,fast,manhattan,gcompare,201,0,0,ok,25,-1,423231,158795,253135,0,25133,170096,9240744,1.628,0,0,0,0.015340000
393,394,3,bfs,fast,manhattan,gcompare,201,0,0,ok,19,-1,92424,34086,43691,0,14657,48733,2621488,1.596,0,0,0,0.003282000
394,395,3,bfs,fast,manhattan,gcompare,201,0,0,ok,21,-1,161477,59067,80647,0,21799,80830,4587600,1.646,0,0,0,0.005989000
395,396,3,bfs,fast,manhattan,gcompare,201,0,0,ok,23,-1,327058,122989,185501,0,25134,141557,8257680,1.657,0,0,0,0.012375000
396,397,3,bfs,fast,manhattan,gcompare,201,0,0,ok,23,-1,295690,109802,162963,0,25133,132727,7929992,1.671,0,0,0,0.011664000
397,398,3,bfs,fast,manhattan,gcompare,201,0,0,ok,25,-1,389023,144254,226493,0,25136,162530,8913056,1.648,0,0,0,0.014929000
398,399,3,bfs,fast,manhattan,gcompare,201,0,0,ok,21,-1,203745,76491,106885,0,21826,96860,5242976,1.656,0,0,0,0.007557000
399,400,3,bfs,fast,manhattan,gcompare,201,0,0,ok,25,-1,403963,150651,237830,0,25133,166133,9240744,1.647,0,0,0,0.015381000
400,401,3,bfs,fast,manhattan,gcompare,201,0,0,ok,19,-1,91548,33727,43180,0,14643,48368,2621488,1.589,0,0,0,0.003412000
401,402,3,bfs,fast,manhattan,gcompare,201,0,0,ok,21,-1,170727,62891,86123,0,21811,84604,4915288,1.647,0,0,0,0.006619000
402,403,3,bfs,fast,manhattan,gcompare,201,0,0,ok,23,-1,310692,116166,173662,0,25133,137030,7929992,1.667,0,0,0,0.012417000
403,404,3,bfs,fast,manhattan,gcompare,201,0,0,ok,21,-1,162993,59675,81530,0,21790,81463,4587600,1.643,0,0,0,0.006329000
404,405,3,bfs,fast,manhattan,gcompare,201,0,0,ok,19,-1,110886,41684,54437,0,14834,56449,2949176,1.642,0,0,0,0.004011000
405,406,3,bfs,fast,manhattan,gcompare,201,0,0,ok,19,-1,93934,34751,44684,0,14501,49250,2949176,1.611,0,0,0,0.003491000
406,407,3,bfs,fast,manhattan,gcompare,201,0,0,ok,21,-1,175247,64719,88816,0,21826,86431,4915288,1.645,0,0,0,0.006758000
407,408,3,bfs,fast,manhattan,gcompare,201,0,0,ok,19,-1,106178,39731,51658,0,14804,54520,2949176,1.628,0,0,0,0.003828000
408,409,3,bfs,fast,manhattan,gcompare,201,0,0,ok,23,-1,271290,99636,146596,0,25134,124694,6553728,1.681,0,0,0,0.010086000
409,410,3,bfs,fast,manhattan,gcompare,201,0,0,ok,23,-1,300114,111704,166195,0,25134,133919,7929992,1.671,0,0,0,0.012079000
410,411,3,bfs,fast,manhattan,gcompare,201,0,0,ok,15,-1,20255,7549,8737,0,3970,11518,819216,1.412,0,0,0,0.000673000
411,412,3,bfs,fast,manhattan,gcompare,201,0,0,ok,13,-1,6725,2459,2757,0,1509,3968,376840,1.189,0,0,0,0.000180000
412,413,3,bfs,fast,manhattan,gcompare,201,0,0,ok,21,-1,171083,63035,86332,0,21830,84751,4915288,1.651,0,0,0,0.006402000
413,414,3,bfs,fast,manhattan,gcompare,201,0,0,ok,23,-1,326144,122609,184828,0,25134,141316,8257680,1.660,0,0,0,0.012440000
414,415,3,bfs,fast,manhattan,gcompare,201,0,0,ok,23,-1,271484,99734,146718,0,25133,124766,6553728,1.685,0,0,0,0.009862000
415,416,3,bfs,fast,manhattan,gcompare,201,0,0,ok,23,-1,274456,100961,148715,0,25133,125741,6553728,1.676,0,0,0,0.009884000
416,417,3,bfs,fast,manhattan,gcompare,201,0,0,ok,23,-1,316360,118471,177626,0,25136,138734,7929992,1.664,0,0,0,0.012117000
417,418,3,bfs,fast,manhattan,gcompare,201,0,0,ok,21,-1,165043,60520,82718,0,21826,82325,4915288,1.645,0,0,0,0.006144000
418,419,3,bfs,fast,manhattan,gcompare,201,0,0,ok,21,-1,187387,69733,96401,0,21830,90986,5242976,1.645,0,0,0,0.006872000
419,420,3,bfs,fast,manhattan,gcompare,201,0,0,ok,19,-1,91758,33847,43480,0,14440,48278,2621488,1.595,0,0,0,0.003233000
420,421,3,bfs,fast,manhattan,gcompare,201,0,0,ok,19,-1,91056,33561,43059,0,14440,47997,2621488,1.586,0,0,0,0.003230000
421,422,3,bfs,fast,manhattan,gcompare,201,0,0,ok,23,-1,288338,106728,157890,0,25133,130448,6553728,1.682,0,0,0,0.010422000
422,423,3,bfs,fast,manhattan,gcompare,201,0,0,ok,21,-1,205261,77114,107930,0,21826,97331,5242976,1.655,0,0,0,0.007492000
423,424,3,bfs,fast,manhattan,gcompare,201,0,0,ok,21,-1,173983,64211,88084,0,21830,85899,4915288,1.644,0,0,0,0.006453000
424,425,3,bfs,fast,manhattan,gcompare,201,0,0,ok,19,-1,88236,32407,41499,0,14336,46737,2621488,1.582,0,0,0,0.003117000
425,426,3,bfs,fast,manhattan,gcompare,201,0,0,ok,25,-1,401763,149703,236114,0,25134,165649,9240744,1.647,0,0,0,0.014864000
426,427,3,bfs,fast,manhattan,gcompare,201,0,0,ok,23,-1,326262,122657,184917,0,25133,141345,8257680,1.664,0,0,0,0.012523000
427,428,3,bfs,fast,manhattan,gcompare,201,0,0,ok,19,-1,87530,32090,41004,0,14436,46526,2621488,1.603,0,0,0,0.003146000
428,429,3,bfs,fast,manhattan,gcompare,201,0,0,ok,23,-1,328736,123691,186764,0,25136,141972,8257680,1.657,0,0,0,0.012462000
429,430,3,bfs,fast,manhattan,gcompare,201,0,0,ok,25,-1,403049,150202,237090,0,25136,165959,9240744,1.647,0,0,0,0.014957000
430,431,3,bfs,fast,manhattan,gcompare,201,0,0,ok,23,-1,326828,122879,185338,0,25133,141490,8257680,1.657,0,0,0,0.012975000
431,432,3,bfs,fast,manhattan,gcompare,201,0,0,ok,23,-1,290238,107532,159231,0,25133,131007,6553728,1.678,0,0,0,0.010847000
432,433,3,bfs,fast,manhattan,gcompare,201,0,0,ok,29,-1,482971,181129,301535,0,25134,181436,9896120,1.570,0,0,0,0.017073000
433,434,3,bfs,fast,manhattan,gcompare,201,0,0,ok,25,-1,426139,160046,255498,0,25133,170641,9240744,1.625,0,0,0,0.015590000
434,435,3,bfs,fast,manhattan,gcompare,201,0,0,ok,21,-1,162117,59322,81018,0,21811,81099,4587600,1.652,0,0,0,0.006099000
435,436,3,bfs,fast,manhattan,gcompare,201,0,0,ok,21,-1,161069,58894,80412,0,21799,80657,4587600,1.649,0,0,0,0.006060000
436,437,3,bfs,fast,manhattan,gcompare,201,0,0,ok,21,-1,203341,76319,106601,0,21826,96740,5242976,1.663,0,0,0,0.007494000
437,438,3,bfs,fast,manhattan,gcompare,201,0,0,ok,19,-1,95332,35329,45455,0,14549,49877,2949176,1.601,0,0,0,0.003404000
438,439,3,bfs,fast,manhattan,gcompare,201,0,0,ok,23,-1,292876,108641,161174,0,25134,131702,7929992,1.683,0,0,0,0.011513000
439,440,3,bfs,fast,manhattan,gcompare,201,0,0,ok,25,-1,386163,143079,224417,0,25133,161746,8913056,1.647,0,0,0,0.015757000
440,441,3,bfs,fast,manhattan,gcompare,201,0,0,ok,27,-1,463768,173335,284571,0,25133,179197,9568432,1.587,0,0,0,0.016463000
441,442,3,bfs,fast,manhattan,gcompare,201,0,0,ok,21,-1,179513,66485,91426,0,21826,88087,4915288,1.648,0,0,0,0.006982000
442,443,3,bfs,fast,manhattan,gcompare,201,0,0,ok,23,-1,300696,111909,166440,0,25133,134256,7929992,1.677,0,0,0,0.012337000
443,444,3,bfs,fast,manhattan,gcompare,201,0,0,ok,21,-1,200705,75234,104845,0,21826,95860,5242976,1.654,0,0,0,0.007607000
444,445,3,bfs,fast,manhattan,gcompare,201,0,0,ok,27,-1,458508,171074,280130,0,25136,178378,9568432,1.593,0,0,0,0.016255000
445,446,3,bfs,fast,manhattan,gcompare,201,0,0,ok,19,-1,89646,32985,42271,0,14392,47375,2621488,1.584,0,0,0,0.003301000
446,447,3,bfs,fast,manhattan,gcompare,201,0,0,ok,27,-1,472294,177109,292105,0,25134,180189,9568432,1.581,0,0,0,0.016576000
447,448,3,bfs,fast,manhattan,gcompare,201,0,0,ok,23,-1,305060,113736,169473,0,25136,135587,7929992,1.670,0,0,0,0.011821000
448,449,3,bfs,fast,manhattan,gcompare,201,0,0,ok,19,-1,79598,28860,36738,0,14000,42860,2621488,1.573,0,0,0,0.002915000
449,450,3,bfs,fast,manhattan,gcompare,201,0,0,ok,23,-1,279866,103196,152280,0,25134,127586,6553728,1.673,0,0,0,0.010038000
450,451,3,bfs,fast,manhattan,gcompare,201,0,0,ok,23,-1,279474,103059,151897,0,25136,127577,6553728,1.677,0,0,0,0.010162000
451,452,3,bfs,fast,manhattan,gcompare,201,0,0,ok,19,-1,99082,36809,47487,0,14790,51595,2949176,1.605,0,0,0,0.003503000
452,453,3,bfs,fast,manhattan,gcompare,201,0,0,ok,27,-1,469794,176026,289879,0,25133,179915,9568432,1.582,0,0,0,0.016233000
453,454,3,bfs,fast,manhattan,gcompare,201,0,0,ok,27,-1,475138,178312,294705,0,25136,180433,9896120,1.574,0,0,0,0.016662000
454,455,3,bfs,fast,manhattan,gcompare,201,0,0,ok,23,-1,306166,114189,170254,0,25136,135912,7929992,1.669,0,0,0,0.011767000
455,456,3,bfs,fast,manhattan,gcompare,201,0,0,ok,25,-1,417281,156236,248260,0,25133,169021,9240744,1.630,0,0,0,0.015400000
456,457,3,bfs,fast,manhattan,gcompare,201,0,0,ok,27,-1,472798,177243,292478,0,25136,180320,9896120,1.581,0,0,0,0.017384000
457,458,3,bfs,fast,manhattan,gcompare,201,0,0,ok,23,-1,289570,107275,158925,0,25134,130645,6553728,1.682,0,0,0,0.011007000
458,459,3,bfs,fast,manhattan,gcompare,201,0,0,ok,21,-1,197781,74039,102941,0,21826,94840,5242976,1.660,0,0,0,0.007588000
459,460,3,bfs,fast,manhattan,gcompare,201,0,0,ok,21,-1,208365,78403,110005,0,21826,98360,5570664,1.662,0,0,0,0.008019000
460,461,3,bfs,fast,manhattan,gcompare,201,0,0,ok,23,-1,303842,113273,168801,0,25133,135041,7929992,1.672,0,0,0,0.012240000
461,462,3,bfs,fast,manhattan,gcompare,201,0,0,ok,21,-1,190385,70980,98083,0,21826,92302,5242976,1.651,0,0,0,0.007412000
462,463,3,bfs,fast,manhattan,gcompare,201,0,0,ok,23,-1,314466,117666,176294,0,25133,138172,7929992,1.666,0,0,0,0.012474000
463,464,3,bfs,fast,manhattan,gcompare,201,0,0,ok,19,-1,94886,35094,45081,0,14713,49805,2949176,1.586,0,0,0,0.003553000
464,465,3,bfs,fast,manhattan,gcompare,201,0,0,ok,17,-1,47886,17837,21696,0,8354,26190,1703968,1.529,0,0,0,0.001675000
465,466,3,bfs,fast,manhattan,gcompare,201,0,0,ok,23,-1,311996,116695,174590,0,25134,137406,7929992,1.665,0,0,0,0.012448000
466,467,3,bfs,fast,manhattan,gcompare,201,0,0,ok,21,-1,176587,65281,89674,0,21811,86913,4915288,1.648,0,0,0,0.006582000
467,468,3,bfs,fast,manhattan,gcompare,201,0,0,ok,25,-1,411571,153889,243710,0,25134,167861,9240744,1.635,0,0,0,0.015118000
468,469,3,bfs,fast,manhattan,gcompare,201,0,0,ok,23,-1,327862,123330,186106,0,25134,141756,8257680,1.661,0,0,0,0.012525000
469,470,3,bfs,fast,manhattan,gcompare,201,0,0,ok,21,-1,157267,57333,78200,0,21736,79067,4587600,1.654,0,0,0,0.006033000
470,471,3,bfs,fast,manhattan,gcompare,201,0,0,ok,23,-1,328012,123388,186224,0,25133,141788,8257680,1.659,0,0,0,0.012564000
471,472,3,bfs,fast,manhattan,gcompare,201,0,0,ok,23,-1,315756,118214,177174,0,25136,138582,7929992,1.661,0,0,0,0.011994000
472,473,3,bfs,fast,manhattan,gcompare,201,0,0,ok,25,-1,413421,154603,245185,0,25136,168236,9240744,1.637,0,0,0,0.015151000
473,474,3,bfs,fast,manhattan,gcompare,201,0,0,ok,23,-1,320788,120324,180915,0,25133,139873,8257680,1.664,0,0,0,0.012156000
474,475,3,bfs,fast,manhattan,gcompare,201,0,0,ok,25,-1,396791,147566,232343,0,25136,164448,9240744,1.647,0,0,0,0.015006000
475,476,3,bfs,fast,manhattan,gcompare,201,0,0,ok,25,-1,411331,153783,243513,0,25133,167818,9240744,1.636,0,0,0,0.015574000
476,477,3,bfs,fast,manhattan,gcompare,201,0,0,ok,25,-1,408283,152393,241138,0,25136,167145,9240744,1.642,0,0,0,0.015267000
477,478,3,bfs,fast,manhattan,gcompare,201,0,0,ok,21,-1,182215,67606,93056,0,21826,89159,4915288,1.650,0,0,0,0.007028000
478,479,3,bfs,fast,manhattan,gcompare,201,0,0,ok,19,-1,81192,29512,37609,0,14077,43583,2621488,1.580,0,0,0,0.003073000
479,480,3,bfs,fast,manhattan,gcompare,201,0,0,ok,23,-1,273908,100743,148249,0,25133,125659,6553728,1.681,0,0,0,0.010235000
480,481,3,bfs,fast,manhattan,gcompare,201,0,0,ok,17,-1,36192,13100,15637,0,7455,20555,1310744,1.502,0,0,0,0.001293000
481,482,3,bfs,fast,manhattan,gcompare,201,0,0,ok,19,-1,100198,37340,48228,0,14637,51970,2949176,1.612,0,0,0,0.003657000
482,483,3,bfs,fast,manhattan,gcompare,201,0,0,ok,27,-1,460580,171967,281859,0,25134,178721,9568432,1.589,0,0,0,0.017014000
483,484,3,bfs,fast,manhattan,gcompare,201,0,0,ok,25,-1,398849,148486,233931,0,25134,164918,9240744,1.645,0,0,0,0.015332000
484,485,3,bfs,fast,manhattan,gcompare,201,0,0,ok,25,-1,415791,155662,247039,0,25133,168752,9240744,1.637,0,0,0,0.015716000
485,486,3,bfs,fast,manhattan,gcompare,201,0,0,ok,21,-1,172451,63555,87122,0,21826,85329,4915288,1.645,0,0,0,0.006458000
486,487,3,bfs,fast,manhattan,gcompare,201,0,0,ok,21,-1,158933,58019,79157,0,21765,79776,4587600,1.651,0,0,0,0.005931000
487,488,3,bfs,fast,manhattan,gcompare,201,0,0,ok,19,-1,95218,35280,45390,0,14549,49828,2949176,1.606,0,0,0,0.003382000
488,489,3,bfs,fast,manhattan,gcompare,201,0,0,ok,23,-1,287122,106222,157029,0,25133,130093,6553728,1.681,0,0,0,0.010217000
489,490,3,bfs,fast,manhattan,gcompare,201,0,0,ok,21,-1,208567,78484,110153,0,21826,98414,5570664,1.660,0,0,0,0.007589000
490,491,3,bfs,fast,manhattan,gcompare,201,0,0,ok,17,-1,35426,12790,15277,0,7360,20149,1310744,1.508,0,0,0,0.001229000
491,492,3,bfs,fast,manhattan,gcompare,201,0,0,ok,23,-1,281142,103746,153010,0,25133,128132,6553728,1.677,0,0,0,0.010010000
492,493,3,bfs,fast,manhattan,gcompare,201,0,0,ok,21,-1,196779,73577,102464,0,21811,94315,5242976,1.653,0,0,0,0.007203000
493,494,3,bfs,fast,manhattan,gcompare,201,0,0,ok,23,-1,320510,120209,180720,0,25133,139790,8257680,1.664,0,0,0,0.012223000
494,495,3,bfs,fast,manhattan,gcompare,201,0,0,ok,17,-1,52664,19798,24281,0,8586,28383,1703968,1.575,0,0,0,0.001832000
495,496,3,bfs,fast,manhattan,gcompare,201,0,0,ok,25,-1,412829,154354,244711,0,25136,168118,9240744,1.640,0,0,0,0.015471000
496,497,3,bfs,fast,manhattan,gcompare,201,0,0,ok,23,-1,307248,114713,171248,0,25134,136000,7929992,1.672,0,0,0,0.012279000
497,498,3,bfs,fast,manhattan,gcompare,201,0,0,ok,23,-1,314876,117879,176653,0,25133,138223,7929992,1.667,0,0,0,0.012603000
498,499,3,bfs,fast,manhattan,gcompare,201,0,0,ok,17,-1,51410,19282,23588,0,8540,27822,1703968,1.568,0,0,0,0.001810000
499,500,3,bfs,fast,manhattan,gcompare,201,0,0,ok,21,-1,192953,72036,99777,0,21826,93176,5242976,1.650,0,0,0,0.007357000
0,1,3,astar,fast,manhattan,gcompare,200,0,0,ok,22,-1,1737,646,709,26,382,1028,368648,0.585,0,0,0,0.000094000
1,2,3,astar,fast,manhattan,gcompare,200,0,0,ok,22,-1,1383,513,553,8,317,830,368648,0.539,0,0,0,0.000063000
2,3,3,astar,fast,manhattan,gcompare,200,0,0,ok,20,-1,505,188,191,0,126,314,368648,0.456,0,0,0,0.000021000
3,4,3,astar,fast,manhattan,gcompare,200,0,0,ok,22,-1,809,304,321,6,184,488,368648,0.486,0,0,0,0.000033000
4,5,3,astar,fast,manhattan,gcompare,200,0,0,ok,24,-1,508,193,206,7,109,302,368648,0.493,0,0,0,0.000021000
5,6,3,astar,fast,manhattan,gcompare,200,0,0,ok,22,-1,2021,752,834,31,435,1187,368648,0.626,0,0,0,0.000090000
6,7,3,astar,fast,manhattan,gcompare,200,0,0,ok,20,-1,853,313,336,7,204,517,368648,0.469,0,0,0,0.000035000
7,8,3,astar,fast,manhattan,gcompare,200,0,0,ok,22,-1,1139,425,457,10,257,682,368648,0.552,0,0,0,0.000048000
8,9,3,astar,fast,manhattan,gcompare,200,0,0,ok,20,-1,1225,459,485,3,281,740,368648,0.538,0,0,0,0.000051000
9,10,3,astar,fast,manhattan,gcompare,200,0,0,ok,28,-1,13951,5240,6041,193,2670,7910,425992,1.360,0,0,0,0.000885000
10,11,3,astar,fast,manhattan,gcompare,200,0,0,ok,20,-1,1588,590,637,4,361,951,368648,0.612,0,0,0,0.000078000
11,12,3,astar,fast,manhattan,gcompare,200,0,0,ok,22,-1,1333,497,528,12,308,805,368648,0.539,0,0,0,0.000060000
12,13,3,astar,fast,manhattan,gcompare,200,0,0,ok,20,-1,776,287,301,5,188,475,368648,0.453,0,0,0,0.000032000
13,14,3,astar,fast,manhattan,gcompare,200,0,0,ok,20,-1,836,310,330,3,196,506,368648,0.505,0,0,0,0.000037000
14,15,3,astar,fast,manhattan,gcompare,200,0,0,ok,24,-1,1922,722,786,27,414,1136,368648,0.598,0,0,0,0.000088000
15,16,3,astar,fast,manhattan,gcompare,200,0,0,ok,24,-1,2312,860,934,15,518,1378,368648,0.648,0,0,0,0.000104000
16,17,3,astar,fast,manhattan,gcompare,200,0,0,ok,22,-1,604,226,234,4,144,370,368648,0.471,0,0,0,0.000024000
17,18,3,astar,fast,manhattan,gcompare,200,0,0,ok,20,-1,348,132,136,1,80,212,368648,0.441,0,0,0,0.000013000
18,19,3,astar,fast,manhattan,gcompare,200,0,0,ok,20,-1,1108,412,472,17,224,636,368648,0.544,0,0,0,0.000047000
19,20,3,astar,fast,manhattan,gcompare,200,0,0,ok,24,-1,2361,882,971,24,508,1390,368648,0.665,0,0,0,0.000104000
20,21,3,astar,fast,manhattan,gcompare,200,0,0,ok,22,-1,2589,967,1083,29,539,1506,368648,0.702,0,0,0,0.000116000
21,22,3,astar,fast,manhattan,gcompare,200,0,0,ok,20,-1,267,99,101,1,67,166,368648,0.410,0,0,0,0.000010000
22,23,3,astar,fast,manhattan,gcompare,200,0,0,ok,24,-1,2499,929,1024,36,546,1475,368648,0.646,0,0,0,0.000111000
23,24,3,astar,fast,manhattan,gcompare,200,0,0,ok,16,-1,259,92,95,1,72,164,368648,0.391,0,0,0,0.000009000
24,25,3,astar,fast,manhattan,gcompare,200,0,0,ok,28,-1,6152,2326,2582,74,1244,3570,376840,1.068,0,0,0,0.000329000
25,26,3,astar,fast,manhattan,gcompare,200,0,0,ok,20,-1,1130,419,458,14,253,672,368648,0.547,0,0,0,0.000049000
26,27,3,astar,fast,manhattan,gcompare,200,0,0,ok,20,-1,599,221,235,5,143,364,368648,0.438,0,0,0,0.000023000
27,28,3,astar,fast,manhattan,gcompare,200,0,0,ok,16,-1,172,61,60,0,51,112,368648,0.374,0,0,0,0.000006000
28,29,3,astar,fast,manhattan,gcompare,200,0,0,ok,20,-1,163,60,61,1,42,102,368648,0.377,0,0,0,0.000006000
29,30,3,astar,fast,manhattan,gcompare,200,0,0,ok,20,-1,603,223,230,1,150,373,368648,0.440,0,0,0,0.000023000
30,31,3,astar,fast,manhattan,gcompare,200,0,0,ok,24,-1,667,250,266,6,151,401,368648,0.468,0,0,0,0.000026000
31,32,3,astar,fast,manhattan,gcompare,200,0,0,ok,20,-1,611,228,238,1,145,373,368648,0.452,0,0,0,0.000023000
32,33,3,astar,fast,manhattan,gcompare,200,0,0,ok,28,-1,8899,3357,3732,116,1810,5167,409608,1.163,0,0,0,0.000508000
33,34,3,astar,fast,manhattan,gcompare,200,0,0,ok,26,-1,4696,1771,1941,47,984,2755,368648,0.927,0,0,0,0.000240000
34,35,3,astar,fast,manhattan,gcompare,200,0,0,ok,28,-1,14537,5459,6247,189,2831,8290,819216,1.373,0,0,0,0.000934000
35,36,3,astar,fast,manhattan,gcompare,200,0,0,ok,22,-1,2253,846,922,17,485,1331,368648,0.650,0,0,0,0.000106000
36,37,3,astar,fast,manhattan,gcompare,200,0,0,ok,20,-1,635,235,246,5,154,389,368648,0.451,0,0,0,0.000026000
37,38,3,astar,fast,manhattan,gcompare,200,0,0,ok,22,-1,720,269,286,6,165,434,368648,0.463,0,0,0,0.000029000
38,39,3,astar,fast,manhattan,gcompare,200,0,0,ok,24,-1,1449,539,574,12,336,875,368648,0.552,0,0,0,0.000064000
39,40,3,astar,fast,manhattan,gcompare,200,0,0,ok,18,-1,388,143,153,3,92,235,368648,0.429,0,0,0,0.000016000
40,41,3,astar,fast,manhattan,gcompare,200,0,0,ok,22,-1,1779,659,714,12,406,1065,368648,0.611,0,0,0,0.000077000
41,42,3,astar,fast,manhattan,gcompare,200,0,0,ok,24,-1,4723,1766,1991,55,966,2732,368648,0.931,0,0,0,0.000234000
42,43,3,astar,fast,manhattan,gcompare,200,0,0,ok,22,-1,1257,467,504,15,286,753,368648,0.530,0,0,0,0.000052000
43,44,3,astar,fast,manhattan,gcompare,200,0,0,ok,28,-1,13770,5162,5972,232,2636,7798,425992,1.369,0,0,0,0.000825000
44,45,3,astar,fast,manhattan,gcompare,200,0,0,ok,20,-1,147,55,54,0,38,93,368648,0.404,0,0,0,0.000005000
45,46,3,astar,fast,manhattan,gcompare,200,0,0,ok,22,-1,1119,416,451,14,252,668,368648,0.516,0,0,0,0.000061000
46,47,3,astar,fast,manhattan,gcompare,200,0,0,ok,18,-1,239,88,91,2,60,148,368648,0.420,0,0,0,0.000009000
47,48,3,astar,fast,manhattan,gcompare,200,0,0,ok,18,-1,559,206,216,3,137,343,368648,0.453,0,0,0,0.000023000
48,49,3,astar,fast,manhattan,gcompare,200,0,0,ok,26,-1,2250,846,919,26,485,1331,368648,0.660,0,0,0,0.000103000
49,50,3,astar,fast,manhattan,gcompare,200,0,0,ok,26,-1,2904,1101,1208,40,595,1696,368648,0.713,0,0,0,0.000134000
50,51,3,astar,fast,manhattan,gcompare,200,0,0,ok,18,-1,369,137,149,3,83,220,368648,0.440,0,0,0,0.000013000
51,52,3,astar,fast,manhattan,gcompare,200,0,0,ok,20,-1,374,140,142,0,92,232,368648,0.418,0,0,0,0.000014000
52,53,3,astar,fast,manhattan,gcompare,200,0,0,ok,24,-1,3236,1211,1331,29,694,1905,368648,0.755,0,0,0,0.000152000
53,54,3,astar,fast,manhattan,gcompare,200,0,0,ok,20,-1,674,251,274,10,149,400,368648,0.468,0,0,0,0.000029000
54,55,3,astar,fast,manhattan,gcompare,200,0,0,ok,18,-1,885,326,349,3,210,536,368648,0.541,0,0,0,0.000037000
55,56,3,astar,fast,manhattan,gcompare,200,0,0,ok,18,-1,380,139,143,1,98,237,368648,0.409,0,0,0,0.000016000
56,57,3,astar,fast,manhattan,gcompare,200,0,0,ok,24,-1,2553,956,1045,19,552,1508,368648,0.668,0,0,0,0.000117000
57,58,3,astar,fast,manhattan,gcompare,200,0,0,ok,26,-1,5325,2001,2239,89,1085,3086,376840,0.948,0,0,0,0.000283000
58,59,3,astar,fast,manhattan,gcompare,200,0,0,ok,20,-1,901,333,362,8,206,539,368648,0.521,0,0,0,0.000037000
59,60,3,astar,fast,manhattan,gcompare,200,0,0,ok,22,-1,2417,898,980,15,539,1437,368648,0.712,0,0,0,0.000111000
60,61,3,astar,fast,manhattan,gcompare,200,0,0,ok,20,-1,432,160,166,2,106,266,368648,0.427,0,0,0,0.000016000
61,62,3,astar,fast,manhattan,gcompare,200,0,0,ok,20,-1,1070,399,431,10,240,639,368648,0.537,0,0,0,0.000043000
62,63,3,astar,fast,manhattan,gcompare,200,0,0,ok,26,-1,2479,931,1008,34,540,1471,368648,0.693,0,0,0,0.000109000
63,64,3,astar,fast,manhattan,gcompare,200,0,0,ok,24,-1,2606,974,1081,30,551,1525,368648,0.711,0,0,0,0.000116000
64,65,3,astar,fast,manhattan,gcompare,200,0,0,ok,20,-1,582,217,223,2,142,359,368648,0.451,0,0,0,0.000022000
65,66,3,astar,fast,manhattan,gcompare,200,0,0,ok,20,-1,1034,385,418,8,231,616,368648,0.516,0,0,0,0.000043000
66,67,3,astar,fast,manhattan,gcompare,200,0,0,ok,18,-1,1096,407,451,6,238,645,368648,0.528,0,0,0,0.000044000
67,68,3,astar,fast,manhattan,gcompare,200,0,0,ok,26,-1,3358,1261,1380,38,717,1978,368648,0.757,0,0,0,0.000156000
68,69,3,astar,fast,manhattan,gcompare,200,0,0,ok,22,-1,842,316,337,8,189,505,368648,0.537,0,0,0,0.000034000
69,70,3,astar,fast,manhattan,gcompare,200,0,0,ok,26,-1,3337,1255,1379,46,703,1958,368648,0.760,0,0,0,0.000155000
70,71,3,astar,fast,manhattan,gcompare,200,0,0,ok,22,-1,2894,1082,1194,22,618,1700,368648,0.730,0,0,0,0.000132000
71,72,3,astar,fast,manhattan,gcompare,200,0,0,ok,20,-1,825,305,330,6,190,495,368648,0.488,0,0,0,0.000033000
72,73,3,astar,fast,manhattan,gcompare,200,0,0,ok,12,-1,38,13,12,0,13,26,368648,0.324,0,0,0,0.000002000
73,74,3,astar,fast,manhattan,gcompare,200,0,0,ok,20,-1,982,366,401,15,215,581,368648,0.516,0,0,0,0.000039000
74,75,3,astar,fast,manhattan,gcompare,200,0,0,ok,16,-1,236,86,87,1,63,149,368648,0.387,0,0,0,0.000009000
75,76,3,astar,fast,manhattan,gcompare,200,0,0,ok,26,-1,2722,1035,1136,36,551,1586,368648,0.688,0,0,0,0.000122000
76,77,3,astar,fast,manhattan,gcompare,200,0,0,ok,14,-1,201,72,73,0,56,128,368648,0.375,0,0,0,0.000007000
77,78,3,astar,fast,manhattan,gcompare,200,0,0,ok,24,-1,1239,466,500,11,273,739,368648,0.525,0,0,0,0.000050000
78,79,3,astar,fast,manhattan,gcompare,200,0,0,ok,22,-1,1413,531,569,13,313,844,368648,0.569,0,0,0,0.000058000
79,80,3,astar,fast,manhattan,gcompare,200,0,0,ok,26,-1,4393,1649,1836,56,908,2557,368648,0.898,0,0,0,0.000211000
80,81,3,astar,fast,manhattan,gcompare,200,0,0,ok,24,-1,4071,1521,1682,43,868,2389,368648,0.852,0,0,0,0.000193000
81,82,3,astar,fast,manhattan,gcompare,200,0,0,ok,16,-1,118,42,43,1,33,75,368648,0.368,0,0,0,0.000005000
82,83,3,astar,fast,manhattan,gcompare,200,0,0,ok,24,-1,2208,830,884,15,494,1324,368648,0.641,0,0,0,0.000099000
83,84,3,astar,fast,manhattan,gcompare,200,0,0,ok,20,-1,2592,961,1047,14,584,1545,368648,0.681,0,0,0,0.000114000
84,85,3,astar,fast,manhattan,gcompare,200,0,0,ok,24,-1,1794,671,718,16,405,1076,368648,0.589,0,0,0,0.000075000
85,86,3,astar,fast,manhattan,gcompare,200,0,0,ok,26,-1,6397,2406,2680,85,1311,3717,376840,1.107,0,0,0,0.000343000
86,87,3,astar,fast,manhattan,gcompare,200,0,0,ok,24,-1,5161,1935,2155,65,1071,3006,376840,0.953,0,0,0,0.000258000
87,88,3,astar,fast,manhattan,gcompare,200,0,0,ok,20,-1,889,331,350,8,208,539,368648,0.528,0,0,0,0.000037000
88,89,3,astar,fast,manhattan,gcompare,200,0,0,ok,22,-1,1918,709,771,20,438,1147,368648,0.596,0,0,0,0.000083000
89,90,3,astar,fast,manhattan,gcompare,200,0,0,ok,24,-1,2633,983,1063,19,587,1570,368648,0.674,0,0,0,0.000118000
90,91,3,astar,fast,manhattan,gcompare,200,0,0,ok,18,-1,398,146,155,1,97,243,368648,0.423,0,0,0,0.000014000
91,92,3,astar,fast,manhattan,gcompare,200,0,0,ok,24,-1,1582,591,624,14,367,958,368648,0.557,0,0,0,0.000066000
92,93,3,astar,fast,manhattan,gcompare,200,0,0,ok,26,-1,10216,3824,4408,166,1984,5808,409608,1.223,0,0,0,0.000586000
93,94,3,astar,fast,manhattan,gcompare,200,0,0,ok,22,-1,1640,613,666,10,361,974,368648,0.606,0,0,0,0.000073000
94,95,3,astar,fast,manhattan,gcompare,200,0,0,ok,26,-1,5174,1938,2158,62,1078,3016,376840,0.979,0,0,0,0.000263000
95,96,3,astar,fast,manhattan,gcompare,200,0,0,ok,24,-1,1807,682,742,18,383,1065,368648,0.616,0,0,0,0.000081000
96,97,3,astar,fast,manhattan,gcompare,200,0,0,ok,26,-1,4694,1766,1955,51,973,2739,368648,0.909,0,0,0,0.000229000
97,98,3,astar,fast,manhattan,gcompare,200,0,0,ok,20,-1,860,320,346,6,194,514,368648,0.499,0,0,0,0.000036000
98,99,3,astar,fast,manhattan,gcompare,200,0,0,ok,20,-1,424,156,159,2,109,265,368648,0.407,0,0,0,0.000015000
99,100,3,astar,fast,manhattan,gcompare,200,0,0,ok,24,-1,1365,517,552,13,296,813,368648,0.534,0,0,0,0.000055000
100,101,3,astar,fast,manhattan,gcompare,200,0,0,ok,16,-1,57,21,20,0,16,37,368648,0.357,0,0,0,0.000002000
101,102,3,astar,fast,manhattan,gcompare,200,0,0,ok,26,-1,6791,2547,2914,108,1330,3877,376840,1.116,0,0,0,0.000350000
102,103,3,astar,fast,manhattan,gcompare,200,0,0,ok,20,-1,688,259,272,2,157,416,368648,0.466,0,0,0,0.000028000
103,104,3,astar,fast,manhattan,gcompare,200,0,0,ok,20,-1,941,350,391,16,200,550,368648,0.528,0,0,0,0.000037000
104,105,3,astar,fast,manhattan,gcompare,200,0,0,ok,24,-1,3349,1244,1378,51,727,1971,368648,0.763,0,0,0,0.000161000
105,106,3,astar,fast,manhattan,gcompare,200,0,0,ok,22,-1,1121,420,456,9,245,665,368648,0.544,0,0,0,0.000046000
106,107,3,astar,fast,manhattan,gcompare,200,0,0,ok,14,-1,49,17,16,0,16,33,368648,0.333,0,0,0,0.000003000
107,108,3,astar,fast,manhattan,gcompare,200,0,0,ok,22,-1,702,264,271,4,167,431,368648,0.451,0,0,0,0.000026000
108,109,3,astar,fast,manhattan,gcompare,200,0,0,ok,24,-1,4223,1564,1728,40,931,2495,368648,0.876,0,0,0,0.000201000
109,110,3,astar,fast,manhattan,gcompare,200,0,0,ok,20,-1,946,351,377,4,218,569,368648,0.514,0,0,0,0.000038000
110,111,3,astar,fast,manhattan,gcompare,200,0,0,ok,26,-1,4777,1799,2004,65,974,2773,368648,0.924,0,0,0,0.000245000
111,112,3,astar,fast,manhattan,gcompare,200,0,0,ok,24,-1,2835,1064,1181,34,590,1654,368648,0.713,0,0,0,0.000140000
112,113,3,astar,fast,manhattan,gcompare,200,0,0,ok,18,-1,84,30,29,0,25,55,368648,0.373,0,0,0,0.000004000
113,114,3,astar,fast,manhattan,gcompare,200,0,0,ok,26,-1,4537,1694,1879,60,964,2658,368648,0.872,0,0,0,0.000218000
114,115,3,astar,fast,manhattan,gcompare,200,0,0,ok,22,-1,2262,846,947,28,469,1315,368648,0.643,0,0,0,0.000099000
115,116,3,astar,fast,manhattan,gcompare,200,0,0,ok,20,-1,471,176,186,4,109,285,368648,0.445,0,0,0,0.000017000
116,117,3,astar,fast,manhattan,gcompare,200,0,0,ok,22,-1,752,282,299,5,171,453,368648,0.486,0,0,0,0.000030000
117,118,3,astar,fast,manhattan,gcompare,200,0,0,ok,24,-1,1604,604,641,13,359,963,368648,0.566,0,0,0,0.000067000
118,119,3,astar,fast,manhattan,gcompare,200,0,0,ok,24,-1,2075,776,845,20,454,1230,368648,0.615,0,0,0,0.000088000
119,120,3,astar,fast,manhattan,gcompare,200,0,0,ok,22,-1,2402,897,968,13,537,1434,368648,0.680,0,0,0,0.000102000
120,121,3,astar,fast,manhattan,gcompare,200,0,0,ok,18,-1,565,210,214,2,141,351,368648,0.445,0,0,0,0.000021000
121,122,3,astar,fast,manhattan,gcompare,200,0,0,ok,16,-1,174,63,64,1,47,110,368648,0.393,0,0,0,0.000006000
122,123,3,astar,fast,manhattan,gcompare,200,0,0,ok,24,-1,4340,1619,1806,48,915,2534,368648,0.904,0,0,0,0.000205000
123,124,3,astar,fast,manhattan,gcompare,200,0,0,ok,22,-1,2985,1120,1238,32,627,1747,368648,0.746,0,0,0,0.000139000
124,125,3,astar,fast,manhattan,gcompare,200,0,0,ok,24,-1,1555,582,629,16,344,926,368648,0.564,0,0,0,0.000064000
125,126,3,astar,fast,manhattan,gcompare,200,0,0,ok,22,-1,1888,701,756,17,431,1132,368648,0.600,0,0,0,0.000080000
126,127,3,astar,fast,manhattan,gcompare,200,0,0,ok,22,-1,629,233,250,7,146,379,368648,0.460,0,0,0,0.000024000
127,128,3,astar,fast,manhattan,gcompare,200,0,0,ok,24,-1,1864,695,755,21,414,1109,368648,0.612,0,0,0,0.000079000
128,129,3,astar,fast,manhattan,gcompare,200,0,0,ok,26,-1,5494,2059,2281,74,1154,3213,376840,0.984,0,0,0,0.000269000
129,130,3,astar,fast,manhattan,gcompare,200,0,0,ok,20,-1,247,93,100,4,54,147,368648,0.419,0,0,0,0.000010000
130,131,3,astar,fast,manhattan,gcompare,200,0,0,ok,20,-1,995,372,396,6,227,599,368648,0.505,0,0,0,0.000040000
131,132,3,astar,fast,manhattan,gcompare,200,0,0,ok,26,-1,4759,1781,1991,72,987,2768,368648,0.899,0,0,0,0.000236000
132,133,3,astar,fast,manhattan,gcompare,200,0,0,ok,20,-1,1002,373,402,9,227,600,368648,0.514,0,0,0,0.000041000
133,134,3,astar,fast,manhattan,gcompare,200,0,0,ok,18,-1,547,201,211,3,135,336,368648,0.443,0,0,0,0.000020000
134,135,3,astar,fast,manhattan,gcompare,200,0,0,ok,26,-1,2833,1067,1155,30,611,1678,368648,0.686,0,0,0,0.000127000
135,136,3,astar,fast,manhattan,gcompare,200,0,0,ok,24,-1,4294,1605,1804,50,885,2490,368648,0.859,0,0,0,0.000201000
136,137,3,astar,fast,manhattan,gcompare,200,0,0,ok,18,-1,173,64,66,1,43,107,368648,0.395,0,0,0,0.000007000
137,138,3,astar,fast,manhattan,gcompare,200,0,0,ok,16,-1,54,18,17,0,19,37,368648,0.321,0,0,0,0.000003000
138,139,3,astar,fast,manhattan,gcompare,200,0,0,ok,26,-1,3313,1249,1372,46,692,1941,368648,0.751,0,0,0,0.000156000
139,140,3,astar,fast,manhattan,gcompare,200,0,0,ok,22,-1,2574,960,1052,29,562,1522,368648,0.661,0,0,0,0.000112000
140,141,3,astar,fast,manhattan,gcompare,200,0,0,ok,24,-1,3456,1290,1435,39,731,2021,368648,0.806,0,0,0,0.000162000
141,142,3,astar,fast,manhattan,gcompare,200,0,0,ok,22,-1,935,351,386,10,198,549,368648,0.509,0,0,0,0.000037000
142,143,3,astar,fast,manhattan,gcompare,200,0,0,ok,24,-1,4446,1658,1873,38,915,2573,368648,0.911,0,0,0,0.000212000
143,144,3,astar,fast,manhattan,gcompare,200,0,0,ok,22,-1,1932,715,804,32,413,1128,368648,0.623,0,0,0,0.000085000
144,145,3,astar,fast,manhattan,gcompare,200,0,0,ok,20,-1,240,90,91,0,59,149,368648,0.427,0,0,0,0.000009000
145,146,3,astar,fast,manhattan,gcompare,200,0,0,ok,20,-1,469,172,181,4,116,288,368648,0.423,0,0,0,0.000016000
146,147,3,astar,fast,manhattan,gcompare,200,0,0,ok,24,-1,2694,1005,1089,28,600,1605,368648,0.687,0,0,0,0.000117000
147,148,3,astar,fast,manhattan,gcompare,200,0,0,ok,26,-1,3850,1445,1583,46,822,2267,368648,0.821,0,0,0,0.000183000
148,149,3,astar,fast,manhattan,gcompare,200,0,0,ok,26,-1,2012,764,820,21,428,1192,368648,0.612,0,0,0,0.000085000
149,150,3,astar,fast,manhattan,gcompare,200,0,0,ok,24,-1,7291,2728,3090,71,1473,4201,409608,1.200,0,0,0,0.000407000
150,151,3,astar,fast,manhattan,gcompare,200,0,0,ok,22,-1,1570,584,629,14,357,941,368648,0.592,0,0,0,0.000068000
151,152,3,astar,fast,manhattan,gcompare,200,0,0,ok,24,-1,3078,1157,1263,36,658,1815,368648,0.724,0,0,0,0.000142000
152,153,3,astar,fast,manhattan,gcompare,200,0,0,ok,24,-1,3333,1242,1352,26,739,1981,368648,0.752,0,0,0,0.000154000
153,154,3,astar,fast,manhattan,gcompare,200,0,0,ok,22,-1,714,269,281,4,164,433,368648,0.471,0,0,0,0.000028000
154,155,3,astar,fast,manhattan,gcompare,200,0,0,ok,26,-1,4384,1650,1812,50,922,2572,368648,0.878,0,0,0,0.000212000
155,156,3,astar,fast,manhattan,gcompare,200,0,0,ok,20,-1,1062,393,417,5,252,645,368648,0.498,0,0,0,0.000042000
156,157,3,astar,fast,manhattan,gcompare,200,0,0,ok,26,-1,4346,1639,1794,46,913,2552,368648,0.882,0,0,0,0.000205000
157,158,3,astar,fast,manhattan,gcompare,200,0,0,ok,12,-1,135,49,48,0,38,87,368648,0.396,0,0,0,0.000006000
158,159,3,astar,fast,manhattan,gcompare,200,0,0,ok,24,-1,2171,812,870,18,489,1301,368648,0.635,0,0,0,0.000095000
159,160,3,astar,fast,manhattan,gcompare,200,0,0,ok,18,-1,925,343,372,7,210,553,368648,0.481,0,0,0,0.000036000
160,161,3,astar,fast,manhattan,gcompare,200,0,0,ok,18,-1,68,25,24,0,19,44,368648,0.358,0,0,0,0.000003000
161,162,3,astar,fast,manhattan,gcompare,200,0,0,ok,12,-1,37,12,11,0,14,26,368648,0.306,0,0,0,0.000002000
162,163,3,astar,fast,manhattan,gcompare,200,0,0,ok,24,-1,3680,1378,1558,73,744,2122,368648,0.783,0,0,0,0.000170000
163,164,3,astar,fast,manhattan,gcompare,200,0,0,ok,22,-1,991,371,402,11,218,589,368648,0.517,0,0,0,0.000039000
164,165,3,astar,fast,manhattan,gcompare,200,0,0,ok,22,-1,1895,703,755,7,437,1140,368648,0.615,0,0,0,0.000082000
165,166,3,astar,fast,manhattan,gcompare,200,0,0,ok,20,-1,585,218,235,4,132,350,368648,0.454,0,0,0,0.000022000
166,167,3,astar,fast,manhattan,gcompare,200,0,0,ok,26,-1,7855,2943,3365,116,1547,4490,409608,1.184,0,0,0,0.000438000
167,168,3,astar,fast,manhattan,gcompare,200,0,0,ok,24,-1,871,328,351,10,192,520,368648,0.505,0,0,0,0.000035000
168,169,3,astar,fast,manhattan,gcompare,200,0,0,ok,24,-1,2651,994,1082,24,575,1569,368648,0.703,0,0,0,0.000122000
169,170,3,astar,fast,manhattan,gcompare,200,0,0,ok,22,-1,787,293,317,10,177,470,368648,0.495,0,0,0,0.000030000
170,171,3,astar,fast,manhattan,gcompare,200,0,0,ok,26,-1,3910,1472,1607,44,831,2303,368648,0.808,0,0,0,0.000184000
171,172,3,astar,fast,manhattan,gcompare,200,0,0,ok,22,-1,728,270,285,3,173,443,368648,0.469,0,0,0,0.000028000
172,173,3,astar,fast,manhattan,gcompare,200,0,0,ok,20,-1,806,299,323,7,184,483,368648,0.492,0,0,0,0.000032000
173,174,3,astar,fast,manhattan,gcompare,200,0,0,ok,22,-1,2551,954,1060,21,537,1491,368648,0.679,0,0,0,0.000115000
174,175,3,astar,fast,manhattan,gcompare,200,0,0,ok,24,-1,3312,1236,1366,31,710,1946,368648,0.780,0,0,0,0.000153000
175,176,3,astar,fast,manhattan,gcompare,200,0,0,ok,26,-1,2790,1047,1147,35,596,1643,368648,0.716,0,0,0,0.000126000
176,177,3,astar,fast,manhattan,gcompare,200,0,0,ok,22,-1,806,304,326,12,176,480,368648,0.493,0,0,0,0.000030000
177,178,3,astar,fast,manhattan,gcompare,200,0,0,ok,26,-1,6459,2411,2683,64,1365,3776,376840,1.093,0,0,0,0.000336000
178,179,3,astar,fast,manhattan,gcompare,200,0,0,ok,20,-1,457,169,179,4,109,278,368648,0.454,0,0,0,0.000018000
179,180,3,astar,fast,manhattan,gcompare,200,0,0,ok,22,-1,2018,752,820,17,446,1198,368648,0.614,0,0,0,0.000086000
180,181,3,astar,fast,manhattan,gcompare,200,0,0,ok,24,-1,967,363,387,8,217,580,368648,0.514,0,0,0,0.000037000
181,182,3,astar,fast,manhattan,gcompare,200,0,0,ok,22,-1,1919,719,782,19,418,1137,368648,0.628,0,0,0,0.000083000
182,183,3,astar,fast,manhattan,gcompare,200,0,0,ok,26,-1,7730,2905,3246,79,1579,4484,409608,1.177,0,0,0,0.000435000
183,184,3,astar,fast,manhattan,gcompare,200,0,0,ok,22,-1,872,322,347,11,203,525,368648,0.488,0,0,0,0.000034000
184,185,3,astar,fast,manhattan,gcompare,200,0,0,ok,14,-1,164,61,60,0,43,104,368648,0.387,0,0,0,0.000006000
185,186,3,astar,fast,manhattan,gcompare,200,0,0,ok,22,-1,786,292,313,7,181,473,368648,0.478,0,0,0,0.000030000
186,187,3,astar,fast,manhattan,gcompare,200,0,0,ok,22,-1,1262,473,509,14,280,753,368648,0.534,0,0,0,0.000052000
187,188,3,astar,fast,manhattan,gcompare,200,0,0,ok,24,-1,3643,1367,1490,30,786,2153,368648,0.813,0,0,0,0.000172000
188,189,3,astar,fast,manhattan,gcompare,200,0,0,ok,28,-1,10810,4052,4630,207,2128,6180,425992,1.182,0,0,0,0.000624000
189,190,3,astar,fast,manhattan,gcompare,200,0,0,ok,26,-1,5057,1899,2122,83,1036,2935,376840,0.941,0,0,0,0.000255000
190,191,3,astar,fast,manhattan,gcompare,200,0,0,ok,22,-1,1301,487,543,22,271,758,368648,0.559,0,0,0,0.000056000
191,192,3,astar,fast,manhattan,gcompare,200,0,0,ok,24,-1,2514,938,1039,34,537,1475,368648,0.676,0,0,0,0.000115000
192,193,3,astar,fast,manhattan,gcompare,200,0,0,ok,24,-1,2615,974,1071,32,570,1544,368648,0.686,0,0,0,0.000118000
193,194,3,astar,fast,manhattan,gcompare,200,0,0,ok,20,-1,1936,721,785,10,430,1151,368648,0.605,0,0,0,0.000082000
194,195,3,astar,fast,manhattan,gcompare,200,0,0,ok,26,-1,4061,1533,1673,45,855,2388,368648,0.836,0,0,0,0.000193000
195,196,3,astar,fast,manhattan,gcompare,200,0,0,ok,18,-1,115,43,42,0,30,73,368648,0.386,0,0,0,0.000005000
196,197,3,astar,fast,manhattan,gcompare,200,0,0,ok,22,-1,2247,844,922,28,481,1325,368648,0.643,0,0,0,0.000099000
197,198,3,astar,fast,manhattan,gcompare,200,0,0,ok,16,-1,165,61,61,0,43,104,368648,0.378,0,0,0,0.000006000
198,199,3,astar,fast,manhattan,gcompare,200,0,0,ok,20,-1,665,247,273,13,145,392,368648,0.471,0,0,0,0.000026000
199,200,3,astar,fast,manhattan,gcompare,200,0,0,ok,16,-1,266,97,101,2,68,165,368648,0.389,0,0,0,0.000010000
200,201,3,astar,fast,manhattan,gcompare,200,0,0,ok,28,-1,13140,4959,5659,202,2522,7481,425992,1.302,0,0,0,0.000772000
201,202,3,astar,fast,manhattan,gcompare,200,0,0,ok,22,-1,1195,443,490,14,262,705,368648,0.535,0,0,0,0.000052000
202,203,3,astar,fast,manhattan,gcompare,200,0,0,ok,18,-1,701,260,278,4,163,423,368648,0.453,0,0,0,0.000027000
203,204,3,astar,fast,manhattan,gcompare,200,0,0,ok,24,-1,2410,897,974,22,539,1436,368648,0.663,0,0,0,0.000109000
204,205,3,astar,fast,manhattan,gcompare,200,0,0,ok,28,-1,7997,3008,3357,111,1632,4640,409608,1.132,0,0,0,0.000461000
205,206,3,astar,fast,manhattan,gcompare,200,0,0,ok,16,-1,139,51,52,1,36,87,368648,0.384,0,0,0,0.000006000
206,207,3,astar,fast,manhattan,gcompare,200,0,0,ok,24,-1,1232,466,515,23,251,717,368648,0.546,0,0,0,0.000053000
207,208,3,astar,fast,manhattan,gcompare,200,0,0,ok,24,-1,1298,486,515,13,297,783,368648,0.527,0,0,0,0.000056000
208,209,3,astar,fast,manhattan,gcompare,200,0,0,ok,22,-1,1175,440,478,13,257,697,368648,0.558,0,0,0,0.000050000
209,210,3,astar,fast,manhattan,gcompare,200,0,0,ok,24,-1,2469,928,998,21,543,1471,368648,0.671,0,0,0,0.000111000
210,211,3,astar,fast,manhattan,gcompare,200,0,0,ok,20,-1,1288,479,523,10,286,765,368648,0.523,0,0,0,0.000053000
211,212,3,astar,fast,manhattan,gcompare,200,0,0,ok,22,-1,949,353,383,11,213,566,368648,0.508,0,0,0,0.000038000
212,213,3,astar,fast,manhattan,gcompare,200,0,0,ok,22,-1,2159,807,886,25,466,1273,368648,0.651,0,0,0,0.000095000
213,214,3,astar,fast,manhattan,gcompare,200,0,0,ok,16,-1,254,93,96,2,65,158,368648,0.415,0,0,0,0.000009000
214,215,3,astar,fast,manhattan,gcompare,200,0,0,ok,22,-1,417,155,160,2,102,257,368648,0.430,0,0,0,0.000015000
215,216,3,astar,fast,manhattan,gcompare,200,0,0,ok,22,-1,1551,580,632,16,339,919,368648,0.572,0,0,0,0.000064000
216,217,3,astar,fast,manhattan,gcompare,200,0,0,ok,22,-1,809,301,320,6,188,489,368648,0.483,0,0,0,0.000030000
217,218,3,astar,fast,manhattan,gcompare,200,0,0,ok,28,-1,7597,2869,3189,109,1539,4408,409608,1.149,0,0,0,0.000430000
218,219,3,astar,fast,manhattan,gcompare,200,0,0,ok,18,-1,606,224,246,9,136,360,368648,0.484,0,0,0,0.000024000
219,220,3,astar,fast,manhattan,gcompare,200,0,0,ok,18,-1,401,146,152,0,103,249,368648,0.420,0,0,0,0.000015000
220,221,3,astar,fast,manhattan,gcompare,200,0,0,ok,24,-1,2129,801,873,21,455,1256,368648,0.653,0,0,0,0.000095000
221,222,3,astar,fast,manhattan,gcompare,200,0,0,ok,24,-1,1852,693,762,20,397,1090,368648,0.625,0,0,0,0.000082000
222,223,3,astar,fast,manhattan,gcompare,200,0,0,ok,26,-1,3654,1378,1526,51,750,2128,368648,0.770,0,0,0,0.000176000
223,224,3,astar,fast,manhattan,gcompare,200,0,0,ok,14,-1,281,104,106,0,71,175,368648,0.429,0,0,0,0.000010000
224,225,3,astar,fast,manhattan,gcompare,200,0,0,ok,24,-1,1842,688,738,21,416,1104,368648,0.605,0,0,0,0.000080000
225,226,3,astar,fast,manhattan,gcompare,200,0,0,ok,24,-1,1295,491,529,17,275,766,368648,0.546,0,0,0,0.000054000
226,227,3,astar,fast,manhattan,gcompare,200,0,0,ok,24,-1,3933,1470,1636,40,827,2297,368648,0.816,0,0,0,0.000186000
227,228,3,astar,fast,manhattan,gcompare,200,0,0,ok,26,-1,1632,615,662,17,355,970,368648,0.570,0,0,0,0.000068000
228,229,3,astar,fast,manhattan,gcompare,200,0,0,ok,18,-1,113,40,39,0,34,74,368648,0.357,0,0,0,0.000004000
229,230,3,astar,fast,manhattan,gcompare,200,0,0,ok,20,-1,714,270,292,8,152,422,368648,0.508,0,0,0,0.000029000
230,231,3,astar,fast,manhattan,gcompare,200,0,0,ok,26,-1,4459,1698,1845,53,916,2614,368648,0.876,0,0,0,0.000215000
231,232,3,astar,fast,manhattan,gcompare,200,0,0,ok,22,-1,1572,588,637,15,347,935,368648,0.580,0,0,0,0.000069000
232,233,3,astar,fast,manhattan,gcompare,200,0,0,ok,26,-1,3789,1427,1576,55,786,2213,368648,0.815,0,0,0,0.000180000
233,234,3,astar,fast,manhattan,gcompare,200,0,0,ok,20,-1,1625,602,655,13,368,970,368648,0.599,0,0,0,0.000070000
234,235,3,astar,fast,manhattan,gcompare,200,0,0,ok,22,-1,1043,391,417,9,235,626,368648,0.501,0,0,0,0.000040000
235,236,3,astar,fast,manhattan,gcompare,200,0,0,ok,20,-1,620,233,246,5,141,374,368648,0.457,0,0,0,0.000024000
236,237,3,astar,fast,manhattan,gcompare,200,0,0,ok,28,-1,9815,3691,4203,170,1921,5612,409608,1.196,0,0,0,0.000553000
237,238,3,astar,fast,manhattan,gcompare,200,0,0,ok,20,-1,1090,407,437,9,246,653,368648,0.511,0,0,0,0.000045000
238,239,3,astar,fast,manhattan,gcompare,200,0,0,ok,20,-1,657,242,252,3,163,405,368648,0.460,0,0,0,0.000025000
239,240,3,astar,fast,manhattan,gcompare,200,0,0,ok,24,-1,2306,869,942,24,495,1364,368648,0.625,0,0,0,0.000102000
240,241,3,astar,fast,manhattan,gcompare,200,0,0,ok,20,-1,765,284,300,3,181,465,368648,0.486,0,0,0,0.000029000
241,242,3,astar,fast,manhattan,gcompare,200,0,0,ok,16,-1,49,16,15,0,18,34,368648,0.312,0,0,0,0.000002000
242,243,3,astar,fast,manhattan,gcompare,200,0,0,ok,22,-1,1876,703,762,23,411,1114,368648,0.610,0,0,0,0.000079000
243,244,3,astar,fast,manhattan,gcompare,200,0,0,ok,24,-1,5422,2028,2277,60,1117,3145,376840,0.987,0,0,0,0.000268000
244,245,3,astar,fast,manhattan,gcompare,200,0,0,ok,14,-1,154,56,57,1,41,97,368648,0.399,0,0,0,0.000006000
245,246,3,astar,fast,manhattan,gcompare,200,0,0,ok,22,-1,2082,781,862,23,439,1220,368648,0.647,0,0,0,0.000092000
246,247,3,astar,fast,manhattan,gcompare,200,0,0,ok,22,-1,914,341,366,8,207,548,368648,0.495,0,0,0,0.000034000
247,248,3,astar,fast,manhattan,gcompare,200,0,0,ok,28,-1,6891,2605,2925,104,1361,3966,376840,1.092,0,0,0,0.000359000
248,249,3,astar,fast,manhattan,gcompare,200,0,0,ok,28,-1,5433,2046,2286,100,1101,3147,376840,0.946,0,0,0,0.000274000
249,250,3,astar,fast,manhattan,gcompare,200,0,0,ok,28,-1,6641,2503,2826,88,1312,3815,376840,1.107,0,0,0,0.000341000
250,251,3,astar,fast,manhattan,gcompare,200,0,0,ok,26,-1,2703,1021,1111,31,571,1592,368648,0.690,0,0,0,0.000123000
251,252,3,astar,fast,manhattan,gcompare,200,0,0,ok,24,-1,1878,703,767,26,408,1111,368648,0.606,0,0,0,0.000079000
252,253,3,astar,fast,manhattan,gcompare,200,0,0,ok,24,-1,4140,1546,1701,36,893,2439,368648,0.863,0,0,0,0.000202000
253,254,3,astar,fast,manhattan,gcompare,200,0,0,ok,22,-1,1203,451,493,17,259,710,368648,0.532,0,0,0,0.000050000
254,255,3,astar,fast,manhattan,gcompare,200,0,0,ok,22,-1,1890,705,761,14,424,1129,368648,0.602,0,0,0,0.000081000
255,256,3,astar,fast,manhattan,gcompare,200,0,0,ok,20,-1,234,86,86,0,62,148,368648,0.391,0,0,0,0.000008000
256,257,3,astar,fast,manhattan,gcompare,200,0,0,ok,20,-1,417,155,163,4,99,254,368648,0.421,0,0,0,0.000015000
257,258,3,astar,fast,manhattan,gcompare,200,0,0,ok,24,-1,1914,714,768,19,432,1146,368648,0.591,0,0,0,0.000081000
258,259,3,astar,fast,manhattan,gcompare,200,0,0,ok,20,-1,596,221,241,9,134,355,368648,0.452,0,0,0,0.000022000
259,260,3,astar,fast,manhattan,gcompare,200,0,0,ok,28,-1,6855,2592,2864,102,1399,3991,376840,1.149,0,0,0,0.000401000
260,261,3,astar,fast,manhattan,gcompare,200,0,0,ok,26,-1,2366,898,977,39,491,1389,368648,0.661,0,0,0,0.000116000
261,262,3,astar,fast,manhattan,gcompare,200,0,0,ok,24,-1,2611,977,1071,27,563,1540,368648,0.684,0,0,0,0.000122000
262,263,3,astar,fast,manhattan,gcompare,200,0,0,ok,22,-1,1639,608,671,11,360,968,368648,0.580,0,0,0,0.000073000
263,264,3,astar,fast,manhattan,gcompare,200,0,0,ok,22,-1,984,371,399,14,214,585,368648,0.511,0,0,0,0.000043000
264,265,3,astar,fast,manhattan,gcompare,200,0,0,ok,22,-1,991,371,408,14,212,583,368648,0.500,0,0,0,0.000041000
265,266,3,astar,fast,manhattan,gcompare,200,0,0,ok,26,-1,3508,1319,1444,42,745,2064,368648,0.804,0,0,0,0.000184000
266,267,3,astar,fast,manhattan,gcompare,200,0,0,ok,26,-1,2192,829,893,23,470,1299,368648,0.628,0,0,0,0.000138000
267,268,3,astar,fast,manhattan,gcompare,200,0,0,ok,20,-1,184,69,70,1,45,114,368648,0.393,0,0,0,0.000010000
268,269,3,astar,fast,manhattan,gcompare,200,0,0,ok,24,-1,2034,764,831,20,439,1203,368648,0.624,0,0,0,0.000093000
269,270,3,astar,fast,manhattan,gcompare,200,0,0,ok,26,-1,3930,1483,1630,47,817,2300,368648,0.818,0,0,0,0.000201000
270,271,3,astar,fast,manhattan,gcompare,200,0,0,ok,24,-1,1606,602,648,18,356,958,368648,0.593,0,0,0,0.000077000
271,272,3,astar,fast,manhattan,gcompare,200,0,0,ok,18,-1,493,183,197,7,113,296,368648,0.453,0,0,0,0.000019000
272,273,3,astar,fast,manhattan,gcompare,200,0,0,ok,20,-1,1303,482,521,8,300,782,368648,0.572,0,0,0,0.000055000
273,274,3,astar,fast,manhattan,gcompare,200,0,0,ok,28,-1,6513,2456,2749,106,1308,3764,376840,1.102,0,0,0,0.000358000
274,275,3,astar,fast,manhattan,gcompare,200,0,0,ok,18,-1,240,89,96,4,55,144,368648,0.414,0,0,0,0.000011000
275,276,3,astar,fast,manhattan,gcompare,200,0,0,ok,26,-1,2590,974,1055,31,561,1535,368648,0.673,0,0,0,0.000127000
276,277,3,astar,fast,manhattan,gcompare,200,0,0,ok,22,-1,1179,442,479,11,258,700,368648,0.525,0,0,0,0.000050000
277,278,3,astar,fast,manhattan,gcompare,200,0,0,ok,24,-1,2337,872,956,31,509,1381,368648,0.652,0,0,0,0.000105000
278,279,3,astar,fast,manhattan,gcompare,200,0,0,ok,24,-1,2613,977,1072,27,564,1541,368648,0.698,0,0,0,0.000119000
279,280,3,astar,fast,manhattan,gcompare,200,0,0,ok,22,-1,1637,607,671,18,359,966,368648,0.587,0,0,0,0.000073000
280,281,3,astar,fast,manhattan,gcompare,200,0,0,ok,22,-1,575,217,225,4,133,350,368648,0.477,0,0,0,0.000023000
281,282,3,astar,fast,manhattan,gcompare,200,0,0,ok,26,-1,4178,1572,1720,60,886,2458,368648,0.848,0,0,0,0.000205000
282,283,3,astar,fast,manhattan,gcompare,200,0,0,ok,28,-1,3673,1395,1525,49,753,2148,368648,0.767,0,0,0,0.000176000
283,284,3,astar,fast,manhattan,gcompare,200,0,0,ok,28,-1,9050,3396,3850,145,1804,5200,409608,1.196,0,0,0,0.000532000
284,285,3,astar,fast,manhattan,gcompare,200,0,0,ok,24,-1,1565,586,643,24,336,922,368648,0.561,0,0,0,0.000071000
285,286,3,astar,fast,manhattan,gcompare,200,0,0,ok,22,-1,263,98,100,1,65,163,368648,0.405,0,0,0,0.000010000
286,287,3,astar,fast,manhattan,gcompare,200,0,0,ok,20,-1,592,222,233,1,137,359,368648,0.494,0,0,0,0.000025000
287,288,3,astar,fast,manhattan,gcompare,200,0,0,ok,24,-1,1975,739,809,19,427,1166,368648,0.616,0,0,0,0.000089000
288,289,3,astar,fast,manhattan,gcompare,200,0,0,ok,24,-1,2803,1047,1136,26,620,1667,368648,0.733,0,0,0,0.000131000
289,290,3,astar,fast,manhattan,gcompare,200,0,0,ok,20,-1,1126,418,457,14,251,669,368648,0.527,0,0,0,0.000047000
290,291,3,astar,fast,manhattan,gcompare,200,0,0,ok,20,-1,817,304,340,17,173,477,368648,0.496,0,0,0,0.000032000
291,292,3,astar,fast,manhattan,gcompare,200,0,0,ok,24,-1,2283,852,919,26,512,1364,368648,0.634,0,0,0,0.000100000
292,293,3,astar,fast,manhattan,gcompare,200,0,0,ok,24,-1,1142,429,465,14,248,677,368648,0.524,0,0,0,0.000047000
293,294,3,astar,fast,manhattan,gcompare,200,0,0,ok,16,-1,110,41,42,1,27,68,368648,0.394,0,0,0,0.000005000
294,295,3,astar,fast,manhattan,gcompare,200,0,0,ok,20,-1,548,205,213,4,130,335,368648,0.466,0,0,0,0.000023000
295,296,3,astar,fast,manhattan,gcompare,200,0,0,ok,20,-1,358,133,140,4,85,218,368648,0.431,0,0,0,0.000014000
296,297,3,astar,fast,manhattan,gcompare,200,0,0,ok,26,-1,2004,759,812,21,433,1192,368648,0.620,0,0,0,0.000086000
297,298,3,astar,fast,manhattan,gcompare,200,0,0,ok,22,-1,1011,377,396,9,238,615,368648,0.500,0,0,0,0.000040000
298,299,3,astar,fast,manhattan,gcompare,200,0,0,ok,18,-1,899,333,361,7,205,538,368648,0.500,0,0,0,0.000036000
299,300,3,astar,fast,manhattan,gcompare,200,0,0,ok,26,-1,3609,1359,1502,60,748,2107,368648,0.800,0,0,0,0.000174000
300,301,3,astar,fast,manhattan,gcompare,200,0,0,ok,18,-1,273,101,108,4,64,165,368648,0.419,0,0,0,0.000010000
301,302,3,astar,fast,manhattan,gcompare,200,0,0,ok,18,-1,357,132,147,4,78,210,368648,0.458,0,0,0,0.000013000
302,303,3,astar,fast,manhattan,gcompare,200,0,0,ok,22,-1,1954,729,797,19,428,1157,368648,0.623,0,0,0,0.000083000
303,304,3,astar,fast,manhattan,gcompare,200,0,0,ok,26,-1,3093,1171,1280,46,642,1813,368648,0.728,0,0,0,0.000139000
304,305,3,astar,fast,manhattan,gcompare,200,0,0,ok,22,-1,1483,557,610,18,316,873,368648,0.569,0,0,0,0.000063000
305,306,3,astar,fast,manhattan,gcompare,200,0,0,ok,24,-1,1498,562,613,23,323,885,368648,0.569,0,0,0,0.000062000
306,307,3,astar,fast,manhattan,gcompare,200,0,0,ok,20,-1,307,115,117,0,75,190,368648,0.441,0,0,0,0.000012000
307,308,3,astar,fast,manhattan,gcompare,200,0,0,ok,24,-1,2590,977,1082,33,531,1508,368648,0.693,0,0,0,0.000112000
308,309,3,astar,fast,manhattan,gcompare,200,0,0,ok,20,-1,880,330,354,4,196,526,368648,0.510,0,0,0,0.000034000
309,310,3,astar,fast,manhattan,gcompare,200,0,0,ok,22,-1,2318,864,947,14,507,1371,368648,0.648,0,0,0,0.000101000
310,311,3,astar,fast,manhattan,gcompare,200,0,0,ok,22,-1,3988,1483,1667,32,838,2321,368648,0.852,0,0,0,0.000184000
311,312,3,astar,fast,manhattan,gcompare,200,0,0,ok,26,-1,5046,1896,2104,69,1046,2942,376840,0.959,0,0,0,0.000252000
312,313,3,astar,fast,manhattan,gcompare,200,0,0,ok,18,-1,240,89,90,1,61,150,368648,0.410,0,0,0,0.000009000
313,314,3,astar,fast,manhattan,gcompare,200,0,0,ok,16,-1,145,53,54,1,38,91,368648,0.389,0,0,0,0.000006000
314,315,3,astar,fast,manhattan,gcompare,200,0,0,ok,22,-1,4016,1498,1692,48,826,2324,368648,0.853,0,0,0,0.000192000
315,316,3,astar,fast,manhattan,gcompare,200,0,0,ok,28,-1,7942,2996,3328,121,1618,4614,409608,1.158,0,0,0,0.000457000
316,317,3,astar,fast,manhattan,gcompare,200,0,0,ok,18,-1,365,135,145,5,85,220,368648,0.451,0,0,0,0.000015000
317,318,3,astar,fast,manhattan,gcompare,200,0,0,ok,22,-1,745,277,299,10,169,446,368648,0.470,0,0,0,0.000030000
318,319,3,astar,fast,manhattan,gcompare,200,0,0,ok,18,-1,153,56,59,2,38,94,368648,0.388,0,0,0,0.000007000
319,320,3,astar,fast,manhattan,gcompare,200,0,0,ok,18,-1,459,169,177,2,113,282,368648,0.443,0,0,0,0.000017000
320,321,3,astar,fast,manhattan,gcompare,200,0,0,ok,26,-1,3970,1488,1644,54,838,2326,368648,0.827,0,0,0,0.000193000
321,322,3,astar,fast,manhattan,gcompare,200,0,0,ok,24,-1,1836,688,737,17,411,1099,368648,0.602,0,0,0,0.000082000
322,323,3,astar,fast,manhattan,gcompare,200,0,0,ok,22,-1,2066,769,845,28,452,1221,368648,0.648,0,0,0,0.000092000
323,324,3,astar,fast,manhattan,gcompare,200,0,0,ok,22,-1,774,289,299,3,186,475,368648,0.454,0,0,0,0.000030000
324,325,3,astar,fast,manhattan,gcompare,200,0,0,ok,18,-1,307,113,120,3,74,187,368648,0.428,0,0,0,0.000012000
325,326,3,astar,fast,manhattan,gcompare,200,0,0,ok,24,-1,929,349,379,11,201,550,368648,0.536,0,0,0,0.000037000
326,327,3,astar,fast,manhattan,gcompare,200,0,0,ok,22,-1,1145,428,461,9,256,684,368648,0.507,0,0,0,0.000046000
327,328,3,astar,fast,manhattan,gcompare,200,0,0,ok,20,-1,1745,654,707,6,384,1038,368648,0.596,0,0,0,0.000073000
328,329,3,astar,fast,manhattan,gcompare,200,0,0,ok,22,-1,2017,755,814,9,448,1203,368648,0.638,0,0,0,0.000086000
329,330,3,astar,fast,manhattan,gcompare,200,0,0,ok,22,-1,633,238,251,7,144,382,368648,0.441,0,0,0,0.000024000
330,331,3,astar,fast,manhattan,gcompare,200,0,0,ok,18,-1,307,113,120,3,74,187,368648,0.428,0,0,0,0.000009000
331,332,3,astar,fast,manhattan,gcompare,200,0,0,ok,24,-1,2702,1012,1090,30,600,1612,368648,0.670,0,0,0,0.000120000
332,333,3,astar,fast,manhattan,gcompare,200,0,0,ok,14,-1,191,69,69,0,53,122,368648,0.379,0,0,0,0.000007000
333,334,3,astar,fast,manhattan,gcompare,200,0,0,ok,24,-1,3661,1367,1531,51,763,2130,368648,0.811,0,0,0,0.000172000
334,335,3,astar,fast,manhattan,gcompare,200,0,0,ok,26,-1,4188,1573,1742,62,873,2446,368648,0.846,0,0,0,0.000198000
335,336,3,astar,fast,manhattan,gcompare,200,0,0,ok,20,-1,1075,401,423,4,251,652,368648,0.508,0,0,0,0.000043000
336,337,3,astar,fast,manhattan,gcompare,200,0,0,ok,18,-1,1142,422,461,5,259,681,368648,0.541,0,0,0,0.000045000
337,338,3,astar,fast,manhattan,gcompare,200,0,0,ok,22,-1,196,73,73,0,50,123,368648,0.400,0,0,0,0.000007000
338,339,3,astar,fast,manhattan,gcompare,200,0,0,ok,22,-1,1214,451,486,13,277,728,368648,0.525,0,0,0,0.000050000
339,340,3,astar,fast,manhattan,gcompare,200,0,0,ok,26,-1,3030,1147,1259,42,624,1771,368648,0.742,0,0,0,0.000139000
340,341,3,astar,fast,manhattan,gcompare,200,0,0,ok,24,-1,2299,864,942,28,493,1357,368648,0.640,0,0,0,0.000099000
341,342,3,astar,fast,manhattan,gcompare,200,0,0,ok,22,-1,1530,570,614,11,346,916,368648,0.553,0,0,0,0.000064000
342,343,3,astar,fast,manhattan,gcompare,200,0,0,ok,26,-1,4070,1529,1719,53,822,2351,368648,0.822,0,0,0,0.000189000
343,344,3,astar,fast,manhattan,gcompare,200,0,0,ok,22,-1,1607,603,653,22,351,954,368648,0.565,0,0,0,0.000070000
344,345,3,astar,fast,manhattan,gcompare,200,0,0,ok,26,-1,8596,3227,3636,95,1733,4960,409608,1.188,0,0,0,0.000507000
345,346,3,astar,fast,manhattan,gcompare,200,0,0,ok,26,-1,2167,818,890,32,459,1277,368648,0.601,0,0,0,0.000096000
346,347,3,astar,fast,manhattan,gcompare,200,0,0,ok,18,-1,447,165,175,5,107,272,368648,0.435,0,0,0,0.000017000
347,348,3,astar,fast,manhattan,gcompare,200,0,0,ok,22,-1,1719,636,688,11,395,1031,368648,0.578,0,0,0,0.000074000
348,349,3,astar,fast,manhattan,gcompare,200,0,0,ok,24,-1,2827,1056,1177,43,594,1650,368648,0.707,0,0,0,0.000128000
349,350,3,astar,fast,manhattan,gcompare,200,0,0,ok,20,-1,1110,413,446,10,251,664,368648,0.521,0,0,0,0.000046000
350,351,3,astar,fast,manhattan,gcompare,200,0,0,ok,26,-1,4016,1509,1673,52,834,2343,368648,0.824,0,0,0,0.000189000
351,352,3,astar,fast,manhattan,gcompare,200,0,0,ok,20,-1,803,300,318,3,185,485,368648,0.460,0,0,0,0.000032000
352,353,3,astar,fast,manhattan,gcompare,200,0,0,ok,22,-1,1000,372,402,7,226,598,368648,0.506,0,0,0,0.000040000
353,354,3,astar,fast,manhattan,gcompare,200,0,0,ok,24,-1,2049,770,828,16,451,1221,368648,0.622,0,0,0,0.000088000
354,355,3,astar,fast,manhattan,gcompare,200,0,0,ok,24,-1,4250,1592,1779,52,879,2471,368648,0.895,0,0,0,0.000204000
355,356,3,astar,fast,manhattan,gcompare,200,0,0,ok,24,-1,2605,975,1055,27,575,1550,368648,0.712,0,0,0,0.000117000
356,357,3,astar,fast,manhattan,gcompare,200,0,0,ok,22,-1,628,237,240,0,151,388,368648,0.450,0,0,0,0.000023000
357,358,3,astar,fast,manhattan,gcompare,200,0,0,ok,22,-1,1774,669,733,23,372,1041,368648,0.635,0,0,0,0.000076000
358,359,3,astar,fast,manhattan,gcompare,200,0,0,ok,20,-1,847,319,343,5,185,504,368648,0.508,0,0,0,0.000033000
359,360,3,astar,fast,manhattan,gcompare,200,0,0,ok,22,-1,1296,483,520,11,293,776,368648,0.558,0,0,0,0.000055000
360,361,3,astar,fast,manhattan,gcompare,200,0,0,ok,16,-1,300,110,115,2,75,185,368648,0.425,0,0,0,0.000011000
361,362,3,astar,fast,manhattan,gcompare,200,0,0,ok,24,-1,969,365,386,8,218,583,368648,0.488,0,0,0,0.000038000
362,363,3,astar,fast,manhattan,gcompare,200,0,0,ok,22,-1,1982,734,799,8,449,1183,368648,0.645,0,0,0,0.000086000
363,364,3,astar,fast,manhattan,gcompare,200,0,0,ok,22,-1,1489,555,595,15,339,894,368648,0.550,0,0,0,0.000065000
364,365,3,astar,fast,manhattan,gcompare,200,0,0,ok,26,-1,4914,1836,2039,65,1039,2875,376840,0.947,0,0,0,0.000253000
365,366,3,astar,fast,manhattan,gcompare,200,0,0,ok,20,-1,364,133,142,5,89,222,368648,0.433,0,0,0,0.000013000
366,367,3,astar,fast,manhattan,gcompare,200,0,0,ok,22,-1,591,222,238,3,131,353,368648,0.476,0,0,0,0.000023000
367,368,3,astar,fast,manhattan,gcompare,200,0,0,ok,20,-1,162,60,59,0,43,103,368648,0.379,0,0,0,0.000007000
368,369,3,astar,fast,manhattan,gcompare,200,0,0,ok,18,-1,677,252,266,5,159,411,368648,0.448,0,0,0,0.000027000
369,370,3,astar,fast,manhattan,gcompare,200,0,0,ok,28,-1,6826,2583,2890,100,1353,3936,376840,1.111,0,0,0,0.000363000
370,371,3,astar,fast,manhattan,gcompare,200,0,0,ok,18,-1,754,280,300,4,174,454,368648,0.487,0,0,0,0.000031000
371,372,3,astar,fast,manhattan,gcompare,200,0,0,ok,20,-1,544,198,208,5,138,336,368648,0.435,0,0,0,0.000022000
372,373,3,astar,fast,manhattan,gcompare,200,0,0,ok,26,-1,1868,709,789,32,370,1079,368648,0.601,0,0,0,0.000081000
373,374,3,astar,fast,manhattan,gcompare,200,0,0,ok,22,-1,1115,416,444,9,255,671,368648,0.514,0,0,0,0.000044000
374,375,3,astar,fast,manhattan,gcompare,200,0,0,ok,20,-1,666,247,264,7,155,402,368648,0.474,0,0,0,0.000028000
375,376,3,astar,fast,manhattan,gcompare,200,0,0,ok,20,-1,616,229,243,6,144,373,368648,0.480,0,0,0,0.000026000
376,377,3,astar,fast,manhattan,gcompare,200,0,0,ok,28,-1,15666,5892,6764,255,3010,8902,819216,1.352,0,0,0,0.001030000
377,378,3,astar,fast,manhattan,gcompare,200,0,0,ok,22,-1,996,370,400,14,226,596,368648,0.517,0,0,0,0.000042000
378,379,3,astar,fast,manhattan,gcompare,200,0,0,ok,26,-1,4231,1599,1757,68,875,2474,368648,0.842,0,0,0,0.000218000
379,380,3,astar,fast,manhattan,gcompare,200,0,0,ok,22,-1,553,209,225,7,119,328,368648,0.447,0,0,0,0.000021000
380,381,3,astar,fast,manhattan,gcompare,200,0,0,ok,24,-1,2360,886,969,23,505,1391,368648,0.656,0,0,0,0.000107000
381,382,3,astar,fast,manhattan,gcompare,200,0,0,ok,20,-1,480,177,184,3,119,296,368648,0.438,0,0,0,0.000018000
382,383,3,astar,fast,manhattan,gcompare,200,0,0,ok,28,-1,6563,2495,2781,120,1287,3782,376840,1.072,0,0,0,0.000345000
383,384,3,astar,fast,manhattan,gcompare,200,0,0,ok,22,-1,1697,630,680,17,387,1017,368648,0.581,0,0,0,0.000072000
384,385,3,astar,fast,manhattan,gcompare,200,0,0,ok,22,-1,479,180,189,5,110,290,368648,0.458,0,0,0,0.000018000
385,386,3,astar,fast,manhattan,gcompare,200,0,0,ok,22,-1,1134,423,452,9,259,682,368648,0.541,0,0,0,0.000046000
386,387,3,astar,fast,manhattan,gcompare,200,0,0,ok,22,-1,1719,636,688,11,395,1031,368648,0.578,0,0,0,0.000071000
387,388,3,astar,fast,manhattan,gcompare,200,0,0,ok,18,-1,357,133,141,2,83,216,368648,0.421,0,0,0,0.000014000
388,389,3,astar,fast,manhattan,gcompare,200,0,0,ok,26,-1,2065,780,854,34,431,1211,368648,0.611,0,0,0,0.000090000
389,390,3,astar,fast,manhattan,gcompare,200,0,0,ok,24,-1,955,360,386,10,209,569,368648,0.495,0,0,0,0.000037000
390,391,3,astar,fast,manhattan,gcompare,200,0,0,ok,24,-1,6085,2273,2577,54,1235,3508,376840,1.069,0,0,0,0.000317000
391,392,3,astar,fast,manhattan,gcompare,200,0,0,ok,20,-1,870,323,346,7,201,524,368648,0.493,0,0,0,0.000040000
392,393,3,astar,fast,manhattan,gcompare,200,0,0,ok,26,-1,2854,1074,1170,31,610,1684,368648,0.710,0,0,0,0.000133000
393,394,3,astar,fast,manhattan,gcompare,200,0,0,ok,20,-1,784,292,312,7,180,472,368648,0.475,0,0,0,0.000030000
394,395,3,astar,fast,manhattan,gcompare,200,0,0,ok,22,-1,2425,904,982,13,539,1443,368648,0.708,0,0,0,0.000108000
395,396,3,astar,fast,manhattan,gcompare,200,0,0,ok,22,-1,1371,515,569,23,287,802,368648,0.556,0,0,0,0.000056000
396,397,3,astar,fast,manhattan,gcompare,200,0,0,ok,22,-1,1285,481,517,11,287,768,368648,0.558,0,0,0,0.000050000
397,398,3,astar,fast,manhattan,gcompare,200,0,0,ok,24,-1,2265,848,925,19,492,1340,368648,0.662,0,0,0,0.000099000
398,399,3,astar,fast,manhattan,gcompare,200,0,0,ok,20,-1,356,133,143,5,80,213,368648,0.423,0,0,0,0.000012000
399,400,3,astar,fast,manhattan,gcompare,200,0,0,ok,24,-1,1853,699,765,22,389,1088,368648,0.596,0,0,0,0.000079000
400,401,3,astar,fast,manhattan,gcompare,200,0,0,ok,18,-1,544,199,216,7,129,328,368648,0.470,0,0,0,0.000021000
401,402,3,astar,fast,manhattan,gcompare,200,0,0,ok,20,-1,378,141,145,2,92,233,368648,0.430,0,0,0,0.000014000
402,403,3,astar,fast,manhattan,gcompare,200,0,0,ok,24,-1,3706,1384,1541,42,781,2165,368648,0.806,0,0,0,0.000172000
403,404,3,astar,fast,manhattan,gcompare,200,0,0,ok,20,-1,760,282,298,3,180,462,368648,0.470,0,0,0,0.000030000
404,405,3,astar,fast,manhattan,gcompare,200,0,0,ok,18,-1,598,222,236,4,140,362,368648,0.471,0,0,0,0.000022000
405,406,3,astar,fast,manhattan,gcompare,200,0,0,ok,18,-1,539,202,217,8,120,322,368648,0.441,0,0,0,0.000021000
406,407,3,astar,fast,manhattan,gcompare,200,0,0,ok,22,-1,720,266,280,6,174,440,368648,0.467,0,0,0,0.000027000
407,408,3,astar,fast,manhattan,gcompare,200,0,0,ok,20,-1,749,278,301,7,170,448,368648,0.484,0,0,0,0.000028000
408,409,3,astar,fast,manhattan,gcompare,200,0,0,ok,22,-1,1472,548,599,19,325,873,368648,0.553,0,0,0,0.000062000
409,410,3,astar,fast,manhattan,gcompare,200,0,0,ok,24,-1,1991,744,826,35,421,1165,368648,0.603,0,0,0,0.000085000
410,411,3,astar,fast,manhattan,gcompare,200,0,0,ok,16,-1,424,157,164,3,103,260,368648,0.433,0,0,0,0.000015000
411,412,3,astar,fast,manhattan,gcompare,200,0,0,ok,12,-1,50,18,17,0,15,33,368648,0.347,0,0,0,0.000002000
412,413,3,astar,fast,manhattan,gcompare,200,0,0,ok,22,-1,808,301,315,7,192,493,368648,0.499,0,0,0,0.000031000
413,414,3,astar,fast,manhattan,gcompare,200,0,0,ok,24,-1,1590,599,644,17,347,946,368648,0.570,0,0,0,0.000066000
414,415,3,astar,fast,manhattan,gcompare,200,0,0,ok,24,-1,3071,1146,1258,37,667,1813,368648,0.750,0,0,0,0.000142000
415,416,3,astar,fast,manhattan,gcompare,200,0,0,ok,24,-1,2077,773,821,11,483,1256,368648,0.627,0,0,0,0.000086000
416,417,3,astar,fast,manhattan,gcompare,200,0,0,ok,22,-1,548,208,214,3,126,334,368648,0.457,0,0,0,0.000019000
417,418,3,astar,fast,manhattan,gcompare,200,0,0,ok,20,-1,788,294,310,4,184,478,368648,0.497,0,0,0,0.000029000
418,419,3,astar,fast,manhattan,gcompare,200,0,0,ok,20,-1,601,222,230,3,149,371,368648,0.432,0,0,0,0.000022000
419,420,3,astar,fast,manhattan,gcompare,200,0,0,ok,20,-1,861,322,339,1,200,522,368648,0.490,0,0,0,0.000033000
420,421,3,astar,fast,manhattan,gcompare,200,0,0,ok,20,-1,595,221,237,4,137,358,368648,0.476,0,0,0,0.000022000
421,422,3,astar,fast,manhattan,gcompare,200,0,0,ok,22,-1,2587,965,1053,15,569,1534,368648,0.701,0,0,0,0.000119000
422,423,3,astar,fast,manhattan,gcompare,200,0,0,ok,20,-1,392,147,158,5,87,234,368648,0.450,0,0,0,0.000013000
423,424,3,astar,fast,manhattan,gcompare,200,0,0,ok,20,-1,794,291,310,9,193,484,368648,0.465,0,0,0,0.000029000
424,425,3,astar,fast,manhattan,gcompare,200,0,0,ok,20,-1,869,326,348,8,195,521,368648,0.488,0,0,0,0.000032000
425,426,3,astar,fast,manhattan,gcompare,200,0,0,ok,24,-1,3227,1207,1344,40,676,1883,368648,0.780,0,0,0,0.000144000
426,427,3,astar,fast,manhattan,gcompare,200,0,0,ok,24,-1,3959,1485,1614,40,860,2345,368648,0.846,0,0,0,0.000183000
427,428,3,astar,fast,manhattan,gcompare,200,0,0,ok,18,-1,597,221,231,3,145,366,368648,0.468,0,0,0,0.000023000
428,429,3,astar,fast,manhattan,gcompare,200,0,0,ok,22,-1,1231,461,493,11,277,738,368648,0.528,0,0,0,0.000049000
429,430,3,astar,fast,manhattan,gcompare,200,0,0,ok,24,-1,2896,1078,1191,32,627,1705,368648,0.701,0,0,0,0.000128000
430,431,3,astar,fast,manhattan,gcompare,200,0,0,ok,24,-1,3937,1473,1605,39,859,2332,368648,0.815,0,0,0,0.000182000
431,432,3,astar,fast,manhattan,gcompare,200,0,0,ok,22,-1,712,264,276,5,172,436,368648,0.473,0,0,0,0.000028000
432,433,3,astar,fast,manhattan,gcompare,200,0,0,ok,28,-1,4581,1737,1917,71,927,2664,368648,0.876,0,0,0,0.000220000
433,434,3,astar,fast,manhattan,gcompare,200,0,0,ok,24,-1,825,313,330,8,182,495,368648,0.494,0,0,0,0.000031000
434,435,3,astar,fast,manhattan,gcompare,200,0,0,ok,20,-1,1987,741,813,16,433,1174,368648,0.609,0,0,0,0.000086000
435,436,3,astar,fast,manhattan,gcompare,200,0,0,ok,20,-1,768,285,304,5,179,464,368648,0.502,0,0,0,0.000030000
436,437,3,astar,fast,manhattan,gcompare,200,0,0,ok,22,-1,1020,382,404,7,234,616,368648,0.523,0,0,0,0.000041000
437,438,3,astar,fast,manhattan,gcompare,200,0,0,ok,20,-1,1090,409,440,10,241,650,368648,0.534,0,0,0,0.000043000
438,439,3,astar,fast,manhattan,gcompare,200,0,0,ok,22,-1,1490,558,606,18,326,884,368648,0.576,0,0,0,0.000059000
439,440,3,astar,fast,manhattan,gcompare,200,0,0,ok,24,-1,2950,1101,1228,35,621,1722,368648,0.730,0,0,0,0.000148000
440,441,3,astar,fast,manhattan,gcompare,200,0,0,ok,26,-1,4604,1734,1908,55,962,2696,368648,0.886,0,0,0,0.000226000
441,442,3,astar,fast,manhattan,gcompare,200,0,0,ok,22,-1,2615,976,1060,20,579,1555,368648,0.718,0,0,0,0.000121000
442,443,3,astar,fast,manhattan,gcompare,200,0,0,ok,24,-1,2166,812,875,18,479,1291,368648,0.632,0,0,0,0.000094000
443,444,3,astar,fast,manhattan,gcompare,200,0,0,ok,22,-1,955,358,380,6,217,575,368648,0.503,0,0,0,0.000037000
444,445,3,astar,fast,manhattan,gcompare,200,0,0,ok,26,-1,2696,1014,1118,37,564,1578,368648,0.678,0,0,0,0.000119000
445,446,3,astar,fast,manhattan,gcompare,200,0,0,ok,20,-1,227,83,85,1,59,142,368648,0.407,0,0,0,0.000008000
446,447,3,astar,fast,manhattan,gcompare,200,0,0,ok,28,-1,13257,4979,5694,206,2584,7563,425992,1.310,0,0,0,0.000775000
447,448,3,astar,fast,manhattan,gcompare,200,0,0,ok,22,-1,1744,648,693,13,403,1051,368648,0.587,0,0,0,0.000078000
448,449,3,astar,fast,manhattan,gcompare,200,0,0,ok,20,-1,1081,402,433,8,246,648,368648,0.528,0,0,0,0.000044000
449,450,3,astar,fast,manhattan,gcompare,200,0,0,ok,24,-1,2436,910,998,28,528,1438,368648,0.662,0,0,0,0.000109000
450,451,3,astar,fast,manhattan,gcompare,200,0,0,ok,22,-1,1680,624,665,11,391,1015,368648,0.581,0,0,0,0.000071000
451,452,3,astar,fast,manhattan,gcompare,200,0,0,ok,18,-1,182,67,66,0,49,116,368648,0.392,0,0,0,0.000007000
452,453,3,astar,fast,manhattan,gcompare,200,0,0,ok,26,-1,5904,2211,2493,77,1200,3411,376840,1.055,0,0,0,0.000308000
453,454,3,astar,fast,manhattan,gcompare,200,0,0,ok,26,-1,9362,3501,3956,133,1905,5406,409608,1.179,0,0,0,0.000540000
454,455,3,astar,fast,manhattan,gcompare,200,0,0,ok,24,-1,3452,1290,1419,37,743,2033,368648,0.797,0,0,0,0.000167000
455,456,3,astar,fast,manhattan,gcompare,200,0,0,ok,26,-1,4286,1618,1782,55,886,2504,368648,0.875,0,0,0,0.000213000
456,457,3,astar,fast,manhattan,gcompare,200,0,0,ok,26,-1,3350,1258,1378,46,714,1972,368648,0.761,0,0,0,0.000161000
457,458,3,astar,fast,manhattan,gcompare,200,0,0,ok,22,-1,1044,393,419,7,232,625,368648,0.515,0,0,0,0.000041000
458,459,3,astar,fast,manhattan,gcompare,200,0,0,ok,22,-1,1321,495,527,6,299,794,368648,0.566,0,0,0,0.000055000
459,460,3,astar,fast,manhattan,gcompare,200,0,0,ok,22,-1,1386,514,556,11,316,830,368648,0.541,0,0,0,0.000056000
460,461,3,astar,fast,manhattan,gcompare,200,0,0,ok,22,-1,1087,409,443,16,235,644,368648,0.516,0,0,0,0.000044000
461,462,3,astar,fast,manhattan,gcompare,200,0,0,ok,20,-1,513,190,200,4,123,313,368648,0.471,0,0,0,0.000019000
462,463,3,astar,fast,manhattan,gcompare,200,0,0,ok,24,-1,2100,787,841,19,472,1259,368648,0.621,0,0,0,0.000089000
463,464,3,astar,fast,manhattan,gcompare,200,0,0,ok,20,-1,751,278,299,6,174,452,368648,0.515,0,0,0,0.000029000
464,465,3,astar,fast,manhattan,gcompare,200,0,0,ok,18,-1,283,103,108,2,72,175,368648,0.418,0,0,0,0.000010000
465,466,3,astar,fast,manhattan,gcompare,200,0,0,ok,22,-1,758,283,300,5,175,458,368648,0.478,0,0,0,0.000028000
466,467,3,astar,fast,manhattan,gcompare,200,0,0,ok,20,-1,1330,493,537,14,300,793,368648,0.554,0,0,0,0.000053000
467,468,3,astar,fast,manhattan,gcompare,200,0,0,ok,24,-1,4341,1618,1803,48,920,2538,368648,0.881,0,0,0,0.000207000
468,469,3,astar,fast,manhattan,gcompare,200,0,0,ok,22,-1,2087,774,852,20,461,1235,368648,0.641,0,0,0,0.000093000
469,470,3,astar,fast,manhattan,gcompare,200,0,0,ok,22,-1,1197,449,480,12,268,717,368648,0.513,0,0,0,0.000048000
470,471,3,astar,fast,manhattan,gcompare,200,0,0,ok,22,-1,270,103,104,0,63,166,368648,0.405,0,0,0,0.000009000
471,472,3,astar,fast,manhattan,gcompare,200,0,0,ok,24,-1,3842,1437,1590,58,815,2252,368648,0.823,0,0,0,0.000181000
472,473,3,astar,fast,manhattan,gcompare,200,0,0,ok,24,-1,1240,465,496,4,279,744,368648,0.552,0,0,0,0.000050000
473,474,3,astar,fast,manhattan,gcompare,200,0,0,ok,24,-1,1048,398,429,13,221,619,368648,0.517,0,0,0,0.000041000
474,475,3,astar,fast,manhattan,gcompare,200,0,0,ok,24,-1,2644,985,1065,25,594,1579,368648,0.700,0,0,0,0.000116000
475,476,3,astar,fast,manhattan,gcompare,200,0,0,ok,26,-1,3649,1374,1533,67,742,2116,368648,0.775,0,0,0,0.000169000
476,477,3,astar,fast,manhattan,gcompare,200,0,0,ok,24,-1,4070,1524,1711,42,835,2359,368648,0.852,0,0,0,0.000192000
477,478,3,astar,fast,manhattan,gcompare,200,0,0,ok,22,-1,1057,392,421,12,244,636,368648,0.543,0,0,0,0.000045000
478,479,3,astar,fast,manhattan,gcompare,200,0,0,ok,18,-1,811,300,327,3,184,484,368648,0.511,0,0,0,0.000032000
479,480,3,astar,fast,manhattan,gcompare,200,0,0,ok,22,-1,890,333,355,8,202,535,368648,0.496,0,0,0,0.000034000
480,481,3,astar,fast,manhattan,gcompare,200,0,0,ok,18,-1,429,157,165,3,107,264,368648,0.444,0,0,0,0.000015000
481,482,3,astar,fast,manhattan,gcompare,200,0,0,ok,20,-1,1188,445,471,3,272,717,368648,0.550,0,0,0,0.000047000
482,483,3,astar,fast,manhattan,gcompare,200,0,0,ok,26,-1,7957,2973,3406,103,1578,4551,409608,1.177,0,0,0,0.000440000
483,484,3,astar,fast,manhattan,gcompare,200,0,0,ok,26,-1,6829,2556,2885,94,1388,3944,376840,1.153,0,0,0,0.000361000
484,485,3,astar,fast,manhattan,gcompare,200,0,0,ok,24,-1,2318,867,943,19,508,1375,368648,0.650,0,0,0,0.000107000
485,486,3,astar,fast,manhattan,gcompare,200,0,0,ok,20,-1,308,113,118,3,77,190,368648,0.420,0,0,0,0.000011000
486,487,3,astar,fast,manhattan,gcompare,200,0,0,ok,20,-1,376,141,152,6,83,224,368648,0.448,0,0,0,0.000014000
487,488,3,astar,fast,manhattan,gcompare,200,0,0,ok,18,-1,978,361,388,6,229,590,368648,0.498,0,0,0,0.000039000
488,489,3,astar,fast,manhattan,gcompare,200,0,0,ok,22,-1,707,267,276,0,164,431,368648,0.452,0,0,0,0.000026000
489,490,3,astar,fast,manhattan,gcompare,200,0,0,ok,20,-1,738,274,291,5,173,447,368648,0.493,0,0,0,0.000027000
490,491,3,astar,fast,manhattan,gcompare,200,0,0,ok,18,-1,496,183,191,1,122,305,368648,0.436,0,0,0,0.000017000
491,492,3,astar,fast,manhattan,gcompare,200,0,0,ok,24,-1,1339,503,539,14,297,800,368648,0.586,0,0,0,0.000054000
492,493,3,astar,fast,manhattan,gcompare,200,0,0,ok,22,-1,907,343,372,10,192,535,368648,0.494,0,0,0,0.000035000
493,494,3,astar,fast,manhattan,gcompare,200,0,0,ok,24,-1,3183,1188,1299,38,696,1884,368648,0.758,0,0,0,0.000145000
494,495,3,astar,fast,manhattan,gcompare,200,0,0,ok,18,-1,301,110,117,4,74,184,368648,0.413,0,0,0,0.000011000
495,496,3,astar,fast,manhattan,gcompare,200,0,0,ok,26,-1,6251,2335,2639,82,1277,3612,376840,1.069,0,0,0,0.000313000
496,497,3,astar,fast,manhattan,gcompare,200,0,0,ok,22,-1,172,64,63,0,45,109,368648,0.380,0,0,0,0.000006000
497,498,3,astar,fast,manhattan,gcompare,200,0,0,ok,24,-1,4634,1738,1903,42,993,2731,368648,0.932,0,0,0,0.000229000
498,499,3,astar,fast,manhattan,gcompare,200,0,0,ok,18,-1,259,98,101,2,60,158,368648,0.419,0,0,0,0.000010000
499,500,3,astar,fast,manhattan,gcompare,200,0,0,ok,22,-1,658,246,261,8,151,397,368648,0.466,0,0,0,0.000026000
0,1,3,astar,fast,manhattan,gcompare,201,0,0,ok,21,-1,1944,722,795,22,427,1149,368648,0.625,0,0,0,0.000106000
1,2,3,astar,fast,manhattan,gcompare,201,0,0,ok,23,-1,2881,1073,1163,16,645,1718,368648,0.710,0,0,0,0.000152000
2,3,3,astar,fast,manhattan,gcompare,201,0,0,ok,19,-1,484,179,186,3,119,298,368648,0.460,0,0,0,0.000023000
3,4,3,astar,fast,manhattan,gcompare,201,0,0,ok,21,-1,566,214,224,5,128,342,368648,0.473,0,0,0,0.000024000
4,5,3,astar,fast,manhattan,gcompare,201,0,0,ok,23,-1,334,125,132,4,77,202,368648,0.465,0,0,0,0.000014000
5,6,3,astar,fast,manhattan,gcompare,201,0,0,ok,21,-1,1687,626,694,27,367,993,368648,0.584,0,0,0,0.000077000
6,7,3,astar,fast,manhattan,gcompare,201,0,0,ok,19,-1,446,166,173,3,107,273,368648,0.418,0,0,0,0.000018000
7,8,3,astar,fast,manhattan,gcompare,201,0,0,ok,21,-1,887,329,352,6,206,535,368648,0.527,0,0,0,0.000039000
8,9,3,astar,fast,manhattan,gcompare,201,0,0,ok,21,-1,1675,623,676,6,376,999,368648,0.602,0,0,0,0.000075000
9,10,3,astar,fast,manhattan,gcompare,201,0,0,ok,29,-1,16927,6348,7382,266,3197,9545,819216,1.359,0,0,0,0.001112000
10,11,3,astar,fast,manhattan,gcompare,201,0,0,ok,21,-1,1812,673,730,7,409,1082,368648,0.630,0,0,0,0.000085000
11,12,3,astar,fast,manhattan,gcompare,201,0,0,ok,23,-1,1487,558,605,19,324,882,368648,0.554,0,0,0,0.000065000
12,13,3,astar,fast,manhattan,gcompare,201,0,0,ok,19,-1,463,170,175,3,118,288,368648,0.418,0,0,0,0.000018000
13,14,3,astar,fast,manhattan,gcompare,201,0,0,ok,21,-1,1209,451,486,6,272,723,368648,0.553,0,0,0,0.000052000
14,15,3,astar,fast,manhattan,gcompare,201,0,0,ok,25,-1,3123,1176,1300,54,647,1823,368648,0.744,0,0,0,0.000149000
15,16,3,astar,fast,manhattan,gcompare,201,0,0,ok,23,-1,2153,810,878,18,465,1275,368648,0.622,0,0,0,0.000098000
16,17,3,astar,fast,manhattan,gcompare,201,0,0,ok,21,-1,499,187,195,3,117,304,368648,0.422,0,0,0,0.000020000
17,18,3,astar,fast,manhattan,gcompare,201,0,0,ok,21,-1,530,198,207,4,125,323,368648,0.452,0,0,0,0.000020000
18,19,3,astar,fast,manhattan,gcompare,201,0,0,ok,21,-1,1651,617,697,21,337,954,368648,0.590,0,0,0,0.000072000
19,20,3,astar,fast,manhattan,gcompare,201,0,0,ok,23,-1,1627,609,670,18,348,957,368648,0.582,0,0,0,0.000071000
20,21,3,astar,fast,manhattan,gcompare,201,0,0,ok,23,-1,3315,1239,1391,37,685,1924,368648,0.784,0,0,0,0.000157000
21,22,3,astar,fast,manhattan,gcompare,201,0,0,ok,21,-1,786,294,311,6,181,475,368648,0.469,0,0,0,0.000033000
22,23,3,astar,fast,manhattan,gcompare,201,0,0,ok,25,-1,3032,1138,1253,45,641,1779,368648,0.709,0,0,0,0.000144000
23,24,3,astar,fast,manhattan,gcompare,201,0,0,ok,17,-1,320,115,120,2,85,200,368648,0.423,0,0,0,0.000012000
24,25,3,astar,fast,manhattan,gcompare,201,0,0,ok,27,-1,3916,1481,1611,40,824,2305,368648,0.828,0,0,0,0.000202000
25,26,3,astar,fast,manhattan,gcompare,201,0,0,ok,21,-1,1595,592,651,15,352,944,368648,0.592,0,0,0,0.000073000
26,27,3,astar,fast,manhattan,gcompare,201,0,0,ok,19,-1,517,191,203,3,123,314,368648,0.434,0,0,0,0.000020000
27,28,3,astar,fast,manhattan,gcompare,201,0,0,ok,15,-1,86,31,30,0,25,56,368648,0.365,0,0,0,0.000003000
28,29,3,astar,fast,manhattan,gcompare,201,0,0,ok,21,-1,407,151,158,3,98,249,368648,0.416,0,0,0,0.000015000
29,30,3,astar,fast,manhattan,gcompare,201,0,0,ok,21,-1,1004,375,397,2,232,607,368648,0.497,0,0,0,0.000042000
30,31,3,astar,fast,manhattan,gcompare,201,0,0,ok,25,-1,1316,493,521,10,302,795,368648,0.526,0,0,0,0.000056000
31,32,3,astar,fast,manhattan,gcompare,201,0,0,ok,21,-1,869,323,339,4,207,530,368648,0.498,0,0,0,0.000036000
32,33,3,astar,fast,manhattan,gcompare,201,0,0,ok,27,-1,3568,1350,1460,43,758,2108,368648,0.754,0,0,0,0.000170000
33,34,3,astar,fast,manhattan,gcompare,201,0,0,ok,25,-1,3503,1316,1415,26,772,2088,368648,0.803,0,0,0,0.000167000
34,35,3,astar,fast,manhattan,gcompare,201,0,0,ok,27,-1,20340,7631,8943,298,3766,11397,819216,1.365,0,0,0,0.001287000
35,36,3,astar,fast,manhattan,gcompare,201,0,0,ok,23,-1,2017,758,829,15,430,1188,368648,0.611,0,0,0,0.000093000
36,37,3,astar,fast,manhattan,gcompare,201,0,0,ok,19,-1,494,182,191,4,121,303,368648,0.432,0,0,0,0.000021000
37,38,3,astar,fast,manhattan,gcompare,201,0,0,ok,23,-1,1214,454,484,13,276,730,368648,0.521,0,0,0,0.000054000
38,39,3,astar,fast,manhattan,gcompare,201,0,0,ok,23,-1,1064,398,418,7,248,646,368648,0.513,0,0,0,0.000045000
39,40,3,astar,fast,manhattan,gcompare,201,0,0,ok,17,-1,203,75,77,1,51,126,368648,0.406,0,0,0,0.000008000
40,41,3,astar,fast,manhattan,gcompare,201,0,0,ok,21,-1,1254,462,495,8,297,759,368648,0.553,0,0,0,0.000051000
41,42,3,astar,fast,manhattan,gcompare,201,0,0,ok,25,-1,5943,2228,2511,71,1204,3432,376840,1.036,0,0,0,0.000316000
42,43,3,astar,fast,manhattan,gcompare,201,0,0,ok,21,-1,1026,381,416,14,229,610,368648,0.520,0,0,0,0.000043000
43,44,3,astar,fast,manhattan,gcompare,201,0,0,ok,27,-1,9473,3558,4025,133,1890,5448,409608,1.194,0,0,0,0.000549000
44,45,3,astar,fast,manhattan,gcompare,201,0,0,ok,19,-1,145,54,53,0,38,92,368648,0.403,0,0,0,0.000006000
45,46,3,astar,fast,manhattan,gcompare,201,0,0,ok,23,-1,1251,468,512,16,271,739,368648,0.542,0,0,0,0.000054000
46,47,3,astar,fast,manhattan,gcompare,201,0,0,ok,19,-1,315,118,121,2,76,194,368648,0.436,0,0,0,0.000013000
47,48,3,astar,fast,manhattan,gcompare,201,0,0,ok,17,-1,353,129,134,1,90,219,368648,0.429,0,0,0,0.000014000
48,49,3,astar,fast,manhattan,gcompare,201,0,0,ok,27,-1,4515,1703,1872,58,940,2643,368648,0.873,0,0,0,0.000228000
49,50,3,astar,fast,manhattan,gcompare,201,0,0,ok,25,-1,1424,540,584,14,300,840,368648,0.569,0,0,0,0.000061000
50,51,3,astar,fast,manhattan,gcompare,201,0,0,ok,17,-1,436,161,175,3,100,261,368648,0.441,0,0,0,0.000017000
51,52,3,astar,fast,manhattan,gcompare,201,0,0,ok,19,-1,379,141,145,0,93,234,368648,0.421,0,0,0,0.000014000
52,53,3,astar,fast,manhattan,gcompare,201,0,0,ok,25,-1,3123,1171,1274,27,678,1849,368648,0.749,0,0,0,0.000147000
53,54,3,astar,fast,manhattan,gcompare,201,0,0,ok,19,-1,598,222,245,10,131,353,368648,0.471,0,0,0,0.000024000
54,55,3,astar,fast,manhattan,gcompare,201,0,0,ok,19,-1,1012,375,403,2,234,609,368648,0.546,0,0,0,0.000041000
55,56,3,astar,fast,manhattan,gcompare,201,0,0,ok,19,-1,491,179,186,0,126,305,368648,0.424,0,0,0,0.000017000
56,57,3,astar,fast,manhattan,gcompare,201,0,0,ok,25,-1,4290,1609,1784,39,897,2506,368648,0.869,0,0,0,0.000207000
57,58,3,astar,fast,manhattan,gcompare,201,0,0,ok,25,-1,4791,1796,1997,77,998,2794,368648,0.902,0,0,0,0.000247000
58,59,3,astar,fast,manhattan,gcompare,201,0,0,ok,19,-1,765,282,307,7,176,458,368648,0.499,0,0,0,0.000031000
59,60,3,astar,fast,manhattan,gcompare,201,0,0,ok,21,-1,2224,822,883,10,519,1341,368648,0.674,0,0,0,0.000102000
60,61,3,astar,fast,manhattan,gcompare,201,0,0,ok,19,-1,357,132,136,1,89,221,368648,0.424,0,0,0,0.000014000
61,62,3,astar,fast,manhattan,gcompare,201,0,0,ok,21,-1,1312,492,540,14,280,772,368648,0.584,0,0,0,0.000055000
62,63,3,astar,fast,manhattan,gcompare,201,0,0,ok,25,-1,1730,651,695,21,384,1035,368648,0.617,0,0,0,0.000075000
63,64,3,astar,fast,manhattan,gcompare,201,0,0,ok,25,-1,4694,1752,1957,61,985,2737,368648,0.913,0,0,0,0.000231000
64,65,3,astar,fast,manhattan,gcompare,201,0,0,ok,21,-1,621,231,240,5,150,381,368648,0.460,0,0,0,0.000035000
65,66,3,astar,fast,manhattan,gcompare,201,0,0,ok,19,-1,757,281,303,5,173,454,368648,0.478,0,0,0,0.000031000
66,67,3,astar,fast,manhattan,gcompare,201,0,0,ok,17,-1,910,338,373,5,199,537,368648,0.507,0,0,0,0.000036000
67,68,3,astar,fast,manhattan,gcompare,201,0,0,ok,25,-1,2296,859,927,22,510,1369,368648,0.641,0,0,0,0.000107000
68,69,3,astar,fast,manhattan,gcompare,201,0,0,ok,21,-1,555,208,218,3,129,337,368648,0.480,0,0,0,0.000021000
69,70,3,astar,fast,manhattan,gcompare,201,0,0,ok,27,-1,5560,2098,2333,92,1129,3227,376840,0.992,0,0,0,0.000286000
70,71,3,astar,fast,manhattan,gcompare,201,0,0,ok,21,-1,3276,1212,1331,24,733,1945,368648,0.772,0,0,0,0.000157000
71,72,3,astar,fast,manhattan,gcompare,201,0,0,ok,19,-1,550,205,219,6,126,331,368648,0.463,0,0,0,0.000022000
72,73,3,astar,fast,manhattan,gcompare,201,0,0,ok,13,-1,51,18,17,0,16,34,368648,0.340,0,0,0,0.000002000
73,74,3,astar,fast,manhattan,gcompare,201,0,0,ok,19,-1,628,235,250,8,143,378,368648,0.472,0,0,0,0.000025000
74,75,3,astar,fast,manhattan,gcompare,201,0,0,ok,15,-1,167,60,61,1,46,106,368648,0.373,0,0,0,0.000006000
75,76,3,astar,fast,manhattan,gcompare,201,0,0,ok,27,-1,4612,1742,1916,55,954,2696,368648,0.895,0,0,0,0.000228000
76,77,3,astar,fast,manhattan,gcompare,201,0,0,ok,15,-1,291,108,112,0,71,179,368648,0.397,0,0,0,0.000011000
77,78,3,astar,fast,manhattan,gcompare,201,0,0,ok,25,-1,2178,822,885,21,471,1293,368648,0.643,0,0,0,0.000097000
78,79,3,astar,fast,manhattan,gcompare,201,0,0,ok,21,-1,947,356,370,5,221,577,368648,0.515,0,0,0,0.000038000
79,80,3,astar,fast,manhattan,gcompare,201,0,0,ok,27,-1,8051,3023,3419,108,1609,4632,409608,1.171,0,0,0,0.000458000
80,81,3,astar,fast,manhattan,gcompare,201,0,0,ok,23,-1,2974,1104,1222,25,648,1752,368648,0.742,0,0,0,0.000142000
81,82,3,astar,fast,manhattan,gcompare,201,0,0,ok,17,-1,279,101,108,4,70,171,368648,0.410,0,0,0,0.000011000
82,83,3,astar,fast,manhattan,gcompare,201,0,0,ok,23,-1,1596,599,641,12,356,955,368648,0.572,0,0,0,0.000071000
83,84,3,astar,fast,manhattan,gcompare,201,0,0,ok,19,-1,1683,623,675,5,385,1008,368648,0.597,0,0,0,0.000072000
84,85,3,astar,fast,manhattan,gcompare,201,0,0,ok,23,-1,1479,551,587,11,341,892,368648,0.547,0,0,0,0.000060000
85,86,3,astar,fast,manhattan,gcompare,201,0,0,ok,25,-1,4815,1800,1989,51,1026,2826,376840,0.940,0,0,0,0.000238000
86,87,3,astar,fast,manhattan,gcompare,201,0,0,ok,25,-1,4094,1535,1700,50,859,2394,368648,0.842,0,0,0,0.000203000
87,88,3,astar,fast,manhattan,gcompare,201,0,0,ok,21,-1,1505,563,614,22,328,891,368648,0.587,0,0,0,0.000074000
88,89,3,astar,fast,manhattan,gcompare,201,0,0,ok,23,-1,3204,1197,1314,35,693,1890,368648,0.755,0,0,0,0.000150000
89,90,3,astar,fast,manhattan,gcompare,201,0,0,ok,25,-1,4658,1747,1950,49,961,2708,368648,0.914,0,0,0,0.000225000
90,91,3,astar,fast,manhattan,gcompare,201,0,0,ok,17,-1,283,103,107,1,73,176,368648,0.415,0,0,0,0.000011000
91,92,3,astar,fast,manhattan,gcompare,201,0,0,ok,25,-1,2306,867,935,29,504,1371,368648,0.655,0,0,0,0.000105000
92,93,3,astar,fast,manhattan,gcompare,201,0,0,ok,25,-1,6956,2601,2964,108,1391,3992,376840,1.182,0,0,0,0.000368000
93,94,3,astar,fast,manhattan,gcompare,201,0,0,ok,23,-1,2945,1101,1225,24,619,1720,368648,0.750,0,0,0,0.000139000
94,95,3,astar,fast,manhattan,gcompare,201,0,0,ok,25,-1,3703,1394,1532,40,777,2171,368648,0.807,0,0,0,0.000180000
95,96,3,astar,fast,manhattan,gcompare,201,0,0,ok,23,-1,1496,562,612,16,322,884,368648,0.572,0,0,0,0.000063000
96,97,3,astar,fast,manhattan,gcompare,201,0,0,ok,27,-1,7540,2840,3202,107,1498,4338,409608,1.167,0,0,0,0.000425000
97,98,3,astar,fast,manhattan,gcompare,201,0,0,ok,19,-1,1302,481,520,7,301,782,368648,0.575,0,0,0,0.000058000
98,99,3,astar,fast,manhattan,gcompare,201,0,0,ok,21,-1,655,244,255,5,156,400,368648,0.422,0,0,0,0.000025000
99,100,3,astar,fast,manhattan,gcompare,201,0,0,ok,25,-1,2063,785,851,19,427,1212,368648,0.607,0,0,0,0.000091000
100,101,3,astar,fast,manhattan,gcompare,201,0,0,ok,17,-1,389,144,154,6,91,235,368648,0.456,0,0,0,0.000015000
101,102,3,astar,fast,manhattan,gcompare,201,0,0,ok,25,-1,3844,1435,1606,54,803,2238,368648,0.807,0,0,0,0.000186000
102,103,3,astar,fast,manhattan,gcompare,201,0,0,ok,21,-1,840,315,332,7,193,508,368648,0.492,0,0,0,0.000034000
103,104,3,astar,fast,manhattan,gcompare,201,0,0,ok,19,-1,662,244,271,13,147,391,368648,0.470,0,0,0,0.000025000
104,105,3,astar,fast,manhattan,gcompare,201,0,0,ok,25,-1,3370,1252,1403,61,715,1967,368648,0.771,0,0,0,0.000164000
105,106,3,astar,fast,manhattan,gcompare,201,0,0,ok,21,-1,894,334,363,6,197,531,368648,0.512,0,0,0,0.000037000
106,107,3,astar,fast,manhattan,gcompare,201,0,0,ok,15,-1,78,28,27,0,23,51,368648,0.351,0,0,0,0.000003000
107,108,3,astar,fast,manhattan,gcompare,201,0,0,ok,23,-1,1777,670,719,22,388,1058,368648,0.557,0,0,0,0.000076000
108,109,3,astar,fast,manhattan,gcompare,201,0,0,ok,23,-1,3141,1165,1275,25,701,1866,368648,0.739,0,0,0,0.000145000
109,110,3,astar,fast,manhattan,gcompare,201,0,0,ok,19,-1,706,262,281,6,163,425,368648,0.488,0,0,0,0.000028000
110,111,3,astar,fast,manhattan,gcompare,201,0,0,ok,25,-1,4454,1673,1868,52,913,2586,368648,0.892,0,0,0,0.000216000
111,112,3,astar,fast,manhattan,gcompare,201,0,0,ok,25,-1,3659,1375,1528,45,756,2131,368648,0.809,0,0,0,0.000177000
112,113,3,astar,fast,manhattan,gcompare,201,0,0,ok,19,-1,115,42,41,0,32,74,368648,0.386,0,0,0,0.000004000
113,114,3,astar,fast,manhattan,gcompare,201,0,0,ok,25,-1,3505,1309,1448,48,748,2057,368648,0.772,0,0,0,0.000164000
114,115,3,astar,fast,manhattan,gcompare,201,0,0,ok,21,-1,1683,627,697,21,359,986,368648,0.579,0,0,0,0.000072000
115,116,3,astar,fast,manhattan,gcompare,201,0,0,ok,21,-1,841,313,337,8,191,504,368648,0.488,0,0,0,0.000033000
116,117,3,astar,fast,manhattan,gcompare,201,0,0,ok,21,-1,587,219,232,3,136,355,368648,0.464,0,0,0,0.000023000
117,118,3,astar,fast,manhattan,gcompare,201,0,0,ok,23,-1,961,362,381,9,218,580,368648,0.501,0,0,0,0.000037000
118,119,3,astar,fast,manhattan,gcompare,201,0,0,ok,23,-1,1774,663,735,28,376,1039,368648,0.575,0,0,0,0.000074000
119,120,3,astar,fast,manhattan,gcompare,201,0,0,ok,23,-1,3160,1176,1279,23,705,1881,368648,0.761,0,0,0,0.000143000
120,121,3,astar,fast,manhattan,gcompare,201,0,0,ok,17,-1,459,169,178,5,112,281,368648,0.450,0,0,0,0.000018000
121,122,3,astar,fast,manhattan,gcompare,201,0,0,ok,15,-1,176,64,65,1,47,111,368648,0.394,0,0,0,0.000007000
122,123,3,astar,fast,manhattan,gcompare,201,0,0,ok,23,-1,3583,1338,1475,32,770,2108,368648,0.828,0,0,0,0.000166000
123,124,3,astar,fast,manhattan,gcompare,201,0,0,ok,23,-1,5062,1888,2124,60,1050,2938,376840,0.975,0,0,0,0.000254000
124,125,3,astar,fast,manhattan,gcompare,201,0,0,ok,23,-1,1052,397,424,12,231,628,368648,0.513,0,0,0,0.000043000
125,126,3,astar,fast,manhattan,gcompare,201,0,0,ok,21,-1,1272,473,504,11,295,768,368648,0.529,0,0,0,0.000053000
126,127,3,astar,fast,manhattan,gcompare,201,0,0,ok,23,-1,1321,490,538,12,293,783,368648,0.557,0,0,0,0.000054000
127,128,3,astar,fast,manhattan,gcompare,201,0,0,ok,23,-1,2045,768,824,20,453,1221,368648,0.628,0,0,0,0.000089000
128,129,3,astar,fast,manhattan,gcompare,201,0,0,ok,25,-1,3241,1217,1355,50,669,1886,368648,0.760,0,0,0,0.000148000
129,130,3,astar,fast,manhattan,gcompare,201,0,0,ok,21,-1,493,183,197,7,113,296,368648,0.441,0,0,0,0.000018000
130,131,3,astar,fast,manhattan,gcompare,201,0,0,ok,19,-1,588,220,234,5,134,354,368648,0.453,0,0,0,0.000022000
131,132,3,astar,fast,manhattan,gcompare,201,0,0,ok,25,-1,5574,2088,2335,88,1151,3239,376840,0.976,0,0,0,0.000283000
132,133,3,astar,fast,manhattan,gcompare,201,0,0,ok,19,-1,688,255,273,5,160,415,368648,0.485,0,0,0,0.000028000
133,134,3,astar,fast,manhattan,gcompare,201,0,0,ok,19,-1,624,232,246,4,146,378,368648,0.457,0,0,0,0.000025000
134,135,3,astar,fast,manhattan,gcompare,201,0,0,ok,25,-1,1910,719,777,23,414,1133,368648,0.595,0,0,0,0.000081000
135,136,3,astar,fast,manhattan,gcompare,201,0,0,ok,23,-1,3450,1289,1437,36,724,2013,368648,0.778,0,0,0,0.000160000
136,137,3,astar,fast,manhattan,gcompare,201,0,0,ok,17,-1,115,42,42,0,31,73,368648,0.377,0,0,0,0.000005000
137,138,3,astar,fast,manhattan,gcompare,201,0,0,ok,17,-1,114,41,40,0,33,74,368648,0.354,0,0,0,0.000004000
138,139,3,astar,fast,manhattan,gcompare,201,0,0,ok,25,-1,2257,846,919,28,492,1338,368648,0.632,0,0,0,0.000099000
139,140,3,astar,fast,manhattan,gcompare,201,0,0,ok,21,-1,1481,554,601,18,326,880,368648,0.536,0,0,0,0.000061000
140,141,3,astar,fast,manhattan,gcompare,201,0,0,ok,25,-1,5121,1922,2158,68,1041,2963,376840,0.968,0,0,0,0.000256000
141,142,3,astar,fast,manhattan,gcompare,201,0,0,ok,23,-1,1121,422,464,11,235,657,368648,0.520,0,0,0,0.000047000
142,143,3,astar,fast,manhattan,gcompare,201,0,0,ok,25,-1,5581,2084,2334,55,1163,3247,376840,1.016,0,0,0,0.000282000
143,144,3,astar,fast,manhattan,gcompare,201,0,0,ok,21,-1,1166,431,472,17,263,694,368648,0.543,0,0,0,0.000049000
144,145,3,astar,fast,manhattan,gcompare,201,0,0,ok,21,-1,423,158,163,2,102,260,368648,0.434,0,0,0,0.000017000
145,146,3,astar,fast,manhattan,gcompare,201,0,0,ok,19,-1,438,160,167,3,111,271,368648,0.419,0,0,0,0.000016000
146,147,3,astar,fast,manhattan,gcompare,201,0,0,ok,23,-1,1896,708,768,25,420,1128,368648,0.576,0,0,0,0.000080000
147,148,3,astar,fast,manhattan,gcompare,201,0,0,ok,27,-1,4858,1833,2010,58,1015,2848,368648,0.918,0,0,0,0.000240000
148,149,3,astar,fast,manhattan,gcompare,201,0,0,ok,27,-1,4237,1601,1771,64,865,2466,368648,0.847,0,0,0,0.000203000
149,150,3,astar,fast,manhattan,gcompare,201,0,0,ok,23,-1,5232,1956,2193,54,1083,3039,376840,0.989,0,0,0,0.000285000
150,151,3,astar,fast,manhattan,gcompare,201,0,0,ok,23,-1,2473,918,1014,25,541,1459,368648,0.687,0,0,0,0.000115000
151,152,3,astar,fast,manhattan,gcompare,201,0,0,ok,23,-1,1860,700,755,19,405,1105,368648,0.606,0,0,0,0.000086000
152,153,3,astar,fast,manhattan,gcompare,201,0,0,ok,23,-1,2318,864,946,18,508,1372,368648,0.644,0,0,0,0.000103000
153,154,3,astar,fast,manhattan,gcompare,201,0,0,ok,21,-1,616,231,245,6,140,371,368648,0.457,0,0,0,0.000025000
154,155,3,astar,fast,manhattan,gcompare,201,0,0,ok,27,-1,3846,1453,1612,53,781,2234,368648,0.807,0,0,0,0.000190000
155,156,3,astar,fast,manhattan,gcompare,201,0,0,ok,21,-1,1640,609,647,12,384,993,368648,0.563,0,0,0,0.000075000
156,157,3,astar,fast,manhattan,gcompare,201,0,0,ok,25,-1,2331,882,954,20,495,1377,368648,0.658,0,0,0,0.000103000
157,158,3,astar,fast,manhattan,gcompare,201,0,0,ok,13,-1,197,72,74,1,51,123,368648,0.413,0,0,0,0.000007000
158,159,3,astar,fast,manhattan,gcompare,201,0,0,ok,23,-1,2132,795,855,18,482,1277,368648,0.635,0,0,0,0.000095000
159,160,3,astar,fast,manhattan,gcompare,201,0,0,ok,19,-1,1161,430,464,9,267,697,368648,0.508,0,0,0,0.000048000
160,161,3,astar,fast,manhattan,gcompare,201,0,0,ok,19,-1,71,26,25,0,20,46,368648,0.357,0,0,0,0.000003000
161,162,3,astar,fast,manhattan,gcompare,201,0,0,ok,13,-1,40,13,12,0,15,28,368648,0.308,0,0,0,0.000002000
162,163,3,astar,fast,manhattan,gcompare,201,0,0,ok,23,-1,2540,953,1051,38,536,1489,368648,0.677,0,0,0,0.000115000
163,164,3,astar,fast,manhattan,gcompare,201,0,0,ok,23,-1,1553,585,630,13,338,923,368648,0.573,0,0,0,0.000066000
164,165,3,astar,fast,manhattan,gcompare,201,0,0,ok,21,-1,1344,502,535,9,307,809,368648,0.552,0,0,0,0.000058000
165,166,3,astar,fast,manhattan,gcompare,201,0,0,ok,19,-1,661,244,259,4,158,402,368648,0.450,0,0,0,0.000026000
166,167,3,astar,fast,manhattan,gcompare,201,0,0,ok,25,-1,8167,3063,3504,125,1600,4663,409608,1.179,0,0,0,0.000471000
167,168,3,astar,fast,manhattan,gcompare,201,0,0,ok,25,-1,1314,496,528,14,290,786,368648,0.558,0,0,0,0.000060000
168,169,3,astar,fast,manhattan,gcompare,201,0,0,ok,23,-1,2256,846,926,21,484,1330,368648,0.661,0,0,0,0.000106000
169,170,3,astar,fast,manhattan,gcompare,201,0,0,ok,21,-1,729,271,289,7,169,440,368648,0.481,0,0,0,0.000030000
170,171,3,astar,fast,manhattan,gcompare,201,0,0,ok,25,-1,2833,1067,1149,24,617,1684,368648,0.695,0,0,0,0.000130000
171,172,3,astar,fast,manhattan,gcompare,201,0,0,ok,21,-1,349,130,132,1,87,217,368648,0.417,0,0,0,0.000013000
172,173,3,astar,fast,manhattan,gcompare,201,0,0,ok,19,-1,1083,401,433,8,249,650,368648,0.522,0,0,0,0.000046000
173,174,3,astar,fast,manhattan,gcompare,201,0,0,ok,23,-1,4525,1688,1906,44,931,2619,368648,0.899,0,0,0,0.000229000
174,175,3,astar,fast,manhattan,gcompare,201,0,0,ok,25,-1,5164,1931,2138,54,1095,3026,376840,0.972,0,0,0,0.000266000
175,176,3,astar,fast,manhattan,gcompare,201,0,0,ok,25,-1,2055,771,844,26,440,1211,368648,0.639,0,0,0,0.000096000
176,177,3,astar,fast,manhattan,gcompare,201,0,0,ok,23,-1,1552,584,630,22,338,922,368648,0.578,0,0,0,0.000066000
177,178,3,astar,fast,manhattan,gcompare,201,0,0,ok,27,-1,11380,4272,4829,133,2279,6551,425992,1.238,0,0,0,0.000668000
178,179,3,astar,fast,manhattan,gcompare,201,0,0,ok,19,-1,527,196,205,3,126,322,368648,0.475,0,0,0,0.000023000
179,180,3,astar,fast,manhattan,gcompare,201,0,0,ok,21,-1,1391,516,564,12,311,827,368648,0.542,0,0,0,0.000060000
180,181,3,astar,fast,manhattan,gcompare,201,0,0,ok,25,-1,1451,549,584,10,318,867,368648,0.566,0,0,0,0.000063000
181,182,3,astar,fast,manhattan,gcompare,201,0,0,ok,21,-1,1095,411,443,8,241,652,368648,0.529,0,0,0,0.000045000
182,183,3,astar,fast,manhattan,gcompare,201,0,0,ok,27,-1,9596,3602,4043,109,1951,5553,409608,1.187,0,0,0,0.000556000
183,184,3,astar,fast,manhattan,gcompare,201,0,0,ok,21,-1,723,265,286,10,172,437,368648,0.468,0,0,0,0.000030000
184,185,3,astar,fast,manhattan,gcompare,201,0,0,ok,15,-1,166,62,61,0,43,105,368648,0.388,0,0,0,0.000007000
185,186,3,astar,fast,manhattan,gcompare,201,0,0,ok,21,-1,561,210,222,5,129,339,368648,0.468,0,0,0,0.000022000
186,187,3,astar,fast,manhattan,gcompare,201,0,0,ok,21,-1,775,290,306,7,179,469,368648,0.464,0,0,0,0.000031000
187,188,3,astar,fast,manhattan,gcompare,201,0,0,ok,25,-1,4801,1804,1993,51,1004,2808,368648,0.927,0,0,0,0.000244000
188,189,3,astar,fast,manhattan,gcompare,201,0,0,ok,27,-1,6981,2625,2981,123,1375,4000,376840,1.108,0,0,0,0.000383000
189,190,3,astar,fast,manhattan,gcompare,201,0,0,ok,25,-1,6480,2425,2721,102,1334,3759,376840,1.106,0,0,0,0.000349000
190,191,3,astar,fast,manhattan,gcompare,201,0,0,ok,23,-1,1663,624,698,25,341,965,368648,0.596,0,0,0,0.000077000
191,192,3,astar,fast,manhattan,gcompare,201,0,0,ok,25,-1,4747,1776,1988,67,983,2759,368648,0.915,0,0,0,0.000243000
192,193,3,astar,fast,manhattan,gcompare,201,0,0,ok,23,-1,2419,899,990,26,530,1429,368648,0.660,0,0,0,0.000113000
193,194,3,astar,fast,manhattan,gcompare,201,0,0,ok,21,-1,1961,724,786,8,451,1175,368648,0.639,0,0,0,0.000087000
194,195,3,astar,fast,manhattan,gcompare,201,0,0,ok,27,-1,5805,2187,2388,55,1230,3417,376840,1.028,0,0,0,0.000303000
195,196,3,astar,fast,manhattan,gcompare,201,0,0,ok,19,-1,134,50,51,1,33,83,368648,0.414,0,0,0,0.000005000
196,197,3,astar,fast,manhattan,gcompare,201,0,0,ok,23,-1,1800,673,737,25,390,1063,368648,0.602,0,0,0,0.000080000
197,198,3,astar,fast,manhattan,gcompare,201,0,0,ok,17,-1,211,79,79,0,53,132,368648,0.424,0,0,0,0.000008000
198,199,3,astar,fast,manhattan,gcompare,201,0,0,ok,21,-1,904,334,369,13,201,535,368648,0.492,0,0,0,0.000038000
199,200,3,astar,fast,manhattan,gcompare,201,0,0,ok,15,-1,219,80,83,2,56,136,368648,0.390,0,0,0,0.000008000
200,201,3,astar,fast,manhattan,gcompare,201,0,0,ok,27,-1,7137,2681,2994,89,1462,4143,409608,1.149,0,0,0,0.000407000
201,202,3,astar,fast,manhattan,gcompare,201,0,0,ok,21,-1,651,239,254,5,158,397,368648,0.475,0,0,0,0.000027000
202,203,3,astar,fast,manhattan,gcompare,201,0,0,ok,17,-1,505,187,198,3,120,307,368648,0.431,0,0,0,0.000020000
203,204,3,astar,fast,manhattan,gcompare,201,0,0,ok,25,-1,4084,1528,1692,41,864,2392,368648,0.853,0,0,0,0.000203000
204,205,3,astar,fast,manhattan,gcompare,201,0,0,ok,29,-1,16280,6130,7044,289,3106,9236,819216,1.307,0,0,0,0.001044000
205,206,3,astar,fast,manhattan,gcompare,201,0,0,ok,17,-1,160,59,60,1,41,100,368648,0.390,0,0,0,0.000006000
206,207,3,astar,fast,manhattan,gcompare,201,0,0,ok,25,-1,1744,658,710,22,376,1034,368648,0.574,0,0,0,0.000077000
207,208,3,astar,fast,manhattan,gcompare,201,0,0,ok,23,-1,1063,398,417,8,248,646,368648,0.502,0,0,0,0.000045000
208,209,3,astar,fast,manhattan,gcompare,201,0,0,ok,21,-1,725,271,292,9,162,433,368648,0.503,0,0,0,0.000029000
209,210,3,astar,fast,manhattan,gcompare,201,0,0,ok,23,-1,1378,515,546,6,317,832,368648,0.542,0,0,0,0.000056000
210,211,3,astar,fast,manhattan,gcompare,201,0,0,ok,19,-1,1107,411,445,9,251,662,368648,0.496,0,0,0,0.000045000
211,212,3,astar,fast,manhattan,gcompare,201,0,0,ok,23,-1,1470,551,602,19,317,868,368648,0.551,0,0,0,0.000060000
212,213,3,astar,fast,manhattan,gcompare,201,0,0,ok,21,-1,1774,660,729,20,385,1045,368648,0.597,0,0,0,0.000077000
213,214,3,astar,fast,manhattan,gcompare,201,0,0,ok,17,-1,320,117,123,3,80,197,368648,0.423,0,0,0,0.000012000
214,215,3,astar,fast,manhattan,gcompare,201,0,0,ok,23,-1,795,298,324,10,173,471,368648,0.477,0,0,0,0.000032000
215,216,3,astar,fast,manhattan,gcompare,201,0,0,ok,21,-1,1537,574,622,14,341,915,368648,0.555,0,0,0,0.000063000
216,217,3,astar,fast,manhattan,gcompare,201,0,0,ok,23,-1,1139,426,458,10,255,681,368648,0.522,0,0,0,0.000045000
217,218,3,astar,fast,manhattan,gcompare,201,0,0,ok,27,-1,5686,2144,2364,74,1178,3322,376840,0.999,0,0,0,0.000296000
218,219,3,astar,fast,manhattan,gcompare,201,0,0,ok,17,-1,540,199,213,5,128,327,368648,0.464,0,0,0,0.000022000
219,220,3,astar,fast,manhattan,gcompare,201,0,0,ok,17,-1,240,87,88,0,65,152,368648,0.393,0,0,0,0.000008000
220,221,3,astar,fast,manhattan,gcompare,201,0,0,ok,25,-1,2715,1027,1135,32,553,1580,368648,0.724,0,0,0,0.000126000
221,222,3,astar,fast,manhattan,gcompare,201,0,0,ok,25,-1,2868,1078,1190,31,600,1678,368648,0.747,0,0,0,0.000135000
222,223,3,astar,fast,manhattan,gcompare,201,0,0,ok,25,-1,2393,904,992,35,497,1401,368648,0.648,0,0,0,0.000108000
223,224,3,astar,fast,manhattan,gcompare,201,0,0,ok,15,-1,322,118,121,0,83,201,368648,0.439,0,0,0,0.000012000
224,225,3,astar,fast,manhattan,gcompare,201,0,0,ok,23,-1,1247,468,501,14,278,746,368648,0.552,0,0,0,0.000051000
225,226,3,astar,fast,manhattan,gcompare,201,0,0,ok,25,-1,2503,947,1037,40,519,1466,368648,0.671,0,0,0,0.000112000
226,227,3,astar,fast,manhattan,gcompare,201,0,0,ok,23,-1,3414,1275,1399,27,740,2015,368648,0.756,0,0,0,0.000158000
227,228,3,astar,fast,manhattan,gcompare,201,0,0,ok,25,-1,1148,434,473,15,241,675,368648,0.528,0,0,0,0.000047000
228,229,3,astar,fast,manhattan,gcompare,201,0,0,ok,17,-1,188,69,69,0,50,119,368648,0.396,0,0,0,0.000007000
229,230,3,astar,fast,manhattan,gcompare,201,0,0,ok,21,-1,1054,395,424,11,235,630,368648,0.540,0,0,0,0.000044000
230,231,3,astar,fast,manhattan,gcompare,201,0,0,ok,25,-1,3024,1154,1248,38,622,1776,368648,0.695,0,0,0,0.000139000
231,232,3,astar,fast,manhattan,gcompare,201,0,0,ok,21,-1,1113,414,443,10,256,670,368648,0.528,0,0,0,0.000048000
232,233,3,astar,fast,manhattan,gcompare,201,0,0,ok,27,-1,6390,2401,2691,101,1298,3699,376840,1.077,0,0,0,0.000336000
233,234,3,astar,fast,manhattan,gcompare,201,0,0,ok,21,-1,1872,693,758,18,421,1114,368648,0.625,0,0,0,0.000084000
234,235,3,astar,fast,manhattan,gcompare,201,0,0,ok,21,-1,1027,385,409,8,233,618,368648,0.492,0,0,0,0.000040000
235,236,3,astar,fast,manhattan,gcompare,201,0,0,ok,21,-1,931,348,378,12,205,553,368648,0.511,0,0,0,0.000037000
236,237,3,astar,fast,manhattan,gcompare,201,0,0,ok,27,-1,7645,2877,3251,119,1517,4394,409608,1.162,0,0,0,0.000435000
237,238,3,astar,fast,manhattan,gcompare,201,0,0,ok,21,-1,1444,537,588,15,319,856,368648,0.560,0,0,0,0.000062000
238,239,3,astar,fast,manhattan,gcompare,201,0,0,ok,19,-1,438,162,169,2,107,269,368648,0.432,0,0,0,0.000016000
239,240,3,astar,fast,manhattan,gcompare,201,0,0,ok,25,-1,2692,1015,1095,25,582,1597,368648,0.691,0,0,0,0.000125000
240,241,3,astar,fast,manhattan,gcompare,201,0,0,ok,19,-1,589,220,232,2,137,357,368648,0.473,0,0,0,0.000023000
241,242,3,astar,fast,manhattan,gcompare,201,0,0,ok,17,-1,115,41,41,1,33,74,368648,0.386,0,0,0,0.000005000
242,243,3,astar,fast,manhattan,gcompare,201,0,0,ok,23,-1,2783,1048,1134,30,601,1649,368648,0.715,0,0,0,0.000125000
243,244,3,astar,fast,manhattan,gcompare,201,0,0,ok,23,-1,3348,1257,1380,37,711,1968,368648,0.772,0,0,0,0.000155000
244,245,3,astar,fast,manhattan,gcompare,201,0,0,ok,15,-1,255,94,98,2,63,157,368648,0.429,0,0,0,0.000009000
245,246,3,astar,fast,manhattan,gcompare,201,0,0,ok,23,-1,3322,1242,1386,41,694,1936,368648,0.776,0,0,0,0.000154000
246,247,3,astar,fast,manhattan,gcompare,201,0,0,ok,21,-1,552,205,220,7,127,332,368648,0.446,0,0,0,0.000020000
247,248,3,astar,fast,manhattan,gcompare,201,0,0,ok,27,-1,11352,4275,4867,191,2210,6485,425992,1.211,0,0,0,0.000656000
248,249,3,astar,fast,manhattan,gcompare,201,0,0,ok,29,-1,7125,2701,3041,143,1383,4084,376840,1.104,0,0,0,0.000385000
249,250,3,astar,fast,manhattan,gcompare,201,0,0,ok,29,-1,12483,4718,5446,205,2319,7037,425992,1.257,0,0,0,0.000736000
250,251,3,astar,fast,manhattan,gcompare,201,0,0,ok,25,-1,1857,703,754,15,400,1103,368648,0.611,0,0,0,0.000084000
251,252,3,astar,fast,manhattan,gcompare,201,0,0,ok,23,-1,1143,427,464,14,252,679,368648,0.529,0,0,0,0.000047000
252,253,3,astar,fast,manhattan,gcompare,201,0,0,ok,23,-1,3150,1173,1276,23,701,1874,368648,0.752,0,0,0,0.000152000
253,254,3,astar,fast,manhattan,gcompare,201,0,0,ok,23,-1,1463,551,605,20,307,858,368648,0.566,0,0,0,0.000063000
254,255,3,astar,fast,manhattan,gcompare,201,0,0,ok,21,-1,1525,566,612,11,347,913,368648,0.558,0,0,0,0.000063000
255,256,3,astar,fast,manhattan,gcompare,201,0,0,ok,21,-1,377,140,142,1,95,235,368648,0.436,0,0,0,0.000014000
256,257,3,astar,fast,manhattan,gcompare,201,0,0,ok,21,-1,515,191,214,11,110,301,368648,0.449,0,0,0,0.000020000
257,258,3,astar,fast,manhattan,gcompare,201,0,0,ok,23,-1,669,251,259,4,159,410,368648,0.436,0,0,0,0.000025000
258,259,3,astar,fast,manhattan,gcompare,201,0,0,ok,19,-1,508,188,204,8,116,304,368648,0.448,0,0,0,0.000019000
259,260,3,astar,fast,manhattan,gcompare,201,0,0,ok,27,-1,5747,2160,2390,84,1197,3357,376840,1.031,0,0,0,0.000301000
260,261,3,astar,fast,manhattan,gcompare,201,0,0,ok,27,-1,3671,1395,1531,64,745,2140,368648,0.799,0,0,0,0.000180000
261,262,3,astar,fast,manhattan,gcompare,201,0,0,ok,23,-1,2337,874,952,22,511,1385,368648,0.658,0,0,0,0.000105000
262,263,3,astar,fast,manhattan,gcompare,201,0,0,ok,21,-1,1211,448,490,9,273,721,368648,0.542,0,0,0,0.000050000
263,264,3,astar,fast,manhattan,gcompare,201,0,0,ok,23,-1,1657,622,674,24,361,983,368648,0.592,0,0,0,0.000072000
264,265,3,astar,fast,manhattan,gcompare,201,0,0,ok,21,-1,682,254,276,9,152,406,368648,0.476,0,0,0,0.000026000
265,266,3,astar,fast,manhattan,gcompare,201,0,0,ok,25,-1,2330,869,946,26,515,1384,368648,0.675,0,0,0,0.000104000
266,267,3,astar,fast,manhattan,gcompare,201,0,0,ok,27,-1,4381,1656,1833,63,892,2548,368648,0.857,0,0,0,0.000213000
267,268,3,astar,fast,manhattan,gcompare,201,0,0,ok,19,-1,153,57,56,0,40,97,368648,0.382,0,0,0,0.000006000
268,269,3,astar,fast,manhattan,gcompare,201,0,0,ok,25,-1,4271,1604,1791,55,876,2480,368648,0.878,0,0,0,0.000206000
269,270,3,astar,fast,manhattan,gcompare,201,0,0,ok,25,-1,2936,1104,1216,33,616,1720,368648,0.706,0,0,0,0.000133000
270,271,3,astar,fast,manhattan,gcompare,201,0,0,ok,25,-1,2226,836,915,28,475,1311,368648,0.655,0,0,0,0.000096000
271,272,3,astar,fast,manhattan,gcompare,201,0,0,ok,17,-1,262,97,98,1,67,164,368648,0.414,0,0,0,0.000009000
272,273,3,astar,fast,manhattan,gcompare,201,0,0,ok,19,-1,795,294,313,6,188,482,368648,0.518,0,0,0,0.000032000
273,274,3,astar,fast,manhattan,gcompare,201,0,0,ok,27,-1,5482,2067,2313,83,1102,3169,376840,0.995,0,0,0,0.000273000
274,275,3,astar,fast,manhattan,gcompare,201,0,0,ok,17,-1,193,71,78,4,44,115,368648,0.406,0,0,0,0.000008000
275,276,3,astar,fast,manhattan,gcompare,201,0,0,ok,25,-1,1623,612,671,26,340,952,368648,0.583,0,0,0,0.000069000
276,277,3,astar,fast,manhattan,gcompare,201,0,0,ok,21,-1,793,297,319,9,177,474,368648,0.485,0,0,0,0.000032000
277,278,3,astar,fast,manhattan,gcompare,201,0,0,ok,25,-1,2827,1055,1183,51,589,1644,368648,0.705,0,0,0,0.000127000
278,279,3,astar,fast,manhattan,gcompare,201,0,0,ok,23,-1,3666,1377,1526,43,763,2140,368648,0.805,0,0,0,0.000172000
279,280,3,astar,fast,manhattan,gcompare,201,0,0,ok,21,-1,1354,506,555,12,293,799,368648,0.564,0,0,0,0.000057000
280,281,3,astar,fast,manhattan,gcompare,201,0,0,ok,21,-1,409,154,159,3,96,250,368648,0.456,0,0,0,0.000015000
281,282,3,astar,fast,manhattan,gcompare,201,0,0,ok,25,-1,2315,871,946,32,498,1369,368648,0.650,0,0,0,0.000101000
282,283,3,astar,fast,manhattan,gcompare,201,0,0,ok,27,-1,2741,1040,1139,37,562,1602,368648,0.683,0,0,0,0.000121000
283,284,3,astar,fast,manhattan,gcompare,201,0,0,ok,27,-1,6937,2607,2946,116,1384,3991,376840,1.165,0,0,0,0.000378000
284,285,3,astar,fast,manhattan,gcompare,201,0,0,ok,25,-1,2860,1074,1182,44,604,1678,368648,0.727,0,0,0,0.000133000
285,286,3,astar,fast,manhattan,gcompare,201,0,0,ok,23,-1,586,220,246,13,120,340,368648,0.470,0,0,0,0.000022000
286,287,3,astar,fast,manhattan,gcompare,201,0,0,ok,21,-1,1016,378,411,6,227,605,368648,0.548,0,0,0,0.000042000
287,288,3,astar,fast,manhattan,gcompare,201,0,0,ok,25,-1,3612,1352,1475,39,785,2137,368648,0.801,0,0,0,0.000174000
288,289,3,astar,fast,manhattan,gcompare,201,0,0,ok,25,-1,3892,1459,1603,40,830,2289,368648,0.845,0,0,0,0.000186000
289,290,3,astar,fast,manhattan,gcompare,201,0,0,ok,21,-1,1598,594,653,15,351,945,368648,0.574,0,0,0,0.000069000
290,291,3,astar,fast,manhattan,gcompare,201,0,0,ok,21,-1,771,287,315,12,169,456,368648,0.486,0,0,0,0.000029000
291,292,3,astar,fast,manhattan,gcompare,201,0,0,ok,23,-1,2284,853,912,25,519,1372,368648,0.646,0,0,0,0.000098000
292,293,3,astar,fast,manhattan,gcompare,201,0,0,ok,23,-1,673,252,275,7,146,398,368648,0.460,0,0,0,0.000025000
293,294,3,astar,fast,manhattan,gcompare,201,0,0,ok,17,-1,145,55,56,1,34,89,368648,0.403,0,0,0,0.000006000
294,295,3,astar,fast,manhattan,gcompare,201,0,0,ok,19,-1,505,189,195,3,121,310,368648,0.468,0,0,0,0.000020000
295,296,3,astar,fast,manhattan,gcompare,201,0,0,ok,21,-1,583,217,234,9,132,349,368648,0.466,0,0,0,0.000022000
296,297,3,astar,fast,manhattan,gcompare,201,0,0,ok,25,-1,1442,546,579,16,317,863,368648,0.556,0,0,0,0.000059000
297,298,3,astar,fast,manhattan,gcompare,201,0,0,ok,21,-1,713,266,276,5,171,437,368648,0.466,0,0,0,0.000026000
298,299,3,astar,fast,manhattan,gcompare,201,0,0,ok,17,-1,751,277,301,5,173,450,368648,0.497,0,0,0,0.000030000
299,300,3,astar,fast,manhattan,gcompare,201,0,0,ok,27,-1,6693,2528,2816,117,1349,3877,376840,1.123,0,0,0,0.000355000
300,301,3,astar,fast,manhattan,gcompare,201,0,0,ok,19,-1,326,121,130,5,75,196,368648,0.434,0,0,0,0.000013000
301,302,3,astar,fast,manhattan,gcompare,201,0,0,ok,19,-1,652,245,266,8,141,386,368648,0.502,0,0,0,0.000027000
302,303,3,astar,fast,manhattan,gcompare,201,0,0,ok,21,-1,1332,495,542,14,295,790,368648,0.552,0,0,0,0.000054000
303,304,3,astar,fast,manhattan,gcompare,201,0,0,ok,27,-1,4322,1635,1792,59,895,2530,368648,0.848,0,0,0,0.000209000
304,305,3,astar,fast,manhattan,gcompare,201,0,0,ok,23,-1,2537,955,1049,27,533,1488,368648,0.679,0,0,0,0.000114000
305,306,3,astar,fast,manhattan,gcompare,201,0,0,ok,23,-1,1217,456,493,16,268,724,368648,0.540,0,0,0,0.000050000
306,307,3,astar,fast,manhattan,gcompare,201,0,0,ok,19,-1,203,76,75,0,52,128,368648,0.441,0,0,0,0.000008000
307,308,3,astar,fast,manhattan,gcompare,201,0,0,ok,23,-1,1627,611,660,17,356,967,368648,0.568,0,0,0,0.000067000
308,309,3,astar,fast,manhattan,gcompare,201,0,0,ok,19,-1,750,280,301,4,169,449,368648,0.498,0,0,0,0.000029000
309,310,3,astar,fast,manhattan,gcompare,201,0,0,ok,21,-1,2330,870,953,17,507,1377,368648,0.657,0,0,0,0.000103000
310,311,3,astar,fast,manhattan,gcompare,201,0,0,ok,23,-1,4089,1522,1721,27,846,2368,368648,0.875,0,0,0,0.000191000
311,312,3,astar,fast,manhattan,gcompare,201,0,0,ok,25,-1,3428,1289,1409,38,730,2019,368648,0.796,0,0,0,0.000166000
312,313,3,astar,fast,manhattan,gcompare,201,0,0,ok,19,-1,325,121,123,1,81,202,368648,0.432,0,0,0,0.000012000
313,314,3,astar,fast,manhattan,gcompare,201,0,0,ok,17,-1,269,100,103,1,66,166,368648,0.437,0,0,0,0.000010000
314,315,3,astar,fast,manhattan,gcompare,201,0,0,ok,23,-1,4379,1638,1841,52,900,2538,368648,0.902,0,0,0,0.000208000
315,316,3,astar,fast,manhattan,gcompare,201,0,0,ok,27,-1,6081,2290,2533,92,1258,3548,376840,1.049,0,0,0,0.000316000
316,317,3,astar,fast,manhattan,gcompare,201,0,0,ok,19,-1,508,188,204,9,116,304,368648,0.489,0,0,0,0.000021000
317,318,3,astar,fast,manhattan,gcompare,201,0,0,ok,21,-1,630,234,245,5,151,385,368648,0.456,0,0,0,0.000024000
318,319,3,astar,fast,manhattan,gcompare,201,0,0,ok,17,-1,123,45,46,1,32,77,368648,0.377,0,0,0,0.000005000
319,320,3,astar,fast,manhattan,gcompare,201,0,0,ok,17,-1,366,135,136,1,95,230,368648,0.425,0,0,0,0.000013000
320,321,3,astar,fast,manhattan,gcompare,201,0,0,ok,25,-1,2690,1009,1115,44,566,1575,368648,0.710,0,0,0,0.000128000
321,322,3,astar,fast,manhattan,gcompare,201,0,0,ok,23,-1,1177,443,474,13,260,703,368648,0.548,0,0,0,0.000047000
322,323,3,astar,fast,manhattan,gcompare,201,0,0,ok,23,-1,2760,1033,1129,33,598,1631,368648,0.722,0,0,0,0.000126000
323,324,3,astar,fast,manhattan,gcompare,201,0,0,ok,23,-1,1241,459,485,6,297,756,368648,0.515,0,0,0,0.000050000
324,325,3,astar,fast,manhattan,gcompare,201,0,0,ok,19,-1,329,122,129,3,78,200,368648,0.436,0,0,0,0.000012000
325,326,3,astar,fast,manhattan,gcompare,201,0,0,ok,23,-1,808,304,328,9,176,480,368648,0.517,0,0,0,0.000031000
326,327,3,astar,fast,manhattan,gcompare,201,0,0,ok,21,-1,1023,378,403,5,242,620,368648,0.498,0,0,0,0.000039000
327,328,3,astar,fast,manhattan,gcompare,201,0,0,ok,21,-1,2838,1061,1159,23,618,1679,368648,0.693,0,0,0,0.000125000
328,329,3,astar,fast,manhattan,gcompare,201,0,0,ok,21,-1,1449,538,575,7,336,874,368648,0.573,0,0,0,0.000057000
329,330,3,astar,fast,manhattan,gcompare,201,0,0,ok,23,-1,726,274,289,8,163,437,368648,0.447,0,0,0,0.000027000
330,331,3,astar,fast,manhattan,gcompare,201,0,0,ok,19,-1,355,131,140,4,84,215,368648,0.438,0,0,0,0.000013000
331,332,3,astar,fast,manhattan,gcompare,201,0,0,ok,23,-1,2201,823,879,25,499,1322,368648,0.631,0,0,0,0.000093000
332,333,3,astar,fast,manhattan,gcompare,201,0,0,ok,13,-1,139,51,50,0,38,89,368648,0.377,0,0,0,0.000005000
333,334,3,astar,fast,manhattan,gcompare,201,0,0,ok,23,-1,1800,674,736,23,390,1064,368648,0.596,0,0,0,0.000075000
334,335,3,astar,fast,manhattan,gcompare,201,0,0,ok,25,-1,3248,1219,1355,54,674,1893,368648,0.741,0,0,0,0.000147000
335,336,3,astar,fast,manhattan,gcompare,201,0,0,ok,19,-1,744,275,287,2,182,457,368648,0.463,0,0,0,0.000029000
336,337,3,astar,fast,manhattan,gcompare,201,0,0,ok,17,-1,824,305,325,4,194,499,368648,0.502,0,0,0,0.000032000
337,338,3,astar,fast,manhattan,gcompare,201,0,0,ok,23,-1,555,207,215,3,133,340,368648,0.428,0,0,0,0.000020000
338,339,3,astar,fast,manhattan,gcompare,201,0,0,ok,21,-1,1047,385,414,12,248,633,368648,0.507,0,0,0,0.000041000
339,340,3,astar,fast,manhattan,gcompare,201,0,0,ok,25,-1,2363,889,957,27,517,1406,368648,0.652,0,0,0,0.000101000
340,341,3,astar,fast,manhattan,gcompare,201,0,0,ok,25,-1,4211,1588,1753,47,870,2458,368648,0.866,0,0,0,0.000199000
341,342,3,astar,fast,manhattan,gcompare,201,0,0,ok,23,-1,2860,1070,1168,21,622,1692,368648,0.720,0,0,0,0.000129000
342,343,3,astar,fast,manhattan,gcompare,201,0,0,ok,25,-1,3375,1266,1429,45,680,1946,368648,0.761,0,0,0,0.000156000
343,344,3,astar,fast,manhattan,gcompare,201,0,0,ok,21,-1,1025,383,425,19,217,600,368648,0.516,0,0,0,0.000042000
344,345,3,astar,fast,manhattan,gcompare,201,0,0,ok,25,-1,5247,1965,2172,46,1110,3075,376840,0.961,0,0,0,0.000259000
345,346,3,astar,fast,manhattan,gcompare,201,0,0,ok,27,-1,2581,979,1065,37,537,1516,368648,0.645,0,0,0,0.000114000
346,347,3,astar,fast,manhattan,gcompare,201,0,0,ok,19,-1,904,337,371,13,196,533,368648,0.494,0,0,0,0.000036000
347,348,3,astar,fast,manhattan,gcompare,201,0,0,ok,23,-1,2963,1107,1225,27,631,1738,368648,0.737,0,0,0,0.000137000
348,349,3,astar,fast,manhattan,gcompare,201,0,0,ok,23,-1,1397,523,569,13,305,828,368648,0.548,0,0,0,0.000058000
349,350,3,astar,fast,manhattan,gcompare,201,0,0,ok,19,-1,580,216,230,5,134,350,368648,0.451,0,0,0,0.000022000
350,351,3,astar,fast,manhattan,gcompare,201,0,0,ok,25,-1,3905,1464,1633,56,808,2272,368648,0.812,0,0,0,0.000179000
351,352,3,astar,fast,manhattan,gcompare,201,0,0,ok,19,-1,1012,379,405,4,228,607,368648,0.500,0,0,0,0.000041000
352,353,3,astar,fast,manhattan,gcompare,201,0,0,ok,21,-1,1200,447,484,7,269,716,368648,0.532,0,0,0,0.000050000
353,354,3,astar,fast,manhattan,gcompare,201,0,0,ok,23,-1,1672,629,680,20,363,992,368648,0.586,0,0,0,0.000070000
354,355,3,astar,fast,manhattan,gcompare,201,0,0,ok,23,-1,2566,958,1039,24,569,1527,368648,0.690,0,0,0,0.000113000
355,356,3,astar,fast,manhattan,gcompare,201,0,0,ok,25,-1,2534,956,1033,21,545,1501,368648,0.689,0,0,0,0.000110000
356,357,3,astar,fast,manhattan,gcompare,201,0,0,ok,21,-1,539,203,205,0,131,334,368648,0.428,0,0,0,0.000020000
357,358,3,astar,fast,manhattan,gcompare,201,0,0,ok,23,-1,3218,1198,1349,48,671,1869,368648,0.775,0,0,0,0.000147000
358,359,3,astar,fast,manhattan,gcompare,201,0,0,ok,21,-1,1320,492,537,11,291,783,368648,0.546,0,0,0,0.000053000
359,360,3,astar,fast,manhattan,gcompare,201,0,0,ok,21,-1,1423,530,568,10,325,855,368648,0.551,0,0,0,0.000059000
360,361,3,astar,fast,manhattan,gcompare,201,0,0,ok,17,-1,451,166,177,4,108,274,368648,0.456,0,0,0,0.000016000
361,362,3,astar,fast,manhattan,gcompare,201,0,0,ok,25,-1,1692,637,686,20,369,1006,368648,0.566,0,0,0,0.000070000
362,363,3,astar,fast,manhattan,gcompare,201,0,0,ok,21,-1,1506,559,606,6,341,900,368648,0.581,0,0,0,0.000061000
363,364,3,astar,fast,manhattan,gcompare,201,0,0,ok,21,-1,812,303,327,13,182,485,368648,0.476,0,0,0,0.000031000
364,365,3,astar,fast,manhattan,gcompare,201,0,0,ok,25,-1,3770,1407,1568,46,795,2202,368648,0.829,0,0,0,0.000179000
365,366,3,astar,fast,manhattan,gcompare,201,0,0,ok,19,-1,133,48,47,0,38,86,368648,0.386,0,0,0,0.000005000
366,367,3,astar,fast,manhattan,gcompare,201,0,0,ok,23,-1,1166,435,473,13,258,693,368648,0.520,0,0,0,0.000048000
367,368,3,astar,fast,manhattan,gcompare,201,0,0,ok,21,-1,230,86,87,1,57,143,368648,0.402,0,0,0,0.000008000
368,369,3,astar,fast,manhattan,gcompare,201,0,0,ok,19,-1,1101,411,451,13,239,650,368648,0.524,0,0,0,0.000044000
369,370,3,astar,fast,manhattan,gcompare,201,0,0,ok,27,-1,4420,1665,1862,66,893,2558,368648,0.881,0,0,0,0.000213000
370,371,3,astar,fast,manhattan,gcompare,201,0,0,ok,19,-1,1390,518,559,8,313,831,368648,0.552,0,0,0,0.000058000
371,372,3,astar,fast,manhattan,gcompare,201,0,0,ok,19,-1,324,118,125,4,81,199,368648,0.399,0,0,0,0.000012000
372,373,3,astar,fast,manhattan,gcompare,201,0,0,ok,25,-1,1496,566,633,28,297,863,368648,0.557,0,0,0,0.000062000
373,374,3,astar,fast,manhattan,gcompare,201,0,0,ok,21,-1,807,299,323,11,185,484,368648,0.483,0,0,0,0.000031000
374,375,3,astar,fast,manhattan,gcompare,201,0,0,ok,21,-1,971,362,392,9,217,579,368648,0.507,0,0,0,0.000040000
375,376,3,astar,fast,manhattan,gcompare,201,0,0,ok,21,-1,911,343,374,13,194,537,368648,0.531,0,0,0,0.000036000
376,377,3,astar,fast,manhattan,gcompare,201,0,0,ok,27,-1,9610,3612,4065,133,1933,5545,409608,1.193,0,0,0,0.000567000
377,378,3,astar,fast,manhattan,gcompare,201,0,0,ok,23,-1,1424,532,587,25,305,837,368648,0.579,0,0,0,0.000062000
378,379,3,astar,fast,manhattan,gcompare,201,0,0,ok,25,-1,2825,1062,1160,43,603,1665,368648,0.707,0,0,0,0.000132000
379,380,3,astar,fast,manhattan,gcompare,201,0,0,ok,21,-1,670,253,273,9,144,397,368648,0.465,0,0,0,0.000032000
380,381,3,astar,fast,manhattan,gcompare,201,0,0,ok,25,-1,3564,1334,1475,39,755,2089,368648,0.789,0,0,0,0.000183000
381,382,3,astar,fast,manhattan,gcompare,201,0,0,ok,19,-1,351,130,136,3,85,215,368648,0.420,0,0,0,0.000014000
382,383,3,astar,fast,manhattan,gcompare,201,0,0,ok,27,-1,3950,1498,1639,60,813,2311,368648,0.800,0,0,0,0.000206000
383,384,3,astar,fast,manhattan,gcompare,201,0,0,ok,21,-1,993,368,391,8,234,602,368648,0.498,0,0,0,0.000039000
384,385,3,astar,fast,manhattan,gcompare,201,0,0,ok,23,-1,716,270,285,8,161,431,368648,0.469,0,0,0,0.000028000
385,386,3,astar,fast,manhattan,gcompare,201,0,0,ok,21,-1,1528,574,619,13,335,909,368648,0.586,0,0,0,0.000065000
386,387,3,astar,fast,manhattan,gcompare,201,0,0,ok,23,-1,2963,1107,1225,27,631,1738,368648,0.737,0,0,0,0.000137000
387,388,3,astar,fast,manhattan,gcompare,201,0,0,ok,17,-1,316,117,125,2,74,191,368648,0.429,0,0,0,0.000011000
388,389,3,astar,fast,manhattan,gcompare,201,0,0,ok,25,-1,1253,470,521,22,262,732,368648,0.546,0,0,0,0.000051000
389,390,3,astar,fast,manhattan,gcompare,201,0,0,ok,23,-1,584,217,233,6,134,351,368648,0.451,0,0,0,0.000021000
390,391,3,astar,fast,manhattan,gcompare,201,0,0,ok,25,-1,7173,2673,3037,65,1463,4136,409608,1.184,0,0,0,0.000399000
391,392,3,astar,fast,manhattan,gcompare,201,0,0,ok,19,-1,558,208,221,6,129,337,368648,0.454,0,0,0,0.000022000
392,393,3,astar,fast,manhattan,gcompare,201,0,0,ok,25,-1,2354,884,966,26,504,1388,368648,0.662,0,0,0,0.000109000
393,394,3,astar,fast,manhattan,gcompare,201,0,0,ok,19,-1,546,203,217,5,126,329,368648,0.464,0,0,0,0.000024000
394,395,3,astar,fast,manhattan,gcompare,201,0,0,ok,21,-1,1671,625,673,10,373,998,368648,0.605,0,0,0,0.000073000
395,396,3,astar,fast,manhattan,gcompare,201,0,0,ok,23,-1,2851,1078,1192,48,581,1659,368648,0.712,0,0,0,0.000130000
396,397,3,astar,fast,manhattan,gcompare,201,0,0,ok,23,-1,1476,553,592,14,331,884,368648,0.580,0,0,0,0.000060000
397,398,3,astar,fast,manhattan,gcompare,201,0,0,ok,25,-1,4095,1532,1689,40,874,2406,368648,0.844,0,0,0,0.000197000
398,399,3,astar,fast,manhattan,gcompare,201,0,0,ok,21,-1,451,169,185,8,97,266,368648,0.451,0,0,0,0.000016000
399,400,3,astar,fast,manhattan,gcompare,201,0,0,ok,25,-1,1452,551,602,17,299,850,368648,0.567,0,0,0,0.000062000
400,401,3,astar,fast,manhattan,gcompare,201,0,0,ok,19,-1,637,236,257,8,144,380,368648,0.524,0,0,0,0.000024000
401,402,3,astar,fast,manhattan,gcompare,201,0,0,ok,21,-1,222,83,82,0,57,140,368648,0.385,0,0,0,0.000008000
402,403,3,astar,fast,manhattan,gcompare,201,0,0,ok,23,-1,2263,843,915,22,505,1348,368648,0.652,0,0,0,0.000099000
403,404,3,astar,fast,manhattan,gcompare,201,0,0,ok,21,-1,855,319,337,4,199,518,368648,0.496,0,0,0,0.000034000
404,405,3,astar,fast,manhattan,gcompare,201,0,0,ok,19,-1,664,246,264,5,154,400,368648,0.474,0,0,0,0.000025000
405,406,3,astar,fast,manhattan,gcompare,201,0,0,ok,19,-1,744,279,299,9,166,445,368648,0.459,0,0,0,0.000029000
406,407,3,astar,fast,manhattan,gcompare,201,0,0,ok,21,-1,429,157,166,4,106,263,368648,0.442,0,0,0,0.000017000
407,408,3,astar,fast,manhattan,gcompare,201,0,0,ok,19,-1,711,267,291,12,153,420,368648,0.473,0,0,0,0.000027000
408,409,3,astar,fast,manhattan,gcompare,201,0,0,ok,23,-1,1976,739,802,20,435,1174,368648,0.618,0,0,0,0.000087000
409,410,3,astar,fast,manhattan,gcompare,201,0,0,ok,23,-1,1732,646,716,30,370,1016,368648,0.582,0,0,0,0.000073000
410,411,3,astar,fast,manhattan,gcompare,201,0,0,ok,15,-1,295,109,112,1,74,183,368648,0.408,0,0,0,0.000010000
411,412,3,astar,fast,manhattan,gcompare,201,0,0,ok,13,-1,61,22,21,0,18,40,368648,0.350,0,0,0,0.000002000
412,413,3,astar,fast,manhattan,gcompare,201,0,0,ok,21,-1,421,157,158,1,106,263,368648,0.440,0,0,0,0.000016000
413,414,3,astar,fast,manhattan,gcompare,201,0,0,ok,23,-1,794,297,315,4,182,479,368648,0.473,0,0,0,0.000030000
414,415,3,astar,fast,manhattan,gcompare,201,0,0,ok,23,-1,2575,960,1048,23,567,1527,368648,0.680,0,0,0,0.000115000
415,416,3,astar,fast,manhattan,gcompare,201,0,0,ok,23,-1,1409,524,556,6,329,853,368648,0.560,0,0,0,0.000057000
416,417,3,astar,fast,manhattan,gcompare,201,0,0,ok,23,-1,837,316,330,6,191,507,368648,0.495,0,0,0,0.000032000
417,418,3,astar,fast,manhattan,gcompare,201,0,0,ok,21,-1,1576,588,631,11,357,945,368648,0.603,0,0,0,0.000064000
418,419,3,astar,fast,manhattan,gcompare,201,0,0,ok,21,-1,1005,376,396,7,233,609,368648,0.499,0,0,0,0.000038000
419,420,3,astar,fast,manhattan,gcompare,201,0,0,ok,19,-1,527,196,201,1,130,326,368648,0.449,0,0,0,0.000019000
420,421,3,astar,fast,manhattan,gcompare,201,0,0,ok,19,-1,515,191,205,3,119,310,368648,0.477,0,0,0,0.000019000
421,422,3,astar,fast,manhattan,gcompare,201,0,0,ok,23,-1,2804,1049,1156,19,599,1648,368648,0.730,0,0,0,0.000126000
422,423,3,astar,fast,manhattan,gcompare,201,0,0,ok,21,-1,756,284,302,7,170,454,368648,0.482,0,0,0,0.000029000
423,424,3,astar,fast,manhattan,gcompare,201,0,0,ok,21,-1,1174,433,471,14,270,703,368648,0.512,0,0,0,0.000046000
424,425,3,astar,fast,manhattan,gcompare,201,0,0,ok,19,-1,453,168,177,5,108,276,368648,0.431,0,0,0,0.000016000
425,426,3,astar,fast,manhattan,gcompare,201,0,0,ok,25,-1,5201,1948,2212,72,1041,2989,376840,0.992,0,0,0,0.000258000
426,427,3,astar,fast,manhattan,gcompare,201,0,0,ok,23,-1,2854,1069,1142,20,643,1712,368648,0.735,0,0,0,0.000131000
427,428,3,astar,fast,manhattan,gcompare,201,0,0,ok,19,-1,774,289,308,6,177,466,368648,0.468,0,0,0,0.000029000
428,429,3,astar,fast,manhattan,gcompare,201,0,0,ok,23,-1,1427,534,581,17,312,846,368648,0.563,0,0,0,0.000058000
429,430,3,astar,fast,manhattan,gcompare,201,0,0,ok,25,-1,5294,1982,2200,56,1112,3094,376840,0.965,0,0,0,0.000263000
430,431,3,astar,fast,manhattan,gcompare,201,0,0,ok,23,-1,2461,928,1009,26,524,1452,368648,0.655,0,0,0,0.000108000
431,432,3,astar,fast,manhattan,gcompare,201,0,0,ok,23,-1,1438,540,579,12,319,859,368648,0.576,0,0,0,0.000062000
432,433,3,astar,fast,manhattan,gcompare,201,0,0,ok,29,-1,7453,2827,3157,123,1469,4296,409608,1.107,0,0,0,0.000423000
433,434,3,astar,fast,manhattan,gcompare,201,0,0,ok,25,-1,1494,568,624,26,302,870,368648,0.574,0,0,0,0.000064000
434,435,3,astar,fast,manhattan,gcompare,201,0,0,ok,21,-1,2772,1034,1141,28,597,1631,368648,0.717,0,0,0,0.000128000
435,436,3,astar,fast,manhattan,gcompare,201,0,0,ok,21,-1,1104,410,441,9,253,663,368648,0.532,0,0,0,0.000044000
436,437,3,astar,fast,manhattan,gcompare,201,0,0,ok,21,-1,643,238,249,4,156,394,368648,0.450,0,0,0,0.000025000
437,438,3,astar,fast,manhattan,gcompare,201,0,0,ok,19,-1,712,264,284,6,164,428,368648,0.485,0,0,0,0.000027000
438,439,3,astar,fast,manhattan,gcompare,201,0,0,ok,23,-1,1485,558,612,15,315,873,368648,0.593,0,0,0,0.000061000
439,440,3,astar,fast,manhattan,gcompare,201,0,0,ok,25,-1,6037,2247,2561,86,1229,3476,376840,1.052,0,0,0,0.000314000
440,441,3,astar,fast,manhattan,gcompare,201,0,0,ok,27,-1,3843,1452,1611,53,780,2232,368648,0.799,0,0,0,0.000190000
441,442,3,astar,fast,manhattan,gcompare,201,0,0,ok,21,-1,2066,771,835,19,460,1231,368648,0.657,0,0,0,0.000093000
442,443,3,astar,fast,manhattan,gcompare,201,0,0,ok,23,-1,3413,1282,1403,32,728,2010,368648,0.798,0,0,0,0.000162000
443,444,3,astar,fast,manhattan,gcompare,201,0,0,ok,21,-1,1271,471,500,6,300,771,368648,0.543,0,0,0,0.000052000
444,445,3,astar,fast,manhattan,gcompare,201,0,0,ok,27,-1,3584,1350,1473,38,761,2111,368648,0.771,0,0,0,0.000165000
445,446,3,astar,fast,manhattan,gcompare,201,0,0,ok,19,-1,154,56,56,0,42,98,368648,0.392,0,0,0,0.000005000
446,447,3,astar,fast,manhattan,gcompare,201,0,0,ok,27,-1,8732,3274,3702,113,1756,5030,409608,1.175,0,0,0,0.000497000
447,448,3,astar,fast,manhattan,gcompare,201,0,0,ok,23,-1,2454,914,1003,23,537,1451,368648,0.679,0,0,0,0.000113000
448,449,3,astar,fast,manhattan,gcompare,201,0,0,ok,19,-1,905,336,364,6,205,541,368648,0.482,0,0,0,0.000036000
449,450,3,astar,fast,manhattan,gcompare,201,0,0,ok,23,-1,1881,702,759,17,420,1122,368648,0.612,0,0,0,0.000080000
450,451,3,astar,fast,manhattan,gcompare,201,0,0,ok,23,-1,2148,804,864,15,480,1284,368648,0.633,0,0,0,0.000092000
451,452,3,astar,fast,manhattan,gcompare,201,0,0,ok,19,-1,293,108,108,0,77,185,368648,0.401,0,0,0,0.000011000
452,453,3,astar,fast,manhattan,gcompare,201,0,0,ok,27,-1,8156,3057,3451,117,1648,4705,409608,1.167,0,0,0,0.000468000
453,454,3,astar,fast,manhattan,gcompare,201,0,0,ok,27,-1,13417,5035,5829,214,2553,7588,425992,1.326,0,0,0,0.000825000
454,455,3,astar,fast,manhattan,gcompare,201,0,0,ok,23,-1,2965,1108,1221,32,636,1744,368648,0.757,0,0,0,0.000146000
455,456,3,astar,fast,manhattan,gcompare,201,0,0,ok,25,-1,2974,1121,1231,40,622,1743,368648,0.734,0,0,0,0.000143000
456,457,3,astar,fast,manhattan,gcompare,201,0,0,ok,27,-1,4120,1551,1710,58,859,2410,368648,0.838,0,0,0,0.000213000
457,458,3,astar,fast,manhattan,gcompare,201,0,0,ok,23,-1,1366,514,554,14,298,812,368648,0.553,0,0,0,0.000061000
458,459,3,astar,fast,manhattan,gcompare,201,0,0,ok,21,-1,721,270,285,6,166,436,368648,0.496,0,0,0,0.000030000
459,460,3,astar,fast,manhattan,gcompare,201,0,0,ok,21,-1,605,226,239,2,140,366,368648,0.480,0,0,0,0.000026000
460,461,3,astar,fast,manhattan,gcompare,201,0,0,ok,23,-1,1621,611,661,22,349,960,368648,0.572,0,0,0,0.000081000
461,462,3,astar,fast,manhattan,gcompare,201,0,0,ok,21,-1,618,231,241,4,146,377,368648,0.480,0,0,0,0.000022000
462,463,3,astar,fast,manhattan,gcompare,201,0,0,ok,23,-1,1610,606,642,14,362,968,368648,0.562,0,0,0,0.000066000
463,464,3,astar,fast,manhattan,gcompare,201,0,0,ok,19,-1,661,246,262,4,153,399,368648,0.488,0,0,0,0.000026000
464,465,3,astar,fast,manhattan,gcompare,201,0,0,ok,17,-1,188,69,70,0,49,118,368648,0.390,0,0,0,0.000007000
465,466,3,astar,fast,manhattan,gcompare,201,0,0,ok,23,-1,1342,505,542,10,295,800,368648,0.560,0,0,0,0.000054000
466,467,3,astar,fast,manhattan,gcompare,201,0,0,ok,21,-1,1691,626,684,19,381,1007,368648,0.595,0,0,0,0.000070000
467,468,3,astar,fast,manhattan,gcompare,201,0,0,ok,25,-1,6809,2543,2885,84,1381,3924,376840,1.131,0,0,0,0.000357000
468,469,3,astar,fast,manhattan,gcompare,201,0,0,ok,23,-1,2815,1050,1155,26,610,1660,368648,0.722,0,0,0,0.000134000
469,470,3,astar,fast,manhattan,gcompare,201,0,0,ok,21,-1,949,355,378,10,216,571,368648,0.483,0,0,0,0.000038000
470,471,3,astar,fast,manhattan,gcompare,201,0,0,ok,23,-1,492,186,191,3,115,301,368648,0.446,0,0,0,0.000018000
471,472,3,astar,fast,manhattan,gcompare,201,0,0,ok,23,-1,2723,1017,1111,35,595,1612,368648,0.698,0,0,0,0.000122000
472,473,3,astar,fast,manhattan,gcompare,201,0,0,ok,25,-1,2755,1038,1122,15,595,1633,368648,0.721,0,0,0,0.000125000
473,474,3,astar,fast,manhattan,gcompare,201,0,0,ok,23,-1,798,302,325,9,171,473,368648,0.487,0,0,0,0.000030000
474,475,3,astar,fast,manhattan,gcompare,201,0,0,ok,25,-1,5519,2064,2301,78,1154,3218,376840,1.024,0,0,0,0.000277000
475,476,3,astar,fast,manhattan,gcompare,201,0,0,ok,25,-1,2306,870,956,34,480,1350,368648,0.646,0,0,0,0.000103000
476,477,3,astar,fast,manhattan,gcompare,201,0,0,ok,25,-1,6491,2433,2739,73,1319,3752,376840,1.097,0,0,0,0.000340000
477,478,3,astar,fast,manhattan,gcompare,201,0,0,ok,21,-1,732,272,289,8,171,443,368648,0.483,0,0,0,0.000031000
478,479,3,astar,fast,manhattan,gcompare,201,0,0,ok,19,-1,1263,468,509,5,286,754,368648,0.544,0,0,0,0.000054000
479,480,3,astar,fast,manhattan,gcompare,201,0,0,ok,23,-1,1058,400,424,10,234,634,368648,0.510,0,0,0,0.000042000
480,481,3,astar,fast,manhattan,gcompare,201,0,0,ok,17,-1,328,119,125,2,84,203,368648,0.416,0,0,0,0.000012000
481,482,3,astar,fast,manhattan,gcompare,201,0,0,ok,19,-1,936,350,369,1,217,567,368648,0.512,0,0,0,0.000037000
482,483,3,astar,fast,manhattan,gcompare,201,0,0,ok,27,-1,9255,3464,3946,123,1845,5309,409608,1.194,0,0,0,0.000528000
483,484,3,astar,fast,manhattan,gcompare,201,0,0,ok,25,-1,4996,1865,2072,58,1059,2924,376840,0.934,0,0,0,0.000257000
484,485,3,astar,fast,manhattan,gcompare,201,0,0,ok,25,-1,3954,1477,1619,38,858,2335,368648,0.814,0,0,0,0.000192000
485,486,3,astar,fast,manhattan,gcompare,201,0,0,ok,21,-1,333,123,128,3,82,205,368648,0.422,0,0,0,0.000012000
486,487,3,astar,fast,manhattan,gcompare,201,0,0,ok,21,-1,576,216,229,7,131,347,368648,0.473,0,0,0,0.000022000
487,488,3,astar,fast,manhattan,gcompare,201,0,0,ok,19,-1,1404,518,560,11,326,844,368648,0.550,0,0,0,0.000059000
488,489,3,astar,fast,manhattan,gcompare,201,0,0,ok,23,-1,1317,495,517,5,305,800,368648,0.514,0,0,0,0.000052000
489,490,3,astar,fast,manhattan,gcompare,201,0,0,ok,21,-1,1266,470,510,9,286,756,368648,0.586,0,0,0,0.000050000
490,491,3,astar,fast,manhattan,gcompare,201,0,0,ok,17,-1,381,140,149,5,92,232,368648,0.434,0,0,0,0.000013000
491,492,3,astar,fast,manhattan,gcompare,201,0,0,ok,23,-1,743,278,291,6,174,452,368648,0.493,0,0,0,0.000027000
492,493,3,astar,fast,manhattan,gcompare,201,0,0,ok,21,-1,704,265,287,9,152,417,368648,0.475,0,0,0,0.000025000
493,494,3,astar,fast,manhattan,gcompare,201,0,0,ok,23,-1,2968,1107,1211,35,650,1757,368648,0.737,0,0,0,0.000134000
494,495,3,astar,fast,manhattan,gcompare,201,0,0,ok,17,-1,268,98,103,3,67,165,368648,0.401,0,0,0,0.000010000
495,496,3,astar,fast,manhattan,gcompare,201,0,0,ok,25,-1,5927,2207,2516,77,1204,3411,376840,1.040,0,0,0,0.000295000
496,497,3,astar,fast,manhattan,gcompare,201,0,0,ok,23,-1,460,172,177,2,111,283,368648,0.434,0,0,0,0.000018000
497,498,3,astar,fast,manhattan,gcompare,201,0,0,ok,23,-1,2200,822,881,14,497,1319,368648,0.649,0,0,0,0.000100000
498,499,3,astar,fast,manhattan,gcompare,201,0,0,ok,17,-1,131,49,50,1,32,81,368648,0.400,0,0,0,0.000005000
499,500,3,astar,fast,manhattan,gcompare,201,0,0,ok,21,-1,313,117,120,2,76,193,368648,0.423,0,0,0,0.000011000
