run,seed,size,algo,impl,heuristic,dup,shuffle,max_nodes,max_bytes,status,solution_len,optimal,generated,expanded,duplicates,improved,open_max,closed,bytes_peak,hash_probes,iterations,last_iter_generated,max_depth,seconds
0,1,3,astar,fast,manhattan,naive,200,0,0,ok,22,22,1644,611,654,0,379,990,368648,0.567,0,0,0,0.000092000
1,2,3,astar,fast,manhattan,naive,200,0,0,ok,22,22,1462,541,576,0,345,886,368648,0.545,0,0,0,0.000065000
2,3,3,astar,fast,manhattan,naive,200,0,0,ok,20,20,505,188,191,0,126,314,368648,0.456,0,0,0,0.000022000
3,4,3,astar,fast,manhattan,naive,200,0,0,ok,22,22,773,290,301,0,182,472,368648,0.475,0,0,0,0.000032000
4,5,3,astar,fast,manhattan,naive,200,0,0,ok,24,24,348,133,135,0,80,213,368648,0.450,0,0,0,0.000015000
5,6,3,astar,fast,manhattan,naive,200,0,0,ok,22,22,1956,728,794,0,434,1162,368648,0.613,0,0,0,0.000091000
6,7,3,astar,fast,manhattan,naive,200,0,0,ok,20,20,801,295,313,0,193,488,368648,0.463,0,0,0,0.000036000
7,8,3,astar,fast,manhattan,naive,200,0,0,ok,22,22,1138,425,451,0,262,687,368648,0.549,0,0,0,0.000051000
8,9,3,astar,fast,manhattan,naive,200,0,0,ok,20,20,1192,447,470,0,275,722,368648,0.539,0,0,0,0.000055000
9,10,3,astar,fast,manhattan,naive,200,0,0,ok,30,28,20759,7799,8910,0,4050,11849,819216,1.359,0,0,0,0.001368000
10,11,3,astar,fast,manhattan,naive,200,0,0,ok,20,20,1534,569,615,0,350,919,368648,0.604,0,0,0,0.000069000
11,12,3,astar,fast,manhattan,naive,200,0,0,ok,22,22,1193,444,465,0,284,728,368648,0.524,0,0,0,0.000060000
12,13,3,astar,fast,manhattan,naive,200,0,0,ok,20,20,732,271,280,0,181,452,368648,0.451,0,0,0,0.000031000
13,14,3,astar,fast,manhattan,naive,200,0,0,ok,20,20,841,312,330,0,199,511,368648,0.504,0,0,0,0.000036000
14,15,3,astar,fast,manhattan,naive,200,0,0,ok,24,24,1658,622,658,0,378,1000,368648,0.564,0,0,0,0.000076000
15,16,3,astar,fast,manhattan,naive,200,0,0,ok,24,24,2197,817,877,0,503,1320,368648,0.633,0,0,0,0.000106000
16,17,3,astar,fast,manhattan,naive,200,0,0,ok,22,22,507,190,194,0,123,313,368648,0.445,0,0,0,0.000022000
17,18,3,astar,fast,manhattan,naive,200,0,0,ok,20,20,343,130,134,0,79,209,368648,0.442,0,0,0,0.000019000
18,19,3,astar,fast,manhattan,naive,200,0,0,ok,20,20,1041,386,432,0,223,609,368648,0.523,0,0,0,0.000047000
19,20,3,astar,fast,manhattan,naive,200,0,0,ok,24,24,2234,834,899,0,501,1335,368648,0.651,0,0,0,0.000104000
20,21,3,astar,fast,manhattan,naive,200,0,0,ok,22,22,2488,929,1035,0,524,1453,368648,0.691,0,0,0,0.000115000
21,22,3,astar,fast,manhattan,naive,200,0,0,ok,22,20,401,149,152,0,100,249,368648,0.432,0,0,0,0.000018000
22,23,3,astar,fast,manhattan,naive,200,0,0,ok,24,24,2277,846,913,0,518,1364,368648,0.624,0,0,0,0.000103000
23,24,3,astar,fast,manhattan,naive,200,0,0,ok,16,16,258,93,96,0,69,162,368648,0.401,0,0,0,0.000012000
24,25,3,astar,fast,manhattan,naive,200,0,0,ok,28,28,5672,2144,2326,0,1202,3346,376840,1.027,0,0,0,0.000304000
25,26,3,astar,fast,manhattan,naive,200,0,0,ok,20,20,1020,378,409,0,233,611,368648,0.525,0,0,0,0.000042000
26,27,3,astar,fast,manhattan,naive,200,0,0,ok,20,20,593,219,232,0,142,361,368648,0.448,0,0,0,0.000024000
27,28,3,astar,fast,manhattan,naive,200,0,0,ok,16,16,172,61,60,0,51,112,368648,0.374,0,0,0,0.000009000
28,29,3,astar,fast,manhattan,naive,200,0,0,ok,22,20,313,119,120,0,74,193,368648,0.401,0,0,0,0.000014000
29,30,3,astar,fast,manhattan,naive,200,0,0,ok,20,20,600,222,229,0,149,371,368648,0.441,0,0,0,0.000026000
30,31,3,astar,fast,manhattan,naive,200,0,0,ok,24,24,587,220,232,0,135,355,368648,0.462,0,0,0,0.000025000
31,32,3,astar,fast,manhattan,naive,200,0,0,ok,20,20,608,227,236,0,145,372,368648,0.451,0,0,0,0.000026000
32,33,3,astar,fast,manhattan,naive,200,0,0,ok,30,28,16250,6149,6889,0,3212,9361,819216,1.297,0,0,0,0.001072000
33,34,3,astar,fast,manhattan,naive,200,0,0,ok,26,26,4504,1694,1827,0,983,2677,368648,0.910,0,0,0,0.000237000
34,35,3,astar,fast,manhattan,naive,200,0,0,ok,28,28,15664,5869,6673,0,3122,8991,819216,1.366,0,0,0,0.001015000
35,36,3,astar,fast,manhattan,naive,200,0,0,ok,22,22,2118,795,859,0,464,1259,368648,0.639,0,0,0,0.000099000
36,37,3,astar,fast,manhattan,naive,200,0,0,ok,20,20,613,227,233,0,153,380,368648,0.449,0,0,0,0.000028000
37,38,3,astar,fast,manhattan,naive,200,0,0,ok,24,22,1823,685,723,0,415,1100,368648,0.617,0,0,0,0.000085000
38,39,3,astar,fast,manhattan,naive,200,0,0,ok,24,24,1331,495,519,0,317,812,368648,0.537,0,0,0,0.000060000
39,40,3,astar,fast,manhattan,naive,200,0,0,ok,18,18,368,136,144,0,88,224,368648,0.422,0,0,0,0.000017000
40,41,3,astar,fast,manhattan,naive,200,0,0,ok,22,22,1725,641,686,0,398,1039,368648,0.612,0,0,0,0.000075000
41,42,3,astar,fast,manhattan,naive,200,0,0,ok,24,24,4169,1559,1739,0,871,2430,368648,0.874,0,0,0,0.000203000
42,43,3,astar,fast,manhattan,naive,200,0,0,ok,22,22,1070,400,428,0,242,642,368648,0.508,0,0,0,0.000045000
43,44,3,astar,fast,manhattan,naive,200,0,0,ok,28,28,12046,4516,5080,0,2450,6966,425992,1.318,0,0,0,0.000740000
44,45,3,astar,fast,manhattan,naive,200,0,0,ok,20,20,147,55,54,0,38,93,368648,0.404,0,0,0,0.000008000
45,46,3,astar,fast,manhattan,naive,200,0,0,ok,22,22,1064,396,422,0,246,642,368648,0.507,0,0,0,0.000045000
46,47,3,astar,fast,manhattan,naive,200,0,0,ok,18,18,231,85,86,0,60,145,368648,0.409,0,0,0,0.000012000
47,48,3,astar,fast,manhattan,naive,200,0,0,ok,18,18,568,210,219,0,139,349,368648,0.457,0,0,0,0.000025000
48,49,3,astar,fast,manhattan,naive,200,0,0,ok,26,26,2118,795,845,0,478,1273,368648,0.634,0,0,0,0.000098000
49,50,3,astar,fast,manhattan,naive,200,0,0,ok,26,26,2364,896,961,0,507,1403,368648,0.656,0,0,0,0.000109000
50,51,3,astar,fast,manhattan,naive,200,0,0,ok,18,18,352,130,140,0,82,212,368648,0.430,0,0,0,0.000017000
51,52,3,astar,fast,manhattan,naive,200,0,0,ok,20,20,374,140,142,0,92,232,368648,0.418,0,0,0,0.000016000
52,53,3,astar,fast,manhattan,naive,200,0,0,ok,26,24,4617,1730,1895,0,992,2722,368648,0.898,0,0,0,0.000259000
53,54,3,astar,fast,manhattan,naive,200,0,0,ok,20,20,643,239,258,0,146,385,368648,0.460,0,0,0,0.000027000
54,55,3,astar,fast,manhattan,naive,200,0,0,ok,20,18,1516,566,611,0,339,905,368648,0.611,0,0,0,0.000066000
55,56,3,astar,fast,manhattan,naive,200,0,0,ok,18,18,375,137,141,0,97,234,368648,0.409,0,0,0,0.000016000
56,57,3,astar,fast,manhattan,naive,200,0,0,ok,24,24,2465,922,1001,0,542,1464,368648,0.657,0,0,0,0.000111000
57,58,3,astar,fast,manhattan,naive,200,0,0,ok,26,26,4505,1691,1844,0,970,2661,368648,0.894,0,0,0,0.000233000
58,59,3,astar,fast,manhattan,naive,200,0,0,ok,20,20,849,315,336,0,198,513,368648,0.512,0,0,0,0.000038000
59,60,3,astar,fast,manhattan,naive,200,0,0,ok,22,22,2277,848,916,0,513,1361,368648,0.690,0,0,0,0.000103000
60,61,3,astar,fast,manhattan,naive,200,0,0,ok,20,20,422,156,160,0,106,262,368648,0.423,0,0,0,0.000018000
61,62,3,astar,fast,manhattan,naive,200,0,0,ok,20,20,912,340,360,0,212,552,368648,0.519,0,0,0,0.000038000
62,63,3,astar,fast,manhattan,naive,200,0,0,ok,26,26,1971,740,778,0,453,1193,368648,0.646,0,0,0,0.000090000
63,64,3,astar,fast,manhattan,naive,200,0,0,ok,24,24,2393,898,981,0,514,1412,368648,0.682,0,0,0,0.000111000
64,65,3,astar,fast,manhattan,naive,200,0,0,ok,20,20,571,213,217,0,141,354,368648,0.453,0,0,0,0.000026000
65,66,3,astar,fast,manhattan,naive,200,0,0,ok,20,20,969,361,386,0,222,583,368648,0.511,0,0,0,0.000041000
66,67,3,astar,fast,manhattan,naive,200,0,0,ok,18,18,1082,403,442,0,237,640,368648,0.521,0,0,0,0.000045000
67,68,3,astar,fast,manhattan,naive,200,0,0,ok,26,26,3167,1190,1283,0,694,1884,368648,0.732,0,0,0,0.000170000
68,69,3,astar,fast,manhattan,naive,200,0,0,ok,22,22,815,305,322,0,188,493,368648,0.528,0,0,0,0.000037000
69,70,3,astar,fast,manhattan,naive,200,0,0,ok,26,26,3027,1140,1224,0,663,1803,368648,0.728,0,0,0,0.000147000
70,71,3,astar,fast,manhattan,naive,200,0,0,ok,22,22,2733,1018,1114,0,601,1619,368648,0.714,0,0,0,0.000128000
71,72,3,astar,fast,manhattan,naive,200,0,0,ok,20,20,808,299,318,0,191,490,368648,0.481,0,0,0,0.000034000
72,73,3,astar,fast,manhattan,naive,200,0,0,ok,12,12,38,13,12,0,13,26,368648,0.324,0,0,0,0.000002000
73,74,3,astar,fast,manhattan,naive,200,0,0,ok,22,20,1652,617,665,0,370,987,368648,0.601,0,0,0,0.000071000
74,75,3,astar,fast,manhattan,naive,200,0,0,ok,16,16,246,89,90,0,67,156,368648,0.384,0,0,0,0.000010000
75,76,3,astar,fast,manhattan,naive,200,0,0,ok,26,26,2407,917,981,0,509,1426,368648,0.647,0,0,0,0.000112000
76,77,3,astar,fast,manhattan,naive,200,0,0,ok,14,14,201,72,73,0,56,128,368648,0.375,0,0,0,0.000012000
77,78,3,astar,fast,manhattan,naive,200,0,0,ok,24,24,1169,440,465,0,264,704,368648,0.518,0,0,0,0.000051000
78,79,3,astar,fast,manhattan,naive,200,0,0,ok,22,22,1312,493,520,0,299,792,368648,0.550,0,0,0,0.000058000
79,80,3,astar,fast,manhattan,naive,200,0,0,ok,26,26,4087,1531,1673,0,883,2414,368648,0.864,0,0,0,0.000203000
80,81,3,astar,fast,manhattan,naive,200,0,0,ok,24,24,4468,1664,1831,0,973,2637,368648,0.903,0,0,0,0.000225000
81,82,3,astar,fast,manhattan,naive,200,0,0,ok,16,16,115,41,41,0,33,74,368648,0.360,0,0,0,0.000006000
82,83,3,astar,fast,manhattan,naive,200,0,0,ok,26,24,4604,1729,1885,0,990,2719,368648,0.913,0,0,0,0.000234000
83,84,3,astar,fast,manhattan,naive,200,0,0,ok,20,20,2502,926,1006,0,570,1496,368648,0.676,0,0,0,0.000115000
84,85,3,astar,fast,manhattan,naive,200,0,0,ok,24,24,1643,615,652,0,376,991,368648,0.571,0,0,0,0.000074000
85,86,3,astar,fast,manhattan,naive,200,0,0,ok,26,26,5592,2109,2302,0,1181,3290,376840,1.031,0,0,0,0.000305000
86,87,3,astar,fast,manhattan,naive,200,0,0,ok,26,24,4980,1872,2047,0,1061,2933,376840,0.940,0,0,0,0.000254000
87,88,3,astar,fast,manhattan,naive,200,0,0,ok,20,20,835,311,326,0,198,509,368648,0.516,0,0,0,0.000038000
88,89,3,astar,fast,manhattan,naive,200,0,0,ok,22,22,1859,692,748,0,419,1111,368648,0.597,0,0,0,0.000082000
89,90,3,astar,fast,manhattan,naive,200,0,0,ok,24,24,2565,957,1027,0,581,1538,368648,0.661,0,0,0,0.000120000
90,91,3,astar,fast,manhattan,naive,200,0,0,ok,18,18,395,145,153,0,97,242,368648,0.421,0,0,0,0.000017000
91,92,3,astar,fast,manhattan,naive,200,0,0,ok,24,24,1355,506,523,0,326,832,368648,0.538,0,0,0,0.000059000
92,93,3,astar,fast,manhattan,naive,200,0,0,ok,26,26,8309,3112,3507,0,1690,4802,409608,1.207,0,0,0,0.000494000
93,94,3,astar,fast,manhattan,naive,200,0,0,ok,22,22,1659,618,667,0,374,992,368648,0.608,0,0,0,0.000075000
94,95,3,astar,fast,manhattan,naive,200,0,0,ok,26,26,8304,3103,3418,0,1783,4886,409608,1.197,0,0,0,0.000492000
95,96,3,astar,fast,manhattan,naive,200,0,0,ok,26,24,4253,1592,1714,0,947,2539,368648,0.865,0,0,0,0.000217000
96,97,3,astar,fast,manhattan,naive,200,0,0,ok,26,26,4355,1641,1785,0,929,2570,368648,0.876,0,0,0,0.000225000
97,98,3,astar,fast,manhattan,naive,200,0,0,ok,20,20,841,311,335,0,195,506,368648,0.494,0,0,0,0.000037000
98,99,3,astar,fast,manhattan,naive,200,0,0,ok,20,20,391,145,145,0,101,246,368648,0.408,0,0,0,0.000018000
99,100,3,astar,fast,manhattan,naive,200,0,0,ok,24,24,1261,477,501,0,283,760,368648,0.516,0,0,0,0.000055000
100,101,3,astar,fast,manhattan,naive,200,0,0,ok,16,16,57,21,20,0,16,37,368648,0.357,0,0,0,0.000003000
101,102,3,astar,fast,manhattan,naive,200,0,0,ok,26,26,5646,2118,2368,0,1160,3278,376840,1.013,0,0,0,0.000296000
102,103,3,astar,fast,manhattan,naive,200,0,0,ok,22,20,1735,649,706,0,380,1029,368648,0.600,0,0,0,0.000077000
103,104,3,astar,fast,manhattan,naive,200,0,0,ok,20,20,881,328,355,0,198,526,368648,0.517,0,0,0,0.000037000
104,105,3,astar,fast,manhattan,naive,200,0,0,ok,24,24,2836,1055,1138,0,643,1698,368648,0.715,0,0,0,0.000136000
105,106,3,astar,fast,manhattan,naive,200,0,0,ok,22,22,1023,383,408,0,232,615,368648,0.523,0,0,0,0.000046000
106,107,3,astar,fast,manhattan,naive,200,0,0,ok,14,14,49,17,16,0,16,33,368648,0.333,0,0,0,0.000004000
107,108,3,astar,fast,manhattan,naive,200,0,0,ok,24,22,2397,904,956,0,537,1441,368648,0.624,0,0,0,0.000107000
108,109,3,astar,fast,manhattan,naive,200,0,0,ok,24,24,3917,1455,1587,0,875,2330,368648,0.842,0,0,0,0.000193000
109,110,3,astar,fast,manhattan,naive,200,0,0,ok,20,20,926,343,369,0,214,557,368648,0.515,0,0,0,0.000041000
110,111,3,astar,fast,manhattan,naive,200,0,0,ok,26,26,4334,1628,1773,0,933,2561,368648,0.880,0,0,0,0.000215000
111,112,3,astar,fast,manhattan,naive,200,0,0,ok,24,24,2713,1017,1118,0,578,1595,368648,0.702,0,0,0,0.000131000
112,113,3,astar,fast,manhattan,naive,200,0,0,ok,18,18,84,30,29,0,25,55,368648,0.373,0,0,0,0.000005000
113,114,3,astar,fast,manhattan,naive,200,0,0,ok,26,26,4562,1706,1871,0,985,2691,368648,0.882,0,0,0,0.000238000
114,115,3,astar,fast,manhattan,naive,200,0,0,ok,22,22,2020,755,833,0,432,1187,368648,0.618,0,0,0,0.000094000
115,116,3,astar,fast,manhattan,naive,200,0,0,ok,20,20,464,173,182,0,109,282,368648,0.443,0,0,0,0.000020000
116,117,3,astar,fast,manhattan,naive,200,0,0,ok,22,22,722,271,284,0,167,438,368648,0.479,0,0,0,0.000031000
117,118,3,astar,fast,manhattan,naive,200,0,0,ok,24,24,1829,687,724,0,418,1105,368648,0.593,0,0,0,0.000083000
118,119,3,astar,fast,manhattan,naive,200,0,0,ok,24,24,1872,699,751,0,422,1121,368648,0.596,0,0,0,0.000086000
119,120,3,astar,fast,manhattan,naive,200,0,0,ok,22,22,2133,799,857,0,477,1276,368648,0.650,0,0,0,0.000095000
120,121,3,astar,fast,manhattan,naive,200,0,0,ok,18,18,560,208,211,0,141,349,368648,0.444,0,0,0,0.000024000
121,122,3,astar,fast,manhattan,naive,200,0,0,ok,16,16,155,56,56,0,43,99,368648,0.377,0,0,0,0.000007000
122,123,3,astar,fast,manhattan,naive,200,0,0,ok,24,24,3950,1475,1625,0,850,2325,368648,0.867,0,0,0,0.000195000
123,124,3,astar,fast,manhattan,naive,200,0,0,ok,24,22,2949,1106,1205,0,638,1744,368648,0.743,0,0,0,0.000145000
124,125,3,astar,fast,manhattan,naive,200,0,0,ok,24,24,1505,564,602,0,339,903,368648,0.553,0,0,0,0.000069000
125,126,3,astar,fast,manhattan,naive,200,0,0,ok,22,22,1731,642,686,0,403,1045,368648,0.580,0,0,0,0.000078000
126,127,3,astar,fast,manhattan,naive,200,0,0,ok,22,22,619,228,239,0,152,380,368648,0.455,0,0,0,0.000027000
127,128,3,astar,fast,manhattan,naive,200,0,0,ok,24,24,1715,641,683,0,391,1032,368648,0.592,0,0,0,0.000090000
128,129,3,astar,fast,manhattan,naive,200,0,0,ok,26,26,4935,1851,2019,0,1065,2916,376840,0.941,0,0,0,0.000257000
129,130,3,astar,fast,manhattan,naive,200,0,0,ok,20,20,229,86,90,0,53,139,368648,0.408,0,0,0,0.000010000
130,131,3,astar,fast,manhattan,naive,200,0,0,ok,20,20,984,367,390,0,227,594,368648,0.507,0,0,0,0.000041000
131,132,3,astar,fast,manhattan,naive,200,0,0,ok,26,26,4149,1557,1686,0,906,2463,368648,0.848,0,0,0,0.000211000
132,133,3,astar,fast,manhattan,naive,200,0,0,ok,20,20,909,338,362,0,209,547,368648,0.503,0,0,0,0.000041000
133,134,3,astar,fast,manhattan,naive,200,0,0,ok,18,18,552,204,211,0,137,341,368648,0.445,0,0,0,0.000023000
134,135,3,astar,fast,manhattan,naive,200,0,0,ok,26,26,2761,1038,1107,0,616,1654,368648,0.671,0,0,0,0.000129000
135,136,3,astar,fast,manhattan,naive,200,0,0,ok,24,24,3998,1497,1645,0,856,2353,368648,0.833,0,0,0,0.000202000
136,137,3,astar,fast,manhattan,naive,200,0,0,ok,18,18,170,63,64,0,43,106,368648,0.391,0,0,0,0.000009000
137,138,3,astar,fast,manhattan,naive,200,0,0,ok,16,16,54,18,17,0,19,37,368648,0.321,0,0,0,0.000003000
138,139,3,astar,fast,manhattan,naive,200,0,0,ok,26,26,3211,1208,1304,0,699,1907,368648,0.738,0,0,0,0.000156000
139,140,3,astar,fast,manhattan,naive,200,0,0,ok,22,22,2310,862,930,0,518,1380,368648,0.634,0,0,0,0.000105000
140,141,3,astar,fast,manhattan,naive,200,0,0,ok,24,24,3140,1176,1286,0,678,1854,368648,0.766,0,0,0,0.000152000
141,142,3,astar,fast,manhattan,naive,200,0,0,ok,22,22,884,330,361,0,193,523,368648,0.501,0,0,0,0.000039000
142,143,3,astar,fast,manhattan,naive,200,0,0,ok,24,24,4215,1572,1760,0,883,2455,368648,0.889,0,0,0,0.000207000
143,144,3,astar,fast,manhattan,naive,200,0,0,ok,22,22,1743,644,704,0,395,1039,368648,0.610,0,0,0,0.000080000
144,145,3,astar,fast,manhattan,naive,200,0,0,ok,20,20,240,90,91,0,59,149,368648,0.427,0,0,0,0.000011000
145,146,3,astar,fast,manhattan,naive,200,0,0,ok,20,20,493,181,186,0,126,307,368648,0.437,0,0,0,0.000019000
146,147,3,astar,fast,manhattan,naive,200,0,0,ok,24,24,2487,927,999,0,561,1488,368648,0.671,0,0,0,0.000114000
147,148,3,astar,fast,manhattan,naive,200,0,0,ok,26,26,3411,1283,1374,0,754,2037,368648,0.779,0,0,0,0.000170000
148,149,3,astar,fast,manhattan,naive,200,0,0,ok,28,26,7910,2979,3256,0,1675,4654,409608,1.151,0,0,0,0.000465000
149,150,3,astar,fast,manhattan,naive,200,0,0,ok,24,24,6942,2599,2894,0,1449,4048,376840,1.191,0,0,0,0.000384000
150,151,3,astar,fast,manhattan,naive,200,0,0,ok,22,22,1470,548,583,0,339,887,368648,0.580,0,0,0,0.000068000
151,152,3,astar,fast,manhattan,naive,200,0,0,ok,26,24,3058,1150,1241,0,667,1817,368648,0.719,0,0,0,0.000148000
152,153,3,astar,fast,manhattan,naive,200,0,0,ok,24,24,2994,1113,1208,0,673,1786,368648,0.719,0,0,0,0.000149000
153,154,3,astar,fast,manhattan,naive,200,0,0,ok,22,22,678,255,265,0,158,413,368648,0.467,0,0,0,0.000029000
154,155,3,astar,fast,manhattan,naive,200,0,0,ok,28,26,6101,2308,2517,0,1276,3584,376840,1.048,0,0,0,0.000335000
155,156,3,astar,fast,manhattan,naive,200,0,0,ok,20,20,1040,386,408,0,246,632,368648,0.501,0,0,0,0.000044000
156,157,3,astar,fast,manhattan,naive,200,0,0,ok,28,26,6488,2456,2673,0,1359,3815,376840,1.085,0,0,0,0.000352000
157,158,3,astar,fast,manhattan,naive,200,0,0,ok,12,12,135,49,48,0,38,87,368648,0.396,0,0,0,0.000008000
158,159,3,astar,fast,manhattan,naive,200,0,0,ok,24,24,2134,799,847,0,488,1287,368648,0.629,0,0,0,0.000099000
159,160,3,astar,fast,manhattan,naive,200,0,0,ok,18,18,805,298,320,0,187,485,368648,0.473,0,0,0,0.000037000
160,161,3,astar,fast,manhattan,naive,200,0,0,ok,18,18,68,25,24,0,19,44,368648,0.358,0,0,0,0.000004000
161,162,3,astar,fast,manhattan,naive,200,0,0,ok,12,12,37,12,11,0,14,26,368648,0.306,0,0,0,0.000002000
162,163,3,astar,fast,manhattan,naive,200,0,0,ok,26,24,3612,1363,1489,0,760,2123,368648,0.789,0,0,0,0.000175000
163,164,3,astar,fast,manhattan,naive,200,0,0,ok,22,22,930,349,370,0,211,560,368648,0.507,0,0,0,0.000041000
164,165,3,astar,fast,manhattan,naive,200,0,0,ok,22,22,1961,730,784,0,447,1177,368648,0.624,0,0,0,0.000088000
165,166,3,astar,fast,manhattan,naive,200,0,0,ok,20,20,566,211,224,0,131,342,368648,0.451,0,0,0,0.000024000
166,167,3,astar,fast,manhattan,naive,200,0,0,ok,26,26,7061,2644,2957,0,1460,4104,409608,1.164,0,0,0,0.000409000
167,168,3,astar,fast,manhattan,naive,200,0,0,ok,24,24,765,288,303,0,174,462,368648,0.495,0,0,0,0.000035000
168,169,3,astar,fast,manhattan,naive,200,0,0,ok,24,24,2468,922,990,0,556,1478,368648,0.681,0,0,0,0.000117000
169,170,3,astar,fast,manhattan,naive,200,0,0,ok,22,22,751,278,293,0,180,458,368648,0.481,0,0,0,0.000033000
170,171,3,astar,fast,manhattan,naive,200,0,0,ok,28,26,9338,3507,3892,0,1939,5446,409608,1.171,0,0,0,0.000557000
171,172,3,astar,fast,manhattan,naive,200,0,0,ok,22,22,713,264,276,0,173,437,368648,0.465,0,0,0,0.000033000
172,173,3,astar,fast,manhattan,naive,200,0,0,ok,20,20,762,284,305,0,173,457,368648,0.486,0,0,0,0.000034000
173,174,3,astar,fast,manhattan,naive,200,0,0,ok,22,22,2552,954,1055,0,543,1497,368648,0.682,0,0,0,0.000114000
174,175,3,astar,fast,manhattan,naive,200,0,0,ok,26,24,6950,2603,2893,0,1454,4057,376840,1.156,0,0,0,0.000379000
175,176,3,astar,fast,manhattan,naive,200,0,0,ok,28,26,7153,2700,2957,0,1496,4196,409608,1.156,0,0,0,0.000419000
176,177,3,astar,fast,manhattan,naive,200,0,0,ok,24,22,1077,404,431,0,242,646,368648,0.522,0,0,0,0.000050000
177,178,3,astar,fast,manhattan,naive,200,0,0,ok,26,26,5644,2109,2318,0,1217,3326,376840,1.020,0,0,0,0.000307000
178,179,3,astar,fast,manhattan,naive,200,0,0,ok,20,20,447,165,171,0,111,276,368648,0.446,0,0,0,0.000019000
179,180,3,astar,fast,manhattan,naive,200,0,0,ok,24,22,3688,1377,1514,0,797,2174,368648,0.809,0,0,0,0.000177000
180,181,3,astar,fast,manhattan,naive,200,0,0,ok,24,24,918,345,363,0,210,555,368648,0.504,0,0,0,0.000041000
181,182,3,astar,fast,manhattan,naive,200,0,0,ok,24,22,4008,1504,1639,0,865,2369,368648,0.850,0,0,0,0.000194000
182,183,3,astar,fast,manhattan,naive,200,0,0,ok,26,26,7205,2707,2994,0,1504,4211,409608,1.184,0,0,0,0.000425000
183,184,3,astar,fast,manhattan,naive,200,0,0,ok,22,22,783,288,302,0,193,481,368648,0.462,0,0,0,0.000035000
184,185,3,astar,fast,manhattan,naive,200,0,0,ok,14,14,164,61,60,0,43,104,368648,0.387,0,0,0,0.000008000
185,186,3,astar,fast,manhattan,naive,200,0,0,ok,22,22,758,281,295,0,182,463,368648,0.466,0,0,0,0.000031000
186,187,3,astar,fast,manhattan,naive,200,0,0,ok,22,22,1138,428,453,0,257,685,368648,0.514,0,0,0,0.000054000
187,188,3,astar,fast,manhattan,naive,200,0,0,ok,24,24,3455,1299,1401,0,755,2054,368648,0.792,0,0,0,0.000169000
188,189,3,astar,fast,manhattan,naive,200,0,0,ok,28,28,9823,3691,4080,0,2052,5743,425992,1.167,0,0,0,0.000589000
189,190,3,astar,fast,manhattan,naive,200,0,0,ok,26,26,4442,1668,1819,0,955,2623,368648,0.892,0,0,0,0.000221000
190,191,3,astar,fast,manhattan,naive,200,0,0,ok,22,22,1204,455,494,0,255,710,368648,0.544,0,0,0,0.000055000
191,192,3,astar,fast,manhattan,naive,200,0,0,ok,26,24,5356,2008,2211,0,1137,3145,376840,0.981,0,0,0,0.000283000
192,193,3,astar,fast,manhattan,naive,200,0,0,ok,24,24,2444,912,980,0,552,1464,368648,0.670,0,0,0,0.000113000
193,194,3,astar,fast,manhattan,naive,200,0,0,ok,20,20,1693,626,677,0,390,1016,368648,0.579,0,0,0,0.000074000
194,195,3,astar,fast,manhattan,naive,200,0,0,ok,26,26,3652,1378,1477,0,797,2175,368648,0.796,0,0,0,0.000180000
195,196,3,astar,fast,manhattan,naive,200,0,0,ok,18,18,115,43,42,0,30,73,368648,0.386,0,0,0,0.000006000
196,197,3,astar,fast,manhattan,naive,200,0,0,ok,22,22,2030,761,818,0,451,1212,368648,0.622,0,0,0,0.000093000
197,198,3,astar,fast,manhattan,naive,200,0,0,ok,16,16,165,61,61,0,43,104,368648,0.378,0,0,0,0.000008000
198,199,3,astar,fast,manhattan,naive,200,0,0,ok,20,20,612,227,241,0,144,371,368648,0.453,0,0,0,0.000026000
199,200,3,astar,fast,manhattan,naive,200,0,0,ok,16,16,262,95,99,0,68,163,368648,0.387,0,0,0,0.000012000
200,201,3,astar,fast,manhattan,naive,200,0,0,ok,28,28,11163,4211,4688,0,2264,6475,425992,1.247,0,0,0,0.000668000
201,202,3,astar,fast,manhattan,naive,200,0,0,ok,22,22,1099,407,438,0,254,661,368648,0.518,0,0,0,0.000052000
202,203,3,astar,fast,manhattan,naive,200,0,0,ok,18,18,686,256,271,0,159,415,368648,0.450,0,0,0,0.000029000
203,204,3,astar,fast,manhattan,naive,200,0,0,ok,24,24,2217,827,885,0,505,1332,368648,0.638,0,0,0,0.000103000
204,205,3,astar,fast,manhattan,naive,200,0,0,ok,30,28,18391,6929,7781,0,3681,10610,819216,1.308,0,0,0,0.001205000
205,206,3,astar,fast,manhattan,naive,200,0,0,ok,16,16,137,50,51,0,36,86,368648,0.382,0,0,0,0.000008000
206,207,3,astar,fast,manhattan,naive,200,0,0,ok,24,24,1054,396,423,0,235,631,368648,0.511,0,0,0,0.000047000
207,208,3,astar,fast,manhattan,naive,200,0,0,ok,24,24,1147,428,443,0,276,704,368648,0.500,0,0,0,0.000052000
208,209,3,astar,fast,manhattan,naive,200,0,0,ok,22,22,1076,402,429,0,245,647,368648,0.537,0,0,0,0.000051000
209,210,3,astar,fast,manhattan,naive,200,0,0,ok,24,24,2459,926,985,0,548,1474,368648,0.666,0,0,0,0.000120000
210,211,3,astar,fast,manhattan,naive,200,0,0,ok,20,20,1202,446,484,0,272,718,368648,0.520,0,0,0,0.000054000
211,212,3,astar,fast,manhattan,naive,200,0,0,ok,22,22,889,331,351,0,207,538,368648,0.490,0,0,0,0.000037000
212,213,3,astar,fast,manhattan,naive,200,0,0,ok,22,22,1802,672,731,0,399,1071,368648,0.619,0,0,0,0.000084000
213,214,3,astar,fast,manhattan,naive,200,0,0,ok,16,16,236,86,88,0,62,148,368648,0.409,0,0,0,0.000010000
214,215,3,astar,fast,manhattan,naive,200,0,0,ok,22,22,409,152,155,0,102,254,368648,0.414,0,0,0,0.000017000
215,216,3,astar,fast,manhattan,naive,200,0,0,ok,22,22,1360,508,546,0,306,814,368648,0.542,0,0,0,0.000060000
216,217,3,astar,fast,manhattan,naive,200,0,0,ok,24,22,1802,670,714,0,418,1088,368648,0.584,0,0,0,0.000078000
217,218,3,astar,fast,manhattan,naive,200,0,0,ok,28,28,6510,2461,2668,0,1381,3842,376840,1.090,0,0,0,0.000357000
218,219,3,astar,fast,manhattan,naive,200,0,0,ok,18,18,585,216,238,0,131,347,368648,0.491,0,0,0,0.000026000
219,220,3,astar,fast,manhattan,naive,200,0,0,ok,18,18,401,146,152,0,103,249,368648,0.420,0,0,0,0.000017000
220,221,3,astar,fast,manhattan,naive,200,0,0,ok,24,24,1899,718,771,0,410,1128,368648,0.630,0,0,0,0.000085000
221,222,3,astar,fast,manhattan,naive,200,0,0,ok,24,24,1703,641,690,0,372,1013,368648,0.602,0,0,0,0.000086000
222,223,3,astar,fast,manhattan,naive,200,0,0,ok,26,26,3320,1249,1347,0,724,1973,368648,0.732,0,0,0,0.000165000
223,224,3,astar,fast,manhattan,naive,200,0,0,ok,14,14,281,104,106,0,71,175,368648,0.429,0,0,0,0.000015000
224,225,3,astar,fast,manhattan,naive,200,0,0,ok,24,24,1684,627,665,0,392,1019,368648,0.575,0,0,0,0.000076000
225,226,3,astar,fast,manhattan,naive,200,0,0,ok,26,24,3287,1242,1327,0,718,1960,368648,0.766,0,0,0,0.000164000
226,227,3,astar,fast,manhattan,naive,200,0,0,ok,24,24,3716,1391,1520,0,805,2196,368648,0.787,0,0,0,0.000182000
227,228,3,astar,fast,manhattan,naive,200,0,0,ok,26,26,1675,632,665,0,378,1010,368648,0.577,0,0,0,0.000084000
228,229,3,astar,fast,manhattan,naive,200,0,0,ok,18,18,113,40,39,0,34,74,368648,0.357,0,0,0,0.000005000
229,230,3,astar,fast,manhattan,naive,200,0,0,ok,20,20,709,268,288,0,153,421,368648,0.504,0,0,0,0.000031000
230,231,3,astar,fast,manhattan,naive,200,0,0,ok,26,26,3869,1474,1565,0,830,2304,368648,0.802,0,0,0,0.000192000
231,232,3,astar,fast,manhattan,naive,200,0,0,ok,22,22,1488,556,596,0,336,892,368648,0.564,0,0,0,0.000073000
232,233,3,astar,fast,manhattan,naive,200,0,0,ok,26,26,3205,1208,1301,0,696,1904,368648,0.766,0,0,0,0.000155000
233,234,3,astar,fast,manhattan,naive,200,0,0,ok,22,20,2412,896,984,0,532,1428,368648,0.686,0,0,0,0.000112000
234,235,3,astar,fast,manhattan,naive,200,0,0,ok,22,22,984,368,387,0,229,597,368648,0.492,0,0,0,0.000042000
235,236,3,astar,fast,manhattan,naive,200,0,0,ok,20,20,606,227,238,0,141,368,368648,0.453,0,0,0,0.000025000
236,237,3,astar,fast,manhattan,naive,200,0,0,ok,28,28,8433,3171,3504,0,1758,4929,409608,1.158,0,0,0,0.000493000
237,238,3,astar,fast,manhattan,naive,200,0,0,ok,20,20,981,366,390,0,225,591,368648,0.497,0,0,0,0.000049000
238,239,3,astar,fast,manhattan,naive,200,0,0,ok,20,20,626,230,239,0,157,387,368648,0.451,0,0,0,0.000026000
239,240,3,astar,fast,manhattan,naive,200,0,0,ok,24,24,2152,811,863,0,478,1289,368648,0.608,0,0,0,0.000103000
240,241,3,astar,fast,manhattan,naive,200,0,0,ok,20,20,777,288,303,0,186,474,368648,0.481,0,0,0,0.000035000
241,242,3,astar,fast,manhattan,naive,200,0,0,ok,16,16,49,16,15,0,18,34,368648,0.312,0,0,0,0.000003000
242,243,3,astar,fast,manhattan,naive,200,0,0,ok,22,22,1739,651,691,0,397,1048,368648,0.588,0,0,0,0.000076000
243,244,3,astar,fast,manhattan,naive,200,0,0,ok,24,24,4812,1801,1989,0,1022,2823,368648,0.937,0,0,0,0.000243000
244,245,3,astar,fast,manhattan,naive,200,0,0,ok,14,14,151,55,55,0,41,96,368648,0.393,0,0,0,0.000009000
245,246,3,astar,fast,manhattan,naive,200,0,0,ok,22,22,1917,717,784,0,416,1133,368648,0.629,0,0,0,0.000086000
246,247,3,astar,fast,manhattan,naive,200,0,0,ok,22,22,909,338,356,0,215,553,368648,0.486,0,0,0,0.000038000
247,248,3,astar,fast,manhattan,naive,200,0,0,ok,28,28,6456,2441,2689,0,1326,3767,376840,1.063,0,0,0,0.000358000
248,249,3,astar,fast,manhattan,naive,200,0,0,ok,28,28,4505,1699,1838,0,968,2667,368648,0.854,0,0,0,0.000223000
249,250,3,astar,fast,manhattan,naive,200,0,0,ok,30,28,17466,6592,7543,0,3331,9923,819216,1.325,0,0,0,0.001115000
250,251,3,astar,fast,manhattan,naive,200,0,0,ok,26,26,2457,931,994,0,532,1463,368648,0.668,0,0,0,0.000114000
251,252,3,astar,fast,manhattan,naive,200,0,0,ok,24,24,1389,521,550,0,318,839,368648,0.545,0,0,0,0.000063000
252,253,3,astar,fast,manhattan,naive,200,0,0,ok,24,24,3855,1440,1570,0,845,2285,368648,0.833,0,0,0,0.000192000
253,254,3,astar,fast,manhattan,naive,200,0,0,ok,22,22,1108,414,442,0,252,666,368648,0.515,0,0,0,0.000050000
254,255,3,astar,fast,manhattan,naive,200,0,0,ok,22,22,1823,678,732,0,413,1091,368648,0.599,0,0,0,0.000083000
255,256,3,astar,fast,manhattan,naive,200,0,0,ok,20,20,234,86,86,0,62,148,368648,0.391,0,0,0,0.000011000
256,257,3,astar,fast,manhattan,naive,200,0,0,ok,20,20,361,135,140,0,86,221,368648,0.414,0,0,0,0.000015000
257,258,3,astar,fast,manhattan,naive,200,0,0,ok,24,24,1695,634,668,0,393,1027,368648,0.566,0,0,0,0.000076000
258,259,3,astar,fast,manhattan,naive,200,0,0,ok,20,20,530,196,211,0,123,319,368648,0.439,0,0,0,0.000022000
259,260,3,astar,fast,manhattan,naive,200,0,0,ok,28,28,5971,2263,2438,0,1270,3533,376840,1.071,0,0,0,0.000323000
260,261,3,astar,fast,manhattan,naive,200,0,0,ok,26,26,1998,758,803,0,437,1195,368648,0.620,0,0,0,0.000095000
261,262,3,astar,fast,manhattan,naive,200,0,0,ok,24,24,2353,879,944,0,530,1409,368648,0.654,0,0,0,0.000108000
262,263,3,astar,fast,manhattan,naive,200,0,0,ok,22,22,1598,595,649,0,354,949,368648,0.572,0,0,0,0.000075000
263,264,3,astar,fast,manhattan,naive,200,0,0,ok,22,22,910,343,363,0,204,547,368648,0.495,0,0,0,0.000040000
264,265,3,astar,fast,manhattan,naive,200,0,0,ok,22,22,938,351,375,0,212,563,368648,0.491,0,0,0,0.000040000
265,266,3,astar,fast,manhattan,naive,200,0,0,ok,28,26,7381,2780,3057,0,1544,4324,409608,1.158,0,0,0,0.000451000
266,267,3,astar,fast,manhattan,naive,200,0,0,ok,26,26,1918,722,765,0,431,1153,368648,0.598,0,0,0,0.000092000
267,268,3,astar,fast,manhattan,naive,200,0,0,ok,20,20,179,67,67,0,45,112,368648,0.388,0,0,0,0.000008000
268,269,3,astar,fast,manhattan,naive,200,0,0,ok,26,24,4856,1820,1994,0,1042,2862,376840,0.923,0,0,0,0.000248000
269,270,3,astar,fast,manhattan,naive,200,0,0,ok,26,26,3559,1343,1454,0,762,2105,368648,0.787,0,0,0,0.000172000
270,271,3,astar,fast,manhattan,naive,200,0,0,ok,26,24,2935,1107,1196,0,632,1739,368648,0.724,0,0,0,0.000147000
271,272,3,astar,fast,manhattan,naive,200,0,0,ok,18,18,443,163,170,0,110,273,368648,0.430,0,0,0,0.000019000
272,273,3,astar,fast,manhattan,naive,200,0,0,ok,20,20,1315,486,521,0,308,794,368648,0.575,0,0,0,0.000057000
273,274,3,astar,fast,manhattan,naive,200,0,0,ok,28,28,5636,2130,2316,0,1190,3320,376840,1.024,0,0,0,0.000304000
274,275,3,astar,fast,manhattan,naive,200,0,0,ok,18,18,220,82,84,0,54,136,368648,0.397,0,0,0,0.000011000
275,276,3,astar,fast,manhattan,naive,200,0,0,ok,26,26,2266,853,902,0,511,1364,368648,0.641,0,0,0,0.000107000
276,277,3,astar,fast,manhattan,naive,200,0,0,ok,22,22,1138,427,456,0,255,682,368648,0.523,0,0,0,0.000051000
277,278,3,astar,fast,manhattan,naive,200,0,0,ok,24,24,1977,739,797,0,441,1180,368648,0.619,0,0,0,0.000089000
278,279,3,astar,fast,manhattan,naive,200,0,0,ok,24,24,4484,1683,1838,0,963,2646,368648,0.903,0,0,0,0.000222000
279,280,3,astar,fast,manhattan,naive,200,0,0,ok,22,22,1509,557,609,0,343,900,368648,0.572,0,0,0,0.000069000
280,281,3,astar,fast,manhattan,naive,200,0,0,ok,22,22,567,213,219,0,135,348,368648,0.472,0,0,0,0.000025000
281,282,3,astar,fast,manhattan,naive,200,0,0,ok,26,26,3398,1278,1373,0,747,2025,368648,0.774,0,0,0,0.000170000
282,283,3,astar,fast,manhattan,naive,200,0,0,ok,28,28,3281,1246,1342,0,693,1939,368648,0.738,0,0,0,0.000164000
283,284,3,astar,fast,manhattan,naive,200,0,0,ok,28,28,8004,3006,3311,0,1687,4693,409608,1.180,0,0,0,0.000481000
284,285,3,astar,fast,manhattan,naive,200,0,0,ok,24,24,1460,546,587,0,327,873,368648,0.548,0,0,0,0.000067000
285,286,3,astar,fast,manhattan,naive,200,0,0,ok,22,22,260,97,98,0,65,162,368648,0.402,0,0,0,0.000012000
286,287,3,astar,fast,manhattan,naive,200,0,0,ok,20,20,590,221,231,0,138,359,368648,0.492,0,0,0,0.000026000
287,288,3,astar,fast,manhattan,naive,200,0,0,ok,26,24,4908,1841,1993,0,1074,2915,376840,0.928,0,0,0,0.000261000
288,289,3,astar,fast,manhattan,naive,200,0,0,ok,24,24,2553,953,1020,0,580,1533,368648,0.709,0,0,0,0.000124000
289,290,3,astar,fast,manhattan,naive,200,0,0,ok,20,20,989,366,396,0,227,593,368648,0.514,0,0,0,0.000041000
290,291,3,astar,fast,manhattan,naive,200,0,0,ok,20,20,742,276,298,0,168,444,368648,0.484,0,0,0,0.000031000
291,292,3,astar,fast,manhattan,naive,200,0,0,ok,24,24,1957,730,774,0,453,1183,368648,0.605,0,0,0,0.000088000
292,293,3,astar,fast,manhattan,naive,200,0,0,ok,24,24,1081,405,432,0,244,649,368648,0.511,0,0,0,0.000047000
293,294,3,astar,fast,manhattan,naive,200,0,0,ok,16,16,107,40,40,0,27,67,368648,0.387,0,0,0,0.000005000
294,295,3,astar,fast,manhattan,naive,200,0,0,ok,22,20,1288,479,510,0,299,778,368648,0.533,0,0,0,0.000056000
295,296,3,astar,fast,manhattan,naive,200,0,0,ok,20,20,333,124,128,0,81,205,368648,0.419,0,0,0,0.000014000
296,297,3,astar,fast,manhattan,naive,200,0,0,ok,28,26,5127,1946,2094,0,1087,3033,376840,0.942,0,0,0,0.000267000
297,298,3,astar,fast,manhattan,naive,200,0,0,ok,22,22,918,342,356,0,220,562,368648,0.483,0,0,0,0.000041000
298,299,3,astar,fast,manhattan,naive,200,0,0,ok,18,18,835,310,331,0,194,504,368648,0.486,0,0,0,0.000035000
299,300,3,astar,fast,manhattan,naive,200,0,0,ok,28,26,8215,3089,3375,0,1751,4840,409608,1.175,0,0,0,0.000489000
300,301,3,astar,fast,manhattan,naive,200,0,0,ok,18,18,261,97,101,0,63,160,368648,0.412,0,0,0,0.000012000
301,302,3,astar,fast,manhattan,naive,200,0,0,ok,18,18,349,129,141,0,79,208,368648,0.448,0,0,0,0.000014000
302,303,3,astar,fast,manhattan,naive,200,0,0,ok,22,22,1826,680,735,0,411,1091,368648,0.613,0,0,0,0.000082000
303,304,3,astar,fast,manhattan,naive,200,0,0,ok,28,26,8388,3166,3457,0,1765,4931,409608,1.154,0,0,0,0.000494000
304,305,3,astar,fast,manhattan,naive,200,0,0,ok,22,22,1460,550,587,0,323,873,368648,0.563,0,0,0,0.000068000
305,306,3,astar,fast,manhattan,naive,200,0,0,ok,24,24,1307,488,521,0,298,786,368648,0.551,0,0,0,0.000058000
306,307,3,astar,fast,manhattan,naive,200,0,0,ok,20,20,307,115,117,0,75,190,368648,0.441,0,0,0,0.000015000
307,308,3,astar,fast,manhattan,naive,200,0,0,ok,24,24,2202,830,902,0,470,1300,368648,0.639,0,0,0,0.000101000
308,309,3,astar,fast,manhattan,naive,200,0,0,ok,20,20,871,327,350,0,194,521,368648,0.507,0,0,0,0.000039000
309,310,3,astar,fast,manhattan,naive,200,0,0,ok,22,22,2215,825,893,0,497,1322,368648,0.635,0,0,0,0.000100000
310,311,3,astar,fast,manhattan,naive,200,0,0,ok,24,22,4518,1683,1867,0,968,2651,368648,0.919,0,0,0,0.000226000
311,312,3,astar,fast,manhattan,naive,200,0,0,ok,26,26,5647,2110,2300,0,1237,3347,376840,1.037,0,0,0,0.000302000
312,313,3,astar,fast,manhattan,naive,200,0,0,ok,18,18,244,91,92,0,61,152,368648,0.412,0,0,0,0.000013000
313,314,3,astar,fast,manhattan,naive,200,0,0,ok,18,16,309,115,117,0,77,192,368648,0.425,0,0,0,0.000013000
314,315,3,astar,fast,manhattan,naive,200,0,0,ok,22,22,3565,1332,1466,0,767,2099,368648,0.808,0,0,0,0.000169000
315,316,3,astar,fast,manhattan,naive,200,0,0,ok,28,28,6902,2604,2815,0,1483,4087,376840,1.161,0,0,0,0.000386000
316,317,3,astar,fast,manhattan,naive,200,0,0,ok,18,18,330,122,128,0,80,202,368648,0.441,0,0,0,0.000016000
317,318,3,astar,fast,manhattan,naive,200,0,0,ok,22,22,648,241,254,0,153,394,368648,0.444,0,0,0,0.000027000
318,319,3,astar,fast,manhattan,naive,200,0,0,ok,18,18,148,54,55,0,39,93,368648,0.374,0,0,0,0.000007000
319,320,3,astar,fast,manhattan,naive,200,0,0,ok,18,18,448,165,170,0,113,278,368648,0.438,0,0,0,0.000018000
320,321,3,astar,fast,manhattan,naive,200,0,0,ok,26,26,3334,1256,1356,0,722,1978,368648,0.771,0,0,0,0.000161000
321,322,3,astar,fast,manhattan,naive,200,0,0,ok,24,24,1681,631,670,0,380,1011,368648,0.589,0,0,0,0.000084000
322,323,3,astar,fast,manhattan,naive,200,0,0,ok,24,22,3219,1209,1323,0,687,1896,368648,0.784,0,0,0,0.000159000
323,324,3,astar,fast,manhattan,naive,200,0,0,ok,22,22,781,292,300,0,189,481,368648,0.458,0,0,0,0.000035000
324,325,3,astar,fast,manhattan,naive,200,0,0,ok,18,18,292,108,112,0,72,180,368648,0.419,0,0,0,0.000013000
325,326,3,astar,fast,manhattan,naive,200,0,0,ok,24,24,866,325,345,0,196,521,368648,0.528,0,0,0,0.000038000
326,327,3,astar,fast,manhattan,naive,200,0,0,ok,22,22,1544,572,613,0,359,931,368648,0.557,0,0,0,0.000069000
327,328,3,astar,fast,manhattan,naive,200,0,0,ok,20,20,1683,631,679,0,373,1004,368648,0.592,0,0,0,0.000076000
328,329,3,astar,fast,manhattan,naive,200,0,0,ok,22,22,1799,673,723,0,403,1076,368648,0.611,0,0,0,0.000080000
329,330,3,astar,fast,manhattan,naive,200,0,0,ok,22,22,542,205,209,0,128,333,368648,0.431,0,0,0,0.000024000
330,331,3,astar,fast,manhattan,naive,200,0,0,ok,18,18,292,108,112,0,72,180,368648,0.419,0,0,0,0.000012000
331,332,3,astar,fast,manhattan,naive,200,0,0,ok,24,24,3037,1138,1213,0,686,1824,368648,0.714,0,0,0,0.000142000
332,333,3,astar,fast,manhattan,naive,200,0,0,ok,14,14,191,69,69,0,53,122,368648,0.379,0,0,0,0.000010000
333,334,3,astar,fast,manhattan,naive,200,0,0,ok,24,24,4255,1586,1762,0,907,2493,368648,0.868,0,0,0,0.000211000
334,335,3,astar,fast,manhattan,naive,200,0,0,ok,26,26,3627,1364,1478,0,785,2149,368648,0.788,0,0,0,0.000176000
335,336,3,astar,fast,manhattan,naive,200,0,0,ok,20,20,1075,400,419,0,256,656,368648,0.506,0,0,0,0.000047000
336,337,3,astar,fast,manhattan,naive,200,0,0,ok,18,18,1116,413,449,0,254,667,368648,0.540,0,0,0,0.000045000
337,338,3,astar,fast,manhattan,naive,200,0,0,ok,22,22,196,73,73,0,50,123,368648,0.400,0,0,0,0.000009000
338,339,3,astar,fast,manhattan,naive,200,0,0,ok,22,22,1019,380,400,0,239,619,368648,0.496,0,0,0,0.000046000
339,340,3,astar,fast,manhattan,naive,200,0,0,ok,26,26,2579,979,1046,0,554,1533,368648,0.696,0,0,0,0.000124000
340,341,3,astar,fast,manhattan,naive,200,0,0,ok,24,24,2072,780,837,0,455,1235,368648,0.619,0,0,0,0.000094000
341,342,3,astar,fast,manhattan,naive,200,0,0,ok,24,22,2775,1040,1131,0,604,1644,368648,0.707,0,0,0,0.000131000
342,343,3,astar,fast,manhattan,naive,200,0,0,ok,26,26,3667,1376,1512,0,779,2155,368648,0.775,0,0,0,0.000180000
343,344,3,astar,fast,manhattan,naive,200,0,0,ok,22,22,1464,548,581,0,335,883,368648,0.552,0,0,0,0.000065000
344,345,3,astar,fast,manhattan,naive,200,0,0,ok,26,26,8087,3032,3368,0,1687,4719,409608,1.189,0,0,0,0.000475000
345,346,3,astar,fast,manhattan,naive,200,0,0,ok,26,26,1984,752,791,0,441,1193,368648,0.575,0,0,0,0.000091000
346,347,3,astar,fast,manhattan,naive,200,0,0,ok,18,18,409,152,156,0,101,253,368648,0.426,0,0,0,0.000019000
347,348,3,astar,fast,manhattan,naive,200,0,0,ok,22,22,1721,637,683,0,401,1038,368648,0.581,0,0,0,0.000078000
348,349,3,astar,fast,manhattan,naive,200,0,0,ok,24,24,2451,919,998,0,534,1453,368648,0.667,0,0,0,0.000114000
349,350,3,astar,fast,manhattan,naive,200,0,0,ok,20,20,1078,402,428,0,248,650,368648,0.520,0,0,0,0.000048000
350,351,3,astar,fast,manhattan,naive,200,0,0,ok,26,26,3700,1393,1519,0,788,2181,368648,0.795,0,0,0,0.000177000
351,352,3,astar,fast,manhattan,naive,200,0,0,ok,20,20,791,295,311,0,185,480,368648,0.456,0,0,0,0.000035000
352,353,3,astar,fast,manhattan,naive,200,0,0,ok,22,22,967,360,384,0,223,583,368648,0.499,0,0,0,0.000041000
353,354,3,astar,fast,manhattan,naive,200,0,0,ok,24,24,1936,728,775,0,433,1161,368648,0.611,0,0,0,0.000090000
354,355,3,astar,fast,manhattan,naive,200,0,0,ok,24,24,4219,1587,1748,0,884,2471,368648,0.899,0,0,0,0.000215000
355,356,3,astar,fast,manhattan,naive,200,0,0,ok,24,24,2109,789,839,0,481,1270,368648,0.661,0,0,0,0.000100000
356,357,3,astar,fast,manhattan,naive,200,0,0,ok,22,22,628,237,240,0,151,388,368648,0.450,0,0,0,0.000028000
357,358,3,astar,fast,manhattan,naive,200,0,0,ok,24,22,1619,609,654,0,356,965,368648,0.614,0,0,0,0.000074000
358,359,3,astar,fast,manhattan,naive,200,0,0,ok,20,20,827,312,332,0,183,495,368648,0.505,0,0,0,0.000036000
359,360,3,astar,fast,manhattan,naive,200,0,0,ok,22,22,1783,665,716,0,402,1067,368648,0.599,0,0,0,0.000081000
360,361,3,astar,fast,manhattan,naive,200,0,0,ok,18,16,383,143,149,0,91,234,368648,0.442,0,0,0,0.000017000
361,362,3,astar,fast,manhattan,naive,200,0,0,ok,24,24,894,338,352,0,204,542,368648,0.474,0,0,0,0.000039000
362,363,3,astar,fast,manhattan,naive,200,0,0,ok,22,22,2049,758,820,0,471,1229,368648,0.652,0,0,0,0.000092000
363,364,3,astar,fast,manhattan,naive,200,0,0,ok,22,22,1343,500,528,0,315,815,368648,0.542,0,0,0,0.000060000
364,365,3,astar,fast,manhattan,naive,200,0,0,ok,26,26,4397,1647,1793,0,957,2604,368648,0.895,0,0,0,0.000228000
365,366,3,astar,fast,manhattan,naive,200,0,0,ok,20,20,330,121,124,0,85,206,368648,0.422,0,0,0,0.000015000
366,367,3,astar,fast,manhattan,naive,200,0,0,ok,22,22,582,219,232,0,131,350,368648,0.472,0,0,0,0.000024000
367,368,3,astar,fast,manhattan,naive,200,0,0,ok,20,20,162,60,59,0,43,103,368648,0.379,0,0,0,0.000007000
368,369,3,astar,fast,manhattan,naive,200,0,0,ok,18,18,624,232,243,0,149,381,368648,0.445,0,0,0,0.000025000
369,370,3,astar,fast,manhattan,naive,200,0,0,ok,28,28,6423,2432,2666,0,1325,3757,376840,1.090,0,0,0,0.000347000
370,371,3,astar,fast,manhattan,naive,200,0,0,ok,18,18,757,281,299,0,177,458,368648,0.485,0,0,0,0.000033000
371,372,3,astar,fast,manhattan,naive,200,0,0,ok,22,20,1092,411,434,0,247,658,368648,0.516,0,0,0,0.000047000
372,373,3,astar,fast,manhattan,naive,200,0,0,ok,26,26,1975,752,800,0,423,1175,368648,0.599,0,0,0,0.000089000
373,374,3,astar,fast,manhattan,naive,200,0,0,ok,22,22,1065,397,419,0,249,646,368648,0.502,0,0,0,0.000047000
374,375,3,astar,fast,manhattan,naive,200,0,0,ok,20,20,594,220,232,0,142,362,368648,0.472,0,0,0,0.000026000
375,376,3,astar,fast,manhattan,naive,200,0,0,ok,22,20,1350,508,547,0,295,803,368648,0.555,0,0,0,0.000058000
376,377,3,astar,fast,manhattan,naive,200,0,0,ok,28,28,13575,5102,5698,0,2775,7877,425992,1.338,0,0,0,0.000830000
377,378,3,astar,fast,manhattan,naive,200,0,0,ok,24,22,2177,817,874,0,486,1303,368648,0.648,0,0,0,0.000099000
378,379,3,astar,fast,manhattan,naive,200,0,0,ok,26,26,3518,1332,1431,0,755,2087,368648,0.779,0,0,0,0.000187000
379,380,3,astar,fast,manhattan,naive,200,0,0,ok,22,22,634,239,250,0,145,384,368648,0.458,0,0,0,0.000029000
380,381,3,astar,fast,manhattan,naive,200,0,0,ok,24,24,2286,857,923,0,506,1363,368648,0.642,0,0,0,0.000104000
381,382,3,astar,fast,manhattan,naive,200,0,0,ok,20,20,470,173,179,0,118,291,368648,0.435,0,0,0,0.000021000
382,383,3,astar,fast,manhattan,naive,200,0,0,ok,28,28,6555,2478,2680,0,1397,3875,376840,1.112,0,0,0,0.000357000
383,384,3,astar,fast,manhattan,naive,200,0,0,ok,22,22,1533,571,608,0,354,925,368648,0.563,0,0,0,0.000069000
384,385,3,astar,fast,manhattan,naive,200,0,0,ok,24,22,1196,445,471,0,280,725,368648,0.536,0,0,0,0.000053000
385,386,3,astar,fast,manhattan,naive,200,0,0,ok,22,22,1090,405,429,0,256,661,368648,0.532,0,0,0,0.000047000
386,387,3,astar,fast,manhattan,naive,200,0,0,ok,22,22,1721,637,683,0,401,1038,368648,0.581,0,0,0,0.000082000
387,388,3,astar,fast,manhattan,naive,200,0,0,ok,18,18,324,120,126,0,78,198,368648,0.415,0,0,0,0.000013000
388,389,3,astar,fast,manhattan,naive,200,0,0,ok,26,26,1764,668,707,0,389,1057,368648,0.574,0,0,0,0.000079000
389,390,3,astar,fast,manhattan,naive,200,0,0,ok,24,24,905,341,358,0,206,547,368648,0.487,0,0,0,0.000040000
390,391,3,astar,fast,manhattan,naive,200,0,0,ok,24,24,5849,2182,2451,0,1216,3398,376840,1.055,0,0,0,0.000315000
391,392,3,astar,fast,manhattan,naive,200,0,0,ok,20,20,791,295,316,0,180,475,368648,0.481,0,0,0,0.000033000
392,393,3,astar,fast,manhattan,naive,200,0,0,ok,28,26,6065,2282,2499,0,1284,3566,376840,1.052,0,0,0,0.000338000
393,394,3,astar,fast,manhattan,naive,200,0,0,ok,22,20,1570,587,634,0,349,936,368648,0.580,0,0,0,0.000072000
394,395,3,astar,fast,manhattan,naive,200,0,0,ok,22,22,2382,887,957,0,538,1425,368648,0.699,0,0,0,0.000112000
395,396,3,astar,fast,manhattan,naive,200,0,0,ok,22,22,1254,470,504,0,280,750,368648,0.535,0,0,0,0.000058000
396,397,3,astar,fast,manhattan,naive,200,0,0,ok,22,22,1024,385,409,0,230,615,368648,0.529,0,0,0,0.000044000
397,398,3,astar,fast,manhattan,naive,200,0,0,ok,24,24,2065,773,830,0,462,1235,368648,0.633,0,0,0,0.000092000
398,399,3,astar,fast,manhattan,naive,200,0,0,ok,20,20,330,124,129,0,77,201,368648,0.413,0,0,0,0.000013000
399,400,3,astar,fast,manhattan,naive,200,0,0,ok,24,24,2011,761,809,0,441,1202,368648,0.616,0,0,0,0.000092000
400,401,3,astar,fast,manhattan,naive,200,0,0,ok,18,18,531,195,209,0,127,322,368648,0.458,0,0,0,0.000023000
401,402,3,astar,fast,manhattan,naive,200,0,0,ok,20,20,370,138,140,0,92,230,368648,0.425,0,0,0,0.000016000
402,403,3,astar,fast,manhattan,naive,200,0,0,ok,24,24,3444,1288,1413,0,743,2031,368648,0.787,0,0,0,0.000167000
403,404,3,astar,fast,manhattan,naive,200,0,0,ok,20,20,747,277,290,0,180,457,368648,0.466,0,0,0,0.000034000
404,405,3,astar,fast,manhattan,naive,200,0,0,ok,18,18,581,216,228,0,137,353,368648,0.466,0,0,0,0.000025000
405,406,3,astar,fast,manhattan,naive,200,0,0,ok,18,18,512,192,203,0,117,309,368648,0.434,0,0,0,0.000022000
406,407,3,astar,fast,manhattan,naive,200,0,0,ok,22,22,690,255,267,0,168,423,368648,0.469,0,0,0,0.000029000
407,408,3,astar,fast,manhattan,naive,200,0,0,ok,20,20,685,254,272,0,159,413,368648,0.461,0,0,0,0.000029000
408,409,3,astar,fast,manhattan,naive,200,0,0,ok,22,22,1344,498,533,0,313,811,368648,0.531,0,0,0,0.000059000
409,410,3,astar,fast,manhattan,naive,200,0,0,ok,24,24,1738,650,695,0,393,1043,368648,0.576,0,0,0,0.000078000
410,411,3,astar,fast,manhattan,naive,200,0,0,ok,16,16,413,153,158,0,102,255,368648,0.427,0,0,0,0.000017000
411,412,3,astar,fast,manhattan,naive,200,0,0,ok,12,12,50,18,17,0,15,33,368648,0.347,0,0,0,0.000003000
412,413,3,astar,fast,manhattan,naive,200,0,0,ok,22,22,727,269,276,0,182,451,368648,0.481,0,0,0,0.000031000
413,414,3,astar,fast,manhattan,naive,200,0,0,ok,24,24,1418,534,566,0,318,852,368648,0.559,0,0,0,0.000064000
414,415,3,astar,fast,manhattan,naive,200,0,0,ok,24,24,3076,1154,1250,0,672,1826,368648,0.748,0,0,0,0.000147000
415,416,3,astar,fast,manhattan,naive,200,0,0,ok,24,24,1831,682,713,0,436,1118,368648,0.598,0,0,0,0.000082000
416,417,3,astar,fast,manhattan,naive,200,0,0,ok,22,22,496,188,193,0,115,303,368648,0.457,0,0,0,0.000022000
417,418,3,astar,fast,manhattan,naive,200,0,0,ok,20,20,797,297,315,0,185,482,368648,0.492,0,0,0,0.000034000
418,419,3,astar,fast,manhattan,naive,200,0,0,ok,22,20,1332,498,529,0,305,803,368648,0.552,0,0,0,0.000056000
419,420,3,astar,fast,manhattan,naive,200,0,0,ok,20,20,826,309,326,0,191,500,368648,0.484,0,0,0,0.000034000
420,421,3,astar,fast,manhattan,naive,200,0,0,ok,20,20,599,222,236,0,141,363,368648,0.468,0,0,0,0.000025000
421,422,3,astar,fast,manhattan,naive,200,0,0,ok,22,22,2384,890,966,0,528,1418,368648,0.672,0,0,0,0.000108000
422,423,3,astar,fast,manhattan,naive,200,0,0,ok,20,20,365,137,144,0,84,221,368648,0.437,0,0,0,0.000019000
423,424,3,astar,fast,manhattan,naive,200,0,0,ok,20,20,727,267,279,0,181,448,368648,0.449,0,0,0,0.000031000
424,425,3,astar,fast,manhattan,naive,200,0,0,ok,20,20,828,309,323,0,196,505,368648,0.476,0,0,0,0.000034000
425,426,3,astar,fast,manhattan,naive,200,0,0,ok,24,24,3004,1124,1225,0,655,1779,368648,0.757,0,0,0,0.000144000
426,427,3,astar,fast,manhattan,naive,200,0,0,ok,24,24,3340,1250,1351,0,739,1989,368648,0.779,0,0,0,0.000167000
427,428,3,astar,fast,manhattan,naive,200,0,0,ok,18,18,585,216,226,0,143,359,368648,0.464,0,0,0,0.000032000
428,429,3,astar,fast,manhattan,naive,200,0,0,ok,22,22,1152,432,456,0,264,696,368648,0.516,0,0,0,0.000051000
429,430,3,astar,fast,manhattan,naive,200,0,0,ok,26,24,6340,2378,2613,0,1349,3727,376840,1.108,0,0,0,0.000360000
430,431,3,astar,fast,manhattan,naive,200,0,0,ok,24,24,3645,1368,1471,0,806,2174,368648,0.800,0,0,0,0.000189000
431,432,3,astar,fast,manhattan,naive,200,0,0,ok,24,22,1662,625,664,0,373,998,368648,0.606,0,0,0,0.000085000
432,433,3,astar,fast,manhattan,naive,200,0,0,ok,28,28,3975,1509,1614,0,852,2361,368648,0.823,0,0,0,0.000211000
433,434,3,astar,fast,manhattan,naive,200,0,0,ok,24,24,714,272,284,0,158,430,368648,0.477,0,0,0,0.000034000
434,435,3,astar,fast,manhattan,naive,200,0,0,ok,20,20,1753,654,709,0,390,1044,368648,0.587,0,0,0,0.000083000
435,436,3,astar,fast,manhattan,naive,200,0,0,ok,22,20,1628,606,656,0,366,972,368648,0.587,0,0,0,0.000076000
436,437,3,astar,fast,manhattan,naive,200,0,0,ok,22,22,990,370,388,0,232,602,368648,0.517,0,0,0,0.000046000
437,438,3,astar,fast,manhattan,naive,200,0,0,ok,20,20,994,372,396,0,226,598,368648,0.513,0,0,0,0.000047000
438,439,3,astar,fast,manhattan,naive,200,0,0,ok,22,22,1421,531,565,0,325,856,368648,0.566,0,0,0,0.000066000
439,440,3,astar,fast,manhattan,naive,200,0,0,ok,24,24,2620,978,1070,0,572,1550,368648,0.697,0,0,0,0.000126000
440,441,3,astar,fast,manhattan,naive,200,0,0,ok,28,26,6080,2300,2510,0,1270,3570,376840,1.039,0,0,0,0.000355000
441,442,3,astar,fast,manhattan,naive,200,0,0,ok,22,22,2454,915,985,0,554,1469,368648,0.704,0,0,0,0.000127000
442,443,3,astar,fast,manhattan,naive,200,0,0,ok,24,24,2109,789,839,0,481,1270,368648,0.628,0,0,0,0.000102000
443,444,3,astar,fast,manhattan,naive,200,0,0,ok,22,22,929,348,366,0,215,563,368648,0.500,0,0,0,0.000046000
444,445,3,astar,fast,manhattan,naive,200,0,0,ok,28,26,4096,1552,1677,0,867,2419,368648,0.815,0,0,0,0.000205000
445,446,3,astar,fast,manhattan,naive,200,0,0,ok,20,20,227,83,85,0,59,142,368648,0.407,0,0,0,0.000012000
446,447,3,astar,fast,manhattan,naive,200,0,0,ok,28,28,11770,4425,4932,0,2413,6838,425992,1.264,0,0,0,0.000726000
447,448,3,astar,fast,manhattan,naive,200,0,0,ok,22,22,1489,556,589,0,344,900,368648,0.556,0,0,0,0.000071000
448,449,3,astar,fast,manhattan,naive,200,0,0,ok,20,20,1029,383,410,0,236,619,368648,0.522,0,0,0,0.000045000
449,450,3,astar,fast,manhattan,naive,200,0,0,ok,24,24,2248,840,906,0,502,1342,368648,0.641,0,0,0,0.000105000
450,451,3,astar,fast,manhattan,naive,200,0,0,ok,22,22,1927,719,768,0,440,1159,368648,0.610,0,0,0,0.000091000
451,452,3,astar,fast,manhattan,naive,200,0,0,ok,18,18,182,67,66,0,49,116,368648,0.392,0,0,0,0.000009000
452,453,3,astar,fast,manhattan,naive,200,0,0,ok,26,26,5977,2235,2478,0,1264,3499,376840,1.068,0,0,0,0.000341000
453,454,3,astar,fast,manhattan,naive,200,0,0,ok,26,26,8140,3047,3367,0,1726,4773,409608,1.163,0,0,0,0.000478000
454,455,3,astar,fast,manhattan,naive,200,0,0,ok,24,24,3075,1149,1251,0,675,1824,368648,0.757,0,0,0,0.000148000
455,456,3,astar,fast,manhattan,naive,200,0,0,ok,26,26,3647,1377,1496,0,774,2151,368648,0.812,0,0,0,0.000186000
456,457,3,astar,fast,manhattan,naive,200,0,0,ok,26,26,2884,1083,1155,0,646,1729,368648,0.715,0,0,0,0.000145000
457,458,3,astar,fast,manhattan,naive,200,0,0,ok,22,22,1024,385,407,0,232,617,368648,0.507,0,0,0,0.000045000
458,459,3,astar,fast,manhattan,naive,200,0,0,ok,22,22,1276,478,506,0,292,770,368648,0.561,0,0,0,0.000057000
459,460,3,astar,fast,manhattan,naive,200,0,0,ok,24,22,2620,983,1071,0,566,1549,368648,0.691,0,0,0,0.000121000
460,461,3,astar,fast,manhattan,naive,200,0,0,ok,24,22,2477,926,1012,0,539,1465,368648,0.670,0,0,0,0.000116000
461,462,3,astar,fast,manhattan,naive,200,0,0,ok,20,20,470,175,180,0,115,290,368648,0.458,0,0,0,0.000021000
462,463,3,astar,fast,manhattan,naive,200,0,0,ok,24,24,1893,713,752,0,428,1141,368648,0.591,0,0,0,0.000089000
463,464,3,astar,fast,manhattan,naive,200,0,0,ok,20,20,738,273,292,0,173,446,368648,0.513,0,0,0,0.000032000
464,465,3,astar,fast,manhattan,naive,200,0,0,ok,18,18,261,96,99,0,66,162,368648,0.423,0,0,0,0.000011000
465,466,3,astar,fast,manhattan,naive,200,0,0,ok,22,22,733,274,285,0,174,448,368648,0.473,0,0,0,0.000029000
466,467,3,astar,fast,manhattan,naive,200,0,0,ok,20,20,1221,453,493,0,275,728,368648,0.540,0,0,0,0.000055000
467,468,3,astar,fast,manhattan,naive,200,0,0,ok,24,24,4095,1529,1684,0,882,2411,368648,0.862,0,0,0,0.000199000
468,469,3,astar,fast,manhattan,naive,200,0,0,ok,24,22,3130,1167,1279,0,684,1851,368648,0.748,0,0,0,0.000154000
469,470,3,astar,fast,manhattan,naive,200,0,0,ok,24,22,1202,451,481,0,270,721,368648,0.510,0,0,0,0.000054000
470,471,3,astar,fast,manhattan,naive,200,0,0,ok,22,22,270,103,104,0,63,166,368648,0.405,0,0,0,0.000012000
471,472,3,astar,fast,manhattan,naive,200,0,0,ok,24,24,3421,1283,1387,0,751,2034,368648,0.782,0,0,0,0.000166000
472,473,3,astar,fast,manhattan,naive,200,0,0,ok,24,24,1226,460,487,0,279,739,368648,0.550,0,0,0,0.000054000
473,474,3,astar,fast,manhattan,naive,200,0,0,ok,24,24,936,355,369,0,212,567,368648,0.499,0,0,0,0.000040000
474,475,3,astar,fast,manhattan,naive,200,0,0,ok,26,24,4075,1529,1652,0,894,2423,368648,0.851,0,0,0,0.000208000
475,476,3,astar,fast,manhattan,naive,200,0,0,ok,26,26,3255,1225,1324,0,706,1931,368648,0.734,0,0,0,0.000157000
476,477,3,astar,fast,manhattan,naive,200,0,0,ok,24,24,3790,1414,1568,0,808,2222,368648,0.831,0,0,0,0.000189000
477,478,3,astar,fast,manhattan,naive,200,0,0,ok,22,22,1017,381,405,0,231,612,368648,0.530,0,0,0,0.000046000
478,479,3,astar,fast,manhattan,naive,200,0,0,ok,18,18,800,296,320,0,184,480,368648,0.507,0,0,0,0.000034000
479,480,3,astar,fast,manhattan,naive,200,0,0,ok,22,22,733,273,283,0,177,450,368648,0.462,0,0,0,0.000030000
480,481,3,astar,fast,manhattan,naive,200,0,0,ok,18,18,428,157,165,0,106,263,368648,0.445,0,0,0,0.000019000
481,482,3,astar,fast,manhattan,naive,200,0,0,ok,20,20,1147,430,453,0,264,694,368648,0.545,0,0,0,0.000050000
482,483,3,astar,fast,manhattan,naive,200,0,0,ok,26,26,6919,2585,2907,0,1427,4012,376840,1.161,0,0,0,0.000368000
483,484,3,astar,fast,manhattan,naive,200,0,0,ok,26,26,6372,2390,2649,0,1333,3723,376840,1.116,0,0,0,0.000345000
484,485,3,astar,fast,manhattan,naive,200,0,0,ok,26,24,5229,1958,2145,0,1126,3084,376840,0.968,0,0,0,0.000275000
485,486,3,astar,fast,manhattan,naive,200,0,0,ok,20,20,284,104,106,0,74,178,368648,0.406,0,0,0,0.000012000
486,487,3,astar,fast,manhattan,naive,200,0,0,ok,22,20,657,244,257,0,156,400,368648,0.454,0,0,0,0.000028000
487,488,3,astar,fast,manhattan,naive,200,0,0,ok,18,18,938,348,368,0,222,570,368648,0.492,0,0,0,0.000042000
488,489,3,astar,fast,manhattan,naive,200,0,0,ok,22,22,707,267,276,0,164,431,368648,0.452,0,0,0,0.000030000
489,490,3,astar,fast,manhattan,naive,200,0,0,ok,20,20,737,274,290,0,173,447,368648,0.495,0,0,0,0.000031000
490,491,3,astar,fast,manhattan,naive,200,0,0,ok,18,18,487,179,187,0,121,300,368648,0.432,0,0,0,0.000022000
491,492,3,astar,fast,manhattan,naive,200,0,0,ok,24,24,1251,470,497,0,284,754,368648,0.574,0,0,0,0.000057000
492,493,3,astar,fast,manhattan,naive,200,0,0,ok,22,22,872,329,349,0,194,523,368648,0.485,0,0,0,0.000039000
493,494,3,astar,fast,manhattan,naive,200,0,0,ok,24,24,3105,1156,1248,0,701,1857,368648,0.756,0,0,0,0.000147000
494,495,3,astar,fast,manhattan,naive,200,0,0,ok,18,18,277,101,104,0,72,173,368648,0.399,0,0,0,0.000012000
495,496,3,astar,fast,manhattan,naive,200,0,0,ok,26,26,5833,2182,2417,0,1234,3416,376840,1.041,0,0,0,0.000301000
496,497,3,astar,fast,manhattan,naive,200,0,0,ok,22,22,172,64,63,0,45,109,368648,0.380,0,0,0,0.000008000
497,498,3,astar,fast,manhattan,naive,200,0,0,ok,24,24,4102,1536,1665,0,901,2437,368648,0.876,0,0,0,0.000208000
498,499,3,astar,fast,manhattan,naive,200,0,0,ok,18,18,253,96,97,0,60,156,368648,0.413,0,0,0,0.000011000
499,500,3,astar,fast,manhattan,naive,200,0,0,ok,22,22,590,219,225,0,146,365,368648,0.436,0,0,0,0.000026000
500,501,3,astar,fast,manhattan,naive,200,0,0,ok,18,18,308,114,117,0,77,191,368648,0.423,0,0,0,0.000014000
501,502,3,astar,fast,manhattan,naive,200,0,0,ok,20,20,426,159,165,0,102,261,368648,0.438,0,0,0,0.000018000
502,503,3,astar,fast,manhattan,naive,200,0,0,ok,20,20,795,297,314,0,184,481,368648,0.523,0,0,0,0.000035000
503,504,3,astar,fast,manhattan,naive,200,0,0,ok,22,22,673,250,259,0,164,414,368648,0.484,0,0,0,0.000034000
504,505,3,astar,fast,manhattan,naive,200,0,0,ok,20,20,606,225,240,0,141,366,368648,0.460,0,0,0,0.000025000
505,506,3,astar,fast,manhattan,naive,200,0,0,ok,26,26,5388,2019,2201,0,1168,3187,376840,1.007,0,0,0,0.000278000
506,507,3,astar,fast,manhattan,naive,200,0,0,ok,22,22,1791,667,716,0,408,1075,368648,0.588,0,0,0,0.000079000
507,508,3,astar,fast,manhattan,naive,200,0,0,ok,22,22,723,271,278,0,174,445,368648,0.463,0,0,0,0.000032000
508,509,3,astar,fast,manhattan,naive,200,0,0,ok,18,18,114,41,40,0,33,74,368648,0.354,0,0,0,0.000005000
509,510,3,astar,fast,manhattan,naive,200,0,0,ok,16,16,201,75,78,0,48,123,368648,0.395,0,0,0,0.000009000
510,511,3,astar,fast,manhattan,naive,200,0,0,ok,24,24,2374,899,947,0,528,1427,368648,0.638,0,0,0,0.000110000
511,512,3,astar,fast,manhattan,naive,200,0,0,ok,24,24,1315,494,517,0,304,798,368648,0.516,0,0,0,0.000058000
512,513,3,astar,fast,manhattan,naive,200,0,0,ok,14,14,321,119,124,0,78,197,368648,0.406,0,0,0,0.000013000
513,514,3,astar,fast,manhattan,naive,200,0,0,ok,26,26,6293,2371,2577,0,1345,3716,376840,1.095,0,0,0,0.000334000
514,515,3,astar,fast,manhattan,naive,200,0,0,ok,18,18,152,55,54,0,43,98,368648,0.371,0,0,0,0.000008000
515,516,3,astar,fast,manhattan,naive,200,0,0,ok,26,26,4948,1852,1995,0,1101,2953,376840,0.941,0,0,0,0.000262000
516,517,3,astar,fast,manhattan,naive,200,0,0,ok,24,22,2171,810,862,0,499,1309,368648,0.639,0,0,0,0.000114000
517,518,3,astar,fast,manhattan,naive,200,0,0,ok,24,24,2916,1085,1191,0,640,1725,368648,0.731,0,0,0,0.000141000
518,519,3,astar,fast,manhattan,naive,200,0,0,ok,22,22,3285,1220,1331,0,734,1954,368648,0.751,0,0,0,0.000162000
519,520,3,astar,fast,manhattan,naive,200,0,0,ok,22,22,1357,509,542,0,306,815,368648,0.530,0,0,0,0.000060000
520,521,3,astar,fast,manhattan,naive,200,0,0,ok,24,24,2642,991,1067,0,584,1575,368648,0.680,0,0,0,0.000126000
521,522,3,astar,fast,manhattan,naive,200,0,0,ok,24,24,2001,753,816,0,432,1185,368648,0.629,0,0,0,0.000099000
522,523,3,astar,fast,manhattan,naive,200,0,0,ok,24,24,1081,407,422,0,252,659,368648,0.498,0,0,0,0.000051000
523,524,3,astar,fast,manhattan,naive,200,0,0,ok,22,22,1175,439,461,0,275,714,368648,0.514,0,0,0,0.000055000
524,525,3,astar,fast,manhattan,naive,200,0,0,ok,18,18,218,79,81,0,58,137,368648,0.401,0,0,0,0.000010000
525,526,3,astar,fast,manhattan,naive,200,0,0,ok,26,26,1823,692,732,0,399,1091,368648,0.589,0,0,0,0.000083000
526,527,3,astar,fast,manhattan,naive,200,0,0,ok,24,24,1768,662,699,0,407,1069,368648,0.574,0,0,0,0.000084000
527,528,3,astar,fast,manhattan,naive,200,0,0,ok,28,28,3839,1460,1574,0,805,2265,368648,0.805,0,0,0,0.000192000
528,529,3,astar,fast,manhattan,naive,200,0,0,ok,20,20,720,268,285,0,167,435,368648,0.459,0,0,0,0.000033000
529,530,3,astar,fast,manhattan,naive,200,0,0,ok,18,18,441,163,172,0,106,269,368648,0.425,0,0,0,0.000019000
530,531,3,astar,fast,manhattan,naive,200,0,0,ok,20,20,344,129,132,0,83,212,368648,0.408,0,0,0,0.000016000
531,532,3,astar,fast,manhattan,naive,200,0,0,ok,24,22,2670,1000,1094,0,576,1576,368648,0.706,0,0,0,0.000131000
532,533,3,astar,fast,manhattan,naive,200,0,0,ok,24,22,2050,767,815,0,468,1235,368648,0.621,0,0,0,0.000097000
533,534,3,astar,fast,manhattan,naive,200,0,0,ok,24,24,1163,437,461,0,265,702,368648,0.504,0,0,0,0.000054000
534,535,3,astar,fast,manhattan,naive,200,0,0,ok,20,20,1729,641,700,0,388,1029,368648,0.612,0,0,0,0.000078000
535,536,3,astar,fast,manhattan,naive,200,0,0,ok,20,20,955,355,377,0,223,578,368648,0.494,0,0,0,0.000041000
536,537,3,astar,fast,manhattan,naive,200,0,0,ok,18,18,443,164,170,0,109,273,368648,0.446,0,0,0,0.000018000
537,538,3,astar,fast,manhattan,naive,200,0,0,ok,26,26,4658,1743,1912,0,1003,2746,368648,0.912,0,0,0,0.000233000
538,539,3,astar,fast,manhattan,naive,200,0,0,ok,20,20,1819,675,744,0,400,1075,368648,0.620,0,0,0,0.000084000
539,540,3,astar,fast,manhattan,naive,200,0,0,ok,20,20,811,302,318,0,191,493,368648,0.489,0,0,0,0.000035000
540,541,3,astar,fast,manhattan,naive,200,0,0,ok,26,26,2626,988,1057,0,581,1569,368648,0.680,0,0,0,0.000124000
541,542,3,astar,fast,manhattan,naive,200,0,0,ok,26,26,3006,1133,1207,0,666,1799,368648,0.730,0,0,0,0.000149000
542,543,3,astar,fast,manhattan,naive,200,0,0,ok,24,22,1999,745,801,0,453,1198,368648,0.611,0,0,0,0.000093000
543,544,3,astar,fast,manhattan,naive,200,0,0,ok,26,26,6959,2604,2891,0,1464,4068,376840,1.166,0,0,0,0.000382000
544,545,3,astar,fast,manhattan,naive,200,0,0,ok,20,20,1045,388,418,0,239,627,368648,0.505,0,0,0,0.000047000
545,546,3,astar,fast,manhattan,naive,200,0,0,ok,24,24,2368,894,964,0,510,1404,368648,0.684,0,0,0,0.000110000
546,547,3,astar,fast,manhattan,naive,200,0,0,ok,26,26,3464,1306,1394,0,764,2070,368648,0.792,0,0,0,0.000173000
547,548,3,astar,fast,manhattan,naive,200,0,0,ok,16,16,381,142,147,0,92,234,368648,0.432,0,0,0,0.000016000
548,549,3,astar,fast,manhattan,naive,200,0,0,ok,24,24,970,367,383,0,220,587,368648,0.512,0,0,0,0.000043000
549,550,3,astar,fast,manhattan,naive,200,0,0,ok,16,16,98,35,35,0,28,63,368648,0.361,0,0,0,0.000006000
550,551,3,astar,fast,manhattan,naive,200,0,0,ok,22,22,934,347,365,0,222,569,368648,0.459,0,0,0,0.000041000
551,552,3,astar,fast,manhattan,naive,200,0,0,ok,22,22,1091,408,429,0,254,662,368648,0.492,0,0,0,0.000052000
552,553,3,astar,fast,manhattan,naive,200,0,0,ok,24,24,3920,1466,1610,0,844,2310,368648,0.825,0,0,0,0.000195000
553,554,3,astar,fast,manhattan,naive,200,0,0,ok,28,28,4075,1547,1656,0,872,2419,368648,0.843,0,0,0,0.000207000
554,555,3,astar,fast,manhattan,naive,200,0,0,ok,22,22,443,167,171,0,105,272,368648,0.437,0,0,0,0.000021000
555,556,3,astar,fast,manhattan,naive,200,0,0,ok,18,18,62,22,21,0,19,41,368648,0.344,0,0,0,0.000004000
556,557,3,astar,fast,manhattan,naive,200,0,0,ok,26,26,4392,1657,1768,0,967,2624,368648,0.916,0,0,0,0.000221000
557,558,3,astar,fast,manhattan,naive,200,0,0,ok,30,30,24888,9386,10711,0,4791,14177,851984,1.398,0,0,0,0.001683000
558,559,3,astar,fast,manhattan,naive,200,0,0,ok,24,24,1462,549,598,0,315,864,368648,0.554,0,0,0,0.000065000
559,560,3,astar,fast,manhattan,naive,200,0,0,ok,26,26,1953,738,770,0,445,1183,368648,0.602,0,0,0,0.000090000
560,561,3,astar,fast,manhattan,naive,200,0,0,ok,20,20,499,186,207,0,106,292,368648,0.478,0,0,0,0.000021000
561,562,3,astar,fast,manhattan,naive,200,0,0,ok,26,26,3048,1146,1230,0,672,1818,368648,0.729,0,0,0,0.000147000
562,563,3,astar,fast,manhattan,naive,200,0,0,ok,14,14,129,46,45,0,38,84,368648,0.359,0,0,0,0.000007000
563,564,3,astar,fast,manhattan,naive,200,0,0,ok,30,28,18317,6929,7704,0,3684,10613,819216,1.305,0,0,0,0.001188000
564,565,3,astar,fast,manhattan,naive,200,0,0,ok,22,22,566,213,217,0,136,349,368648,0.450,0,0,0,0.000025000
565,566,3,astar,fast,manhattan,naive,200,0,0,ok,24,24,2314,864,923,0,527,1391,368648,0.649,0,0,0,0.000107000
566,567,3,astar,fast,manhattan,naive,200,0,0,ok,26,26,7138,2669,2935,0,1534,4203,409608,1.192,0,0,0,0.000419000
567,568,3,astar,fast,manhattan,naive,200,0,0,ok,26,26,5328,2002,2203,0,1123,3125,376840,0.996,0,0,0,0.000282000
568,569,3,astar,fast,manhattan,naive,200,0,0,ok,22,22,1623,607,650,0,366,973,368648,0.576,0,0,0,0.000083000
569,570,3,astar,fast,manhattan,naive,200,0,0,ok,24,24,1947,733,797,0,417,1150,368648,0.617,0,0,0,0.000090000
570,571,3,astar,fast,manhattan,naive,200,0,0,ok,22,22,566,214,222,0,130,344,368648,0.455,0,0,0,0.000027000
571,572,3,astar,fast,manhattan,naive,200,0,0,ok,22,22,3098,1159,1253,0,686,1845,368648,0.747,0,0,0,0.000149000
572,573,3,astar,fast,manhattan,naive,200,0,0,ok,24,24,3381,1264,1385,0,732,1996,368648,0.771,0,0,0,0.000164000
573,574,3,astar,fast,manhattan,naive,200,0,0,ok,8,8,25,8,7,0,10,18,368648,0.333,0,0,0,0.000003000
574,575,3,astar,fast,manhattan,naive,200,0,0,ok,16,16,124,44,44,0,36,80,368648,0.366,0,0,0,0.000006000
575,576,3,astar,fast,manhattan,naive,200,0,0,ok,22,22,1474,554,583,0,337,891,368648,0.569,0,0,0,0.000068000
576,577,3,astar,fast,manhattan,naive,200,0,0,ok,26,26,4718,1768,1935,0,1015,2783,368648,0.922,0,0,0,0.000247000
577,578,3,astar,fast,manhattan,naive,200,0,0,ok,22,22,639,236,247,0,156,392,368648,0.447,0,0,0,0.000030000
578,579,3,astar,fast,manhattan,naive,200,0,0,ok,28,26,4507,1709,1828,0,970,2679,368648,0.867,0,0,0,0.000233000
579,580,3,astar,fast,manhattan,naive,200,0,0,ok,28,26,5757,2179,2355,0,1223,3402,376840,1.004,0,0,0,0.000309000
580,581,3,astar,fast,manhattan,naive,200,0,0,ok,28,28,11770,4425,4932,0,2413,6838,425992,1.264,0,0,0,0.000700000
581,582,3,astar,fast,manhattan,naive,200,0,0,ok,26,26,2932,1105,1194,0,633,1738,368648,0.704,0,0,0,0.000141000
582,583,3,astar,fast,manhattan,naive,200,0,0,ok,22,22,844,315,329,0,200,515,368648,0.482,0,0,0,0.000039000
583,584,3,astar,fast,manhattan,naive,200,0,0,ok,22,20,2145,801,870,0,474,1275,368648,0.670,0,0,0,0.000101000
584,585,3,astar,fast,manhattan,naive,200,0,0,ok,26,26,8585,3235,3576,0,1774,5009,409608,1.179,0,0,0,0.000510000
585,586,3,astar,fast,manhattan,naive,200,0,0,ok,26,26,3321,1250,1336,0,735,1985,368648,0.769,0,0,0,0.000163000
586,587,3,astar,fast,manhattan,naive,200,0,0,ok,24,24,2784,1045,1147,0,592,1637,368648,0.711,0,0,0,0.000133000
587,588,3,astar,fast,manhattan,naive,200,0,0,ok,22,22,3415,1284,1407,0,724,2008,368648,0.798,0,0,0,0.000165000
588,589,3,astar,fast,manhattan,naive,200,0,0,ok,24,24,1463,553,582,0,328,881,368648,0.566,0,0,0,0.000069000
589,590,3,astar,fast,manhattan,naive,200,0,0,ok,26,26,3239,1220,1300,0,719,1939,368648,0.740,0,0,0,0.000158000
590,591,3,astar,fast,manhattan,naive,200,0,0,ok,20,20,531,198,211,0,122,320,368648,0.462,0,0,0,0.000023000
591,592,3,astar,fast,manhattan,naive,200,0,0,ok,18,18,128,47,46,0,35,82,368648,0.370,0,0,0,0.000007000
592,593,3,astar,fast,manhattan,naive,200,0,0,ok,20,20,911,338,365,0,208,546,368648,0.505,0,0,0,0.000039000
593,594,3,astar,fast,manhattan,naive,200,0,0,ok,16,16,72,26,26,0,20,46,368648,0.366,0,0,0,0.000003000
594,595,3,astar,fast,manhattan,naive,200,0,0,ok,16,16,151,55,55,0,41,96,368648,0.400,0,0,0,0.000007000
595,596,3,astar,fast,manhattan,naive,200,0,0,ok,26,26,10685,4033,4491,0,2161,6194,425992,1.204,0,0,0,0.000635000
596,597,3,astar,fast,manhattan,naive,200,0,0,ok,18,18,927,346,379,0,202,548,368648,0.518,0,0,0,0.000039000
597,598,3,astar,fast,manhattan,naive,200,0,0,ok,24,24,2105,789,849,0,467,1256,368648,0.653,0,0,0,0.000096000
598,599,3,astar,fast,manhattan,naive,200,0,0,ok,22,22,796,296,312,0,188,484,368648,0.494,0,0,0,0.000036000
599,600,3,astar,fast,manhattan,naive,200,0,0,ok,24,24,2281,855,916,0,510,1365,368648,0.657,0,0,0,0.000111000
600,601,3,astar,fast,manhattan,naive,200,0,0,ok,24,24,743,282,292,0,169,451,368648,0.487,0,0,0,0.000037000
601,602,3,astar,fast,manhattan,naive,200,0,0,ok,24,24,763,288,299,0,176,464,368648,0.475,0,0,0,0.000033000
602,603,3,astar,fast,manhattan,naive,200,0,0,ok,20,20,349,128,136,0,85,213,368648,0.431,0,0,0,0.000015000
603,604,3,astar,fast,manhattan,naive,200,0,0,ok,22,22,1822,680,729,0,413,1093,368648,0.605,0,0,0,0.000079000
604,605,3,astar,fast,manhattan,naive,200,0,0,ok,22,20,1907,711,774,0,422,1133,368648,0.619,0,0,0,0.000084000
605,606,3,astar,fast,manhattan,naive,200,0,0,ok,20,20,327,121,122,0,84,205,368648,0.399,0,0,0,0.000014000
606,607,3,astar,fast,manhattan,naive,200,0,0,ok,24,22,3270,1222,1320,0,728,1950,368648,0.775,0,0,0,0.000158000
607,608,3,astar,fast,manhattan,naive,200,0,0,ok,20,20,475,179,186,0,110,289,368648,0.458,0,0,0,0.000022000
608,609,3,astar,fast,manhattan,naive,200,0,0,ok,18,18,197,72,71,0,54,126,368648,0.378,0,0,0,0.000009000
609,610,3,astar,fast,manhattan,naive,200,0,0,ok,26,26,8924,3348,3758,0,1818,5166,409608,1.190,0,0,0,0.000534000
610,611,3,astar,fast,manhattan,naive,200,0,0,ok,18,18,579,215,227,0,137,352,368648,0.460,0,0,0,0.000025000
611,612,3,astar,fast,manhattan,naive,200,0,0,ok,22,22,1204,449,469,0,286,735,368648,0.533,0,0,0,0.000052000
612,613,3,astar,fast,manhattan,naive,200,0,0,ok,26,26,9542,3584,4032,0,1926,5510,409608,1.247,0,0,0,0.000561000
613,614,3,astar,fast,manhattan,naive,200,0,0,ok,26,24,5069,1912,2081,0,1076,2988,376840,0.948,0,0,0,0.000269000
614,615,3,astar,fast,manhattan,naive,200,0,0,ok,24,22,1589,597,634,0,358,955,368648,0.582,0,0,0,0.000073000
615,616,3,astar,fast,manhattan,naive,200,0,0,ok,28,28,2730,1039,1099,0,592,1631,368648,0.671,0,0,0,0.000130000
616,617,3,astar,fast,manhattan,naive,200,0,0,ok,24,22,3608,1356,1498,0,754,2110,368648,0.797,0,0,0,0.000168000
617,618,3,astar,fast,manhattan,naive,200,0,0,ok,22,22,1191,443,474,0,274,717,368648,0.534,0,0,0,0.000054000
618,619,3,astar,fast,manhattan,naive,200,0,0,ok,24,24,554,208,217,0,129,337,368648,0.441,0,0,0,0.000023000
619,620,3,astar,fast,manhattan,naive,200,0,0,ok,14,14,301,112,117,0,72,184,368648,0.423,0,0,0,0.000013000
620,621,3,astar,fast,manhattan,naive,200,0,0,ok,24,24,1898,711,763,0,424,1135,368648,0.606,0,0,0,0.000085000
621,622,3,astar,fast,manhattan,naive,200,0,0,ok,20,20,1717,643,697,0,377,1020,368648,0.594,0,0,0,0.000078000
622,623,3,astar,fast,manhattan,naive,200,0,0,ok,14,14,135,49,49,0,37,86,368648,0.388,0,0,0,0.000006000
623,624,3,astar,fast,manhattan,naive,200,0,0,ok,28,26,12831,4821,5411,0,2599,7420,425992,1.297,0,0,0,0.000783000
624,625,3,astar,fast,manhattan,naive,200,0,0,ok,24,24,2739,1021,1115,0,603,1624,368648,0.699,0,0,0,0.000128000
625,626,3,astar,fast,manhattan,naive,200,0,0,ok,22,22,249,95,94,0,60,155,368648,0.395,0,0,0,0.000011000
626,627,3,astar,fast,manhattan,naive,200,0,0,ok,18,18,477,177,184,0,116,293,368648,0.424,0,0,0,0.000022000
627,628,3,astar,fast,manhattan,naive,200,0,0,ok,20,20,908,337,361,0,210,547,368648,0.497,0,0,0,0.000040000
628,629,3,astar,fast,manhattan,naive,200,0,0,ok,26,26,2391,898,965,0,528,1426,368648,0.652,0,0,0,0.000111000
629,630,3,astar,fast,manhattan,naive,200,0,0,ok,22,22,1067,399,422,0,246,645,368648,0.522,0,0,0,0.000048000
630,631,3,astar,fast,manhattan,naive,200,0,0,ok,18,18,160,58,59,0,43,101,368648,0.390,0,0,0,0.000008000
631,632,3,astar,fast,manhattan,naive,200,0,0,ok,28,28,15865,5958,6834,0,3073,9031,819216,1.375,0,0,0,0.001053000
632,633,3,astar,fast,manhattan,naive,200,0,0,ok,24,22,2878,1074,1174,0,630,1704,368648,0.726,0,0,0,0.000143000
633,634,3,astar,fast,manhattan,naive,200,0,0,ok,16,16,297,109,112,0,76,185,368648,0.412,0,0,0,0.000014000
634,635,3,astar,fast,manhattan,naive,200,0,0,ok,18,16,445,164,170,0,111,275,368648,0.421,0,0,0,0.000018000
635,636,3,astar,fast,manhattan,naive,200,0,0,ok,18,18,411,151,158,0,102,253,368648,0.422,0,0,0,0.000017000
636,637,3,astar,fast,manhattan,naive,200,0,0,ok,14,14,76,27,26,0,23,50,368648,0.347,0,0,0,0.000004000
637,638,3,astar,fast,manhattan,naive,200,0,0,ok,18,18,365,135,139,0,91,226,368648,0.420,0,0,0,0.000015000
638,639,3,astar,fast,manhattan,naive,200,0,0,ok,26,26,945,361,379,0,205,566,368648,0.493,0,0,0,0.000041000
639,640,3,astar,fast,manhattan,naive,200,0,0,ok,20,20,613,223,235,0,155,378,368648,0.459,0,0,0,0.000027000
640,641,3,astar,fast,manhattan,naive,200,0,0,ok,22,22,2009,743,805,0,461,1204,368648,0.614,0,0,0,0.000092000
641,642,3,astar,fast,manhattan,naive,200,0,0,ok,28,28,7928,2994,3269,0,1665,4659,409608,1.150,0,0,0,0.000479000
642,643,3,astar,fast,manhattan,naive,200,0,0,ok,22,22,1378,519,544,0,315,834,368648,0.532,0,0,0,0.000066000
643,644,3,astar,fast,manhattan,naive,200,0,0,ok,16,16,309,114,117,0,78,192,368648,0.419,0,0,0,0.000013000
644,645,3,astar,fast,manhattan,naive,200,0,0,ok,24,24,3363,1258,1378,0,727,1985,368648,0.774,0,0,0,0.000161000
645,646,3,astar,fast,manhattan,naive,200,0,0,ok,24,24,909,342,357,0,210,552,368648,0.476,0,0,0,0.000041000
646,647,3,astar,fast,manhattan,naive,200,0,0,ok,20,18,866,321,332,0,213,534,368648,0.451,0,0,0,0.000036000
647,648,3,astar,fast,manhattan,naive,200,0,0,ok,24,24,2390,899,964,0,527,1426,368648,0.676,0,0,0,0.000110000
648,649,3,astar,fast,manhattan,naive,200,0,0,ok,20,20,1118,414,441,0,263,677,368648,0.531,0,0,0,0.000050000
649,650,3,astar,fast,manhattan,naive,200,0,0,ok,24,24,1739,657,704,0,378,1035,368648,0.610,0,0,0,0.000080000
650,651,3,astar,fast,manhattan,naive,200,0,0,ok,26,26,4496,1680,1796,0,1020,2700,368648,0.904,0,0,0,0.000230000
651,652,3,astar,fast,manhattan,naive,200,0,0,ok,18,18,905,336,355,0,214,550,368648,0.506,0,0,0,0.000040000
652,653,3,astar,fast,manhattan,naive,200,0,0,ok,24,24,2001,752,804,0,445,1197,368648,0.626,0,0,0,0.000090000
653,654,3,astar,fast,manhattan,naive,200,0,0,ok,20,20,603,219,228,0,156,375,368648,0.435,0,0,0,0.000027000
654,655,3,astar,fast,manhattan,naive,200,0,0,ok,20,20,324,119,123,0,82,201,368648,0.390,0,0,0,0.000014000
655,656,3,astar,fast,manhattan,naive,200,0,0,ok,26,26,4408,1658,1791,0,959,2617,368648,0.869,0,0,0,0.000219000
656,657,3,astar,fast,manhattan,naive,200,0,0,ok,18,18,398,147,150,0,101,248,368648,0.431,0,0,0,0.000019000
657,658,3,astar,fast,manhattan,naive,200,0,0,ok,22,22,685,258,280,0,147,405,368648,0.482,0,0,0,0.000030000
658,659,3,astar,fast,manhattan,naive,200,0,0,ok,20,20,791,294,315,0,182,476,368648,0.489,0,0,0,0.000035000
659,660,3,astar,fast,manhattan,naive,200,0,0,ok,16,16,184,68,73,0,43,111,368648,0.432,0,0,0,0.000008000
660,661,3,astar,fast,manhattan,naive,200,0,0,ok,14,14,134,48,47,0,39,87,368648,0.376,0,0,0,0.000006000
661,662,3,astar,fast,manhattan,naive,200,0,0,ok,20,20,680,254,262,0,164,418,368648,0.432,0,0,0,0.000028000
662,663,3,astar,fast,manhattan,naive,200,0,0,ok,26,26,8054,3013,3361,0,1680,4693,409608,1.191,0,0,0,0.000477000
663,664,3,astar,fast,manhattan,naive,200,0,0,ok,22,22,1291,479,517,0,295,774,368648,0.553,0,0,0,0.000055000
664,665,3,astar,fast,manhattan,naive,200,0,0,ok,22,22,1887,703,750,0,434,1137,368648,0.616,0,0,0,0.000083000
665,666,3,astar,fast,manhattan,naive,200,0,0,ok,22,22,656,246,256,0,154,400,368648,0.452,0,0,0,0.000030000
666,667,3,astar,fast,manhattan,naive,200,0,0,ok,24,22,1640,614,661,0,365,979,368648,0.583,0,0,0,0.000074000
667,668,3,astar,fast,manhattan,naive,200,0,0,ok,16,16,62,22,21,0,19,41,368648,0.344,0,0,0,0.000003000
668,669,3,astar,fast,manhattan,naive,200,0,0,ok,20,20,452,169,175,0,108,277,368648,0.457,0,0,0,0.000019000
669,670,3,astar,fast,manhattan,naive,200,0,0,ok,18,18,549,200,211,0,138,338,368648,0.451,0,0,0,0.000021000
670,671,3,astar,fast,manhattan,naive,200,0,0,ok,26,24,3094,1162,1250,0,682,1844,368648,0.726,0,0,0,0.000147000
671,672,3,astar,fast,manhattan,naive,200,0,0,ok,22,22,1152,423,452,0,277,700,368648,0.526,0,0,0,0.000052000
672,673,3,astar,fast,manhattan,naive,200,0,0,ok,24,24,2122,793,844,0,485,1278,368648,0.653,0,0,0,0.000096000
673,674,3,astar,fast,manhattan,naive,200,0,0,ok,22,22,2014,746,813,0,455,1201,368648,0.607,0,0,0,0.000089000
674,675,3,astar,fast,manhattan,naive,200,0,0,ok,26,26,3313,1250,1345,0,718,1968,368648,0.741,0,0,0,0.000159000
675,676,3,astar,fast,manhattan,naive,200,0,0,ok,22,22,263,98,98,0,67,165,368648,0.397,0,0,0,0.000012000
676,677,3,astar,fast,manhattan,naive,200,0,0,ok,22,22,1592,595,639,0,358,953,368648,0.579,0,0,0,0.000070000
677,678,3,astar,fast,manhattan,naive,200,0,0,ok,20,20,984,366,390,0,228,594,368648,0.495,0,0,0,0.000043000
678,679,3,astar,fast,manhattan,naive,200,0,0,ok,22,22,799,295,312,0,192,487,368648,0.492,0,0,0,0.000034000
679,680,3,astar,fast,manhattan,naive,200,0,0,ok,18,18,738,272,288,0,178,450,368648,0.474,0,0,0,0.000030000
680,681,3,astar,fast,manhattan,naive,200,0,0,ok,22,22,966,359,385,0,222,581,368648,0.507,0,0,0,0.000043000
681,682,3,astar,fast,manhattan,naive,200,0,0,ok,24,24,1634,609,655,0,370,979,368648,0.592,0,0,0,0.000075000
682,683,3,astar,fast,manhattan,naive,200,0,0,ok,20,20,595,222,235,0,138,360,368648,0.483,0,0,0,0.000025000
683,684,3,astar,fast,manhattan,naive,200,0,0,ok,22,22,841,312,326,0,203,515,368648,0.483,0,0,0,0.000036000
684,685,3,astar,fast,manhattan,naive,200,0,0,ok,18,18,89,32,31,0,26,58,368648,0.352,0,0,0,0.000005000
685,686,3,astar,fast,manhattan,naive,200,0,0,ok,24,24,2246,841,904,0,501,1342,368648,0.643,0,0,0,0.000101000
686,687,3,astar,fast,manhattan,naive,200,0,0,ok,24,24,583,221,226,0,136,357,368648,0.426,0,0,0,0.000025000
687,688,3,astar,fast,manhattan,naive,200,0,0,ok,26,24,4600,1735,1873,0,992,2727,368648,0.912,0,0,0,0.000232000
688,689,3,astar,fast,manhattan,naive,200,0,0,ok,22,20,1297,483,516,0,298,781,368648,0.556,0,0,0,0.000060000
689,690,3,astar,fast,manhattan,naive,200,0,0,ok,26,24,3710,1404,1517,0,789,2193,368648,0.806,0,0,0,0.000185000
690,691,3,astar,fast,manhattan,naive,200,0,0,ok,16,16,314,115,121,0,78,193,368648,0.428,0,0,0,0.000014000
691,692,3,astar,fast,manhattan,naive,200,0,0,ok,22,22,1050,391,421,0,238,629,368648,0.513,0,0,0,0.000045000
692,693,3,astar,fast,manhattan,naive,200,0,0,ok,20,20,885,329,346,0,210,539,368648,0.498,0,0,0,0.000038000
693,694,3,astar,fast,manhattan,naive,200,0,0,ok,22,22,852,315,328,0,209,524,368648,0.503,0,0,0,0.000036000
694,695,3,astar,fast,manhattan,naive,200,0,0,ok,14,14,49,18,17,0,14,32,368648,0.375,0,0,0,0.000003000
695,696,3,astar,fast,manhattan,naive,200,0,0,ok,24,24,2739,1025,1105,0,609,1634,368648,0.692,0,0,0,0.000130000
696,697,3,astar,fast,manhattan,naive,200,0,0,ok,26,26,3767,1421,1537,0,809,2230,368648,0.790,0,0,0,0.000182000
697,698,3,astar,fast,manhattan,naive,200,0,0,ok,26,26,8353,3137,3460,0,1756,4893,409608,1.194,0,0,0,0.000490000
698,699,3,astar,fast,manhattan,naive,200,0,0,ok,22,22,327,123,125,0,79,202,368648,0.417,0,0,0,0.000015000
699,700,3,astar,fast,manhattan,naive,200,0,0,ok,24,24,610,230,245,0,135,365,368648,0.461,0,0,0,0.000026000
700,701,3,astar,fast,manhattan,naive,200,0,0,ok,22,22,654,245,259,0,150,395,368648,0.462,0,0,0,0.000029000
701,702,3,astar,fast,manhattan,naive,200,0,0,ok,20,20,446,166,173,0,107,273,368648,0.427,0,0,0,0.000018000
702,703,3,astar,fast,manhattan,naive,200,0,0,ok,28,26,4507,1709,1828,0,970,2679,368648,0.867,0,0,0,0.000226000
703,704,3,astar,fast,manhattan,naive,200,0,0,ok,24,24,4056,1529,1656,0,871,2400,368648,0.849,0,0,0,0.000197000
704,705,3,astar,fast,manhattan,naive,200,0,0,ok,24,24,1256,471,493,0,292,763,368648,0.514,0,0,0,0.000056000
705,706,3,astar,fast,manhattan,naive,200,0,0,ok,22,22,786,291,307,0,188,479,368648,0.465,0,0,0,0.000038000
706,707,3,astar,fast,manhattan,naive,200,0,0,ok,22,22,592,224,235,0,133,357,368648,0.443,0,0,0,0.000024000
707,708,3,astar,fast,manhattan,naive,200,0,0,ok,24,24,2800,1048,1133,0,619,1667,368648,0.745,0,0,0,0.000132000
708,709,3,astar,fast,manhattan,naive,200,0,0,ok,24,24,2565,957,1027,0,581,1538,368648,0.661,0,0,0,0.000118000
709,710,3,astar,fast,manhattan,naive,200,0,0,ok,20,20,431,159,169,0,103,262,368648,0.416,0,0,0,0.000018000
710,711,3,astar,fast,manhattan,naive,200,0,0,ok,24,24,1719,650,693,0,376,1026,368648,0.591,0,0,0,0.000078000
711,712,3,astar,fast,manhattan,naive,200,0,0,ok,26,26,2194,829,880,0,485,1314,368648,0.635,0,0,0,0.000100000
712,713,3,astar,fast,manhattan,naive,200,0,0,ok,10,10,28,10,9,0,9,19,368648,0.333,0,0,0,0.000002000
713,714,3,astar,fast,manhattan,naive,200,0,0,ok,24,24,3331,1242,1367,0,722,1964,368648,0.778,0,0,0,0.000161000
714,715,3,astar,fast,manhattan,naive,200,0,0,ok,16,16,384,142,144,0,98,240,368648,0.420,0,0,0,0.000019000
715,716,3,astar,fast,manhattan,naive,200,0,0,ok,22,22,2059,769,824,0,466,1235,368648,0.646,0,0,0,0.000094000
716,717,3,astar,fast,manhattan,naive,200,0,0,ok,26,26,6615,2476,2739,0,1400,3876,376840,1.125,0,0,0,0.000353000
717,718,3,astar,fast,manhattan,naive,200,0,0,ok,20,20,644,238,249,0,157,395,368648,0.467,0,0,0,0.000028000
718,719,3,astar,fast,manhattan,naive,200,0,0,ok,28,28,7616,2874,3118,0,1624,4498,409608,1.141,0,0,0,0.000437000
719,720,3,astar,fast,manhattan,naive,200,0,0,ok,26,26,1362,513,542,0,307,820,368648,0.534,0,0,0,0.000065000
720,721,3,astar,fast,manhattan,naive,200,0,0,ok,18,18,366,137,137,0,92,229,368648,0.425,0,0,0,0.000015000
721,722,3,astar,fast,manhattan,naive,200,0,0,ok,22,22,517,196,201,0,120,316,368648,0.457,0,0,0,0.000027000
722,723,3,astar,fast,manhattan,naive,200,0,0,ok,26,26,2345,878,937,0,530,1408,368648,0.666,0,0,0,0.000111000
723,724,3,astar,fast,manhattan,naive,200,0,0,ok,24,24,3934,1472,1606,0,856,2328,368648,0.865,0,0,0,0.000194000
724,725,3,astar,fast,manhattan,naive,200,0,0,ok,20,20,1163,432,456,0,275,707,368648,0.517,0,0,0,0.000052000
725,726,3,astar,fast,manhattan,naive,200,0,0,ok,20,20,1083,403,421,0,259,662,368648,0.524,0,0,0,0.000045000
726,727,3,astar,fast,manhattan,naive,200,0,0,ok,24,24,1671,630,679,0,362,992,368648,0.583,0,0,0,0.000074000
727,728,3,astar,fast,manhattan,naive,200,0,0,ok,20,18,595,221,244,0,130,351,368648,0.475,0,0,0,0.000024000
728,729,3,astar,fast,manhattan,naive,200,0,0,ok,28,28,6229,2354,2540,0,1335,3689,376840,1.048,0,0,0,0.000336000
729,730,3,astar,fast,manhattan,naive,200,0,0,ok,22,22,1234,459,492,0,283,742,368648,0.543,0,0,0,0.000058000
730,731,3,astar,fast,manhattan,naive,200,0,0,ok,28,28,7885,2965,3260,0,1660,4625,409608,1.152,0,0,0,0.000462000
731,732,3,astar,fast,manhattan,naive,200,0,0,ok,22,22,3064,1148,1247,0,669,1817,368648,0.759,0,0,0,0.000145000
732,733,3,astar,fast,manhattan,naive,200,0,0,ok,20,20,1224,455,487,0,282,737,368648,0.542,0,0,0,0.000054000
733,734,3,astar,fast,manhattan,naive,200,0,0,ok,24,24,2138,801,866,0,471,1272,368648,0.671,0,0,0,0.000100000
734,735,3,astar,fast,manhattan,naive,200,0,0,ok,26,26,8006,3007,3358,0,1641,4648,409608,1.172,0,0,0,0.000464000
735,736,3,astar,fast,manhattan,naive,200,0,0,ok,20,20,566,210,220,0,136,346,368648,0.458,0,0,0,0.000027000
736,737,3,astar,fast,manhattan,naive,200,0,0,ok,16,16,460,169,173,0,118,287,368648,0.436,0,0,0,0.000020000
737,738,3,astar,fast,manhattan,naive,200,0,0,ok,16,16,541,201,212,0,128,329,368648,0.454,0,0,0,0.000021000
738,739,3,astar,fast,manhattan,naive,200,0,0,ok,22,22,1858,694,747,0,417,1111,368648,0.617,0,0,0,0.000085000
739,740,3,astar,fast,manhattan,naive,200,0,0,ok,26,26,2470,934,1014,0,522,1456,368648,0.672,0,0,0,0.000117000
740,741,3,astar,fast,manhattan,naive,200,0,0,ok,24,24,2326,871,935,0,520,1391,368648,0.668,0,0,0,0.000111000
741,742,3,astar,fast,manhattan,naive,200,0,0,ok,22,22,618,226,235,0,157,383,368648,0.444,0,0,0,0.000029000
742,743,3,astar,fast,manhattan,naive,200,0,0,ok,18,18,806,296,310,0,200,496,368648,0.470,0,0,0,0.000038000
743,744,3,astar,fast,manhattan,naive,200,0,0,ok,16,16,156,58,57,0,41,99,368648,0.387,0,0,0,0.000007000
744,745,3,astar,fast,manhattan,naive,200,0,0,ok,26,24,4726,1775,1942,0,1009,2784,368648,0.912,0,0,0,0.000239000
745,746,3,astar,fast,manhattan,naive,200,0,0,ok,22,22,570,213,219,0,138,351,368648,0.432,0,0,0,0.000024000
746,747,3,astar,fast,manhattan,naive,200,0,0,ok,26,26,3384,1278,1374,0,732,2010,368648,0.773,0,0,0,0.000167000
747,748,3,astar,fast,manhattan,naive,200,0,0,ok,20,20,516,191,202,0,123,314,368648,0.458,0,0,0,0.000023000
748,749,3,astar,fast,manhattan,naive,200,0,0,ok,18,18,320,119,122,0,79,198,368648,0.448,0,0,0,0.000014000
749,750,3,astar,fast,manhattan,naive,200,0,0,ok,22,22,1261,474,505,0,282,756,368648,0.543,0,0,0,0.000054000
750,751,3,astar,fast,manhattan,naive,200,0,0,ok,28,28,6517,2443,2710,0,1364,3807,376840,1.094,0,0,0,0.000356000
751,752,3,astar,fast,manhattan,naive,200,0,0,ok,22,22,1072,401,428,0,243,644,368648,0.520,0,0,0,0.000047000
752,753,3,astar,fast,manhattan,naive,200,0,0,ok,18,18,142,52,52,0,38,90,368648,0.411,0,0,0,0.000009000
753,754,3,astar,fast,manhattan,naive,200,0,0,ok,18,18,372,136,143,0,93,229,368648,0.420,0,0,0,0.000016000
754,755,3,astar,fast,manhattan,naive,200,0,0,ok,20,20,336,124,130,0,82,206,368648,0.406,0,0,0,0.000014000
755,756,3,astar,fast,manhattan,naive,200,0,0,ok,22,22,2504,938,1005,0,561,1499,368648,0.677,0,0,0,0.000117000
756,757,3,astar,fast,manhattan,naive,200,0,0,ok,24,24,1362,516,546,0,300,816,368648,0.558,0,0,0,0.000062000
757,758,3,astar,fast,manhattan,naive,200,0,0,ok,26,26,4694,1756,1894,0,1044,2800,376840,0.936,0,0,0,0.000254000
758,759,3,astar,fast,manhattan,naive,200,0,0,ok,16,16,451,168,174,0,109,277,368648,0.422,0,0,0,0.000020000
759,760,3,astar,fast,manhattan,naive,200,0,0,ok,18,18,224,81,82,0,61,142,368648,0.395,0,0,0,0.000010000
760,761,3,astar,fast,manhattan,naive,200,0,0,ok,22,22,3657,1367,1493,0,797,2164,368648,0.790,0,0,0,0.000172000
761,762,3,astar,fast,manhattan,naive,200,0,0,ok,26,26,4896,1839,2019,0,1038,2877,376840,0.939,0,0,0,0.000260000
762,763,3,astar,fast,manhattan,naive,200,0,0,ok,24,24,2766,1031,1119,0,616,1647,368648,0.702,0,0,0,0.000131000
763,764,3,astar,fast,manhattan,naive,200,0,0,ok,20,20,478,175,179,0,124,299,368648,0.438,0,0,0,0.000022000
764,765,3,astar,fast,manhattan,naive,200,0,0,ok,20,20,147,54,54,0,39,93,368648,0.384,0,0,0,0.000007000
765,766,3,astar,fast,manhattan,naive,200,0,0,ok,24,24,2631,984,1067,0,580,1564,368648,0.697,0,0,0,0.000123000
766,767,3,astar,fast,manhattan,naive,200,0,0,ok,26,26,1294,491,517,0,286,777,368648,0.524,0,0,0,0.000058000
767,768,3,astar,fast,manhattan,naive,200,0,0,ok,20,20,243,90,94,0,59,149,368648,0.405,0,0,0,0.000012000
768,769,3,astar,fast,manhattan,naive,200,0,0,ok,30,30,15610,5915,6627,0,3068,8983,819216,1.330,0,0,0,0.001029000
769,770,3,astar,fast,manhattan,naive,200,0,0,ok,26,26,2417,905,967,0,545,1450,368648,0.652,0,0,0,0.000115000
770,771,3,astar,fast,manhattan,naive,200,0,0,ok,16,16,413,151,156,0,106,257,368648,0.403,0,0,0,0.000017000
771,772,3,astar,fast,manhattan,naive,200,0,0,ok,26,26,1399,527,557,0,315,842,368648,0.534,0,0,0,0.000061000
772,773,3,astar,fast,manhattan,naive,200,0,0,ok,24,24,4261,1593,1754,0,914,2507,368648,0.888,0,0,0,0.000209000
773,774,3,astar,fast,manhattan,naive,200,0,0,ok,20,20,689,257,270,0,162,419,368648,0.501,0,0,0,0.000031000
774,775,3,astar,fast,manhattan,naive,200,0,0,ok,24,24,451,173,176,0,102,275,368648,0.471,0,0,0,0.000020000
775,776,3,astar,fast,manhattan,naive,200,0,0,ok,24,24,1247,467,495,0,285,752,368648,0.528,0,0,0,0.000055000
776,777,3,astar,fast,manhattan,naive,200,0,0,ok,20,18,947,352,374,0,221,573,368648,0.482,0,0,0,0.000041000
777,778,3,astar,fast,manhattan,naive,200,0,0,ok,20,20,186,68,68,0,50,118,368648,0.389,0,0,0,0.000009000
778,779,3,astar,fast,manhattan,naive,200,0,0,ok,22,22,587,219,229,0,139,358,368648,0.454,0,0,0,0.000025000
779,780,3,astar,fast,manhattan,naive,200,0,0,ok,24,24,2245,841,894,0,510,1351,368648,0.662,0,0,0,0.000104000
780,781,3,astar,fast,manhattan,naive,200,0,0,ok,10,10,49,17,16,0,16,33,368648,0.333,0,0,0,0.000003000
781,782,3,astar,fast,manhattan,naive,200,0,0,ok,26,24,5484,2060,2296,0,1128,3188,376840,0.991,0,0,0,0.000284000
782,783,3,astar,fast,manhattan,naive,200,0,0,ok,22,22,2060,771,848,0,441,1212,368648,0.628,0,0,0,0.000091000
783,784,3,astar,fast,manhattan,naive,200,0,0,ok,22,22,1301,483,524,0,294,777,368648,0.561,0,0,0,0.000060000
784,785,3,astar,fast,manhattan,naive,200,0,0,ok,24,24,1978,731,785,0,462,1193,368648,0.610,0,0,0,0.000091000
785,786,3,astar,fast,manhattan,naive,200,0,0,ok,24,22,3124,1165,1274,0,685,1850,368648,0.770,0,0,0,0.000151000
786,787,3,astar,fast,manhattan,naive,200,0,0,ok,26,26,4567,1716,1872,0,979,2695,368648,0.909,0,0,0,0.000227000
787,788,3,astar,fast,manhattan,naive,200,0,0,ok,22,22,879,328,349,0,202,530,368648,0.495,0,0,0,0.000041000
788,789,3,astar,fast,manhattan,naive,200,0,0,ok,26,26,5219,1962,2129,0,1128,3090,376840,0.999,0,0,0,0.000269000
789,790,3,astar,fast,manhattan,naive,200,0,0,ok,26,26,3436,1294,1387,0,755,2049,368648,0.774,0,0,0,0.000169000
790,791,3,astar,fast,manhattan,naive,200,0,0,ok,20,20,1072,398,430,0,244,642,368648,0.519,0,0,0,0.000048000
791,792,3,astar,fast,manhattan,naive,200,0,0,ok,18,18,414,154,160,0,100,254,368648,0.455,0,0,0,0.000020000
792,793,3,astar,fast,manhattan,naive,200,0,0,ok,24,24,3025,1128,1215,0,682,1810,368648,0.744,0,0,0,0.000144000
793,794,3,astar,fast,manhattan,naive,200,0,0,ok,22,22,1447,543,577,0,327,870,368648,0.585,0,0,0,0.000065000
794,795,3,astar,fast,manhattan,naive,200,0,0,ok,20,18,991,368,396,0,227,595,368648,0.518,0,0,0,0.000042000
795,796,3,astar,fast,manhattan,naive,200,0,0,ok,22,22,995,371,394,0,230,601,368648,0.505,0,0,0,0.000044000
796,797,3,astar,fast,manhattan,naive,200,0,0,ok,18,18,648,238,254,0,156,394,368648,0.468,0,0,0,0.000028000
797,798,3,astar,fast,manhattan,naive,200,0,0,ok,28,28,7453,2802,3066,0,1585,4387,409608,1.153,0,0,0,0.000444000
798,799,3,astar,fast,manhattan,naive,200,0,0,ok,26,26,4747,1785,1941,0,1021,2806,368648,0.937,0,0,0,0.000247000
799,800,3,astar,fast,manhattan,naive,200,0,0,ok,22,22,991,370,394,0,227,597,368648,0.496,0,0,0,0.000047000
800,801,3,astar,fast,manhattan,naive,200,0,0,ok,26,26,3753,1413,1528,0,812,2225,368648,0.787,0,0,0,0.000185000
801,802,3,astar,fast,manhattan,naive,200,0,0,ok,24,24,840,317,336,0,187,504,368648,0.486,0,0,0,0.000037000
802,803,3,astar,fast,manhattan,naive,200,0,0,ok,24,24,2917,1093,1181,0,643,1736,368648,0.723,0,0,0,0.000139000
803,804,3,astar,fast,manhattan,naive,200,0,0,ok,24,24,1931,722,776,0,433,1155,368648,0.659,0,0,0,0.000090000
804,805,3,astar,fast,manhattan,naive,200,0,0,ok,20,20,260,95,98,0,67,162,368648,0.394,0,0,0,0.000011000
805,806,3,astar,fast,manhattan,naive,200,0,0,ok,22,22,803,301,309,0,193,494,368648,0.455,0,0,0,0.000035000
806,807,3,astar,fast,manhattan,naive,200,0,0,ok,18,18,722,267,279,0,176,443,368648,0.451,0,0,0,0.000032000
807,808,3,astar,fast,manhattan,naive,200,0,0,ok,18,18,415,153,161,0,101,254,368648,0.425,0,0,0,0.000017000
808,809,3,astar,fast,manhattan,naive,200,0,0,ok,18,18,546,202,208,0,136,338,368648,0.442,0,0,0,0.000021000
809,810,3,astar,fast,manhattan,naive,200,0,0,ok,24,24,4617,1733,1886,0,998,2731,368648,0.902,0,0,0,0.000232000
810,811,3,astar,fast,manhattan,naive,200,0,0,ok,20,20,982,366,390,0,226,592,368648,0.510,0,0,0,0.000043000
811,812,3,astar,fast,manhattan,naive,200,0,0,ok,18,18,172,64,64,0,44,108,368648,0.404,0,0,0,0.000007000
812,813,3,astar,fast,manhattan,naive,200,0,0,ok,22,22,1605,600,650,0,355,955,368648,0.573,0,0,0,0.000070000
813,814,3,astar,fast,manhattan,naive,200,0,0,ok,22,22,384,143,146,0,95,238,368648,0.431,0,0,0,0.000017000
814,815,3,astar,fast,manhattan,naive,200,0,0,ok,16,16,597,221,231,0,145,366,368648,0.465,0,0,0,0.000025000
815,816,3,astar,fast,manhattan,naive,200,0,0,ok,22,22,1097,412,436,0,249,661,368648,0.535,0,0,0,0.000050000
816,817,3,astar,fast,manhattan,naive,200,0,0,ok,26,26,3484,1313,1411,0,760,2073,368648,0.796,0,0,0,0.000177000
817,818,3,astar,fast,manhattan,naive,200,0,0,ok,22,22,778,292,306,0,180,472,368648,0.474,0,0,0,0.000033000
818,819,3,astar,fast,manhattan,naive,200,0,0,ok,20,20,431,162,168,0,101,263,368648,0.442,0,0,0,0.000018000
819,820,3,astar,fast,manhattan,naive,200,0,0,ok,24,24,4457,1672,1832,0,953,2625,368648,0.898,0,0,0,0.000220000
820,821,3,astar,fast,manhattan,naive,200,0,0,ok,18,18,759,280,297,0,182,462,368648,0.468,0,0,0,0.000035000
821,822,3,astar,fast,manhattan,naive,200,0,0,ok,12,12,132,49,49,0,34,83,368648,0.382,0,0,0,0.000006000
822,823,3,astar,fast,manhattan,naive,200,0,0,ok,18,18,153,56,56,0,41,97,368648,0.382,0,0,0,0.000007000
823,824,3,astar,fast,manhattan,naive,200,0,0,ok,18,18,339,129,134,0,76,205,368648,0.447,0,0,0,0.000014000
824,825,3,astar,fast,manhattan,naive,200,0,0,ok,20,20,1185,439,476,0,270,709,368648,0.523,0,0,0,0.000051000
825,826,3,astar,fast,manhattan,naive,200,0,0,ok,28,26,10738,4028,4510,0,2200,6228,425992,1.247,0,0,0,0.000651000
826,827,3,astar,fast,manhattan,naive,200,0,0,ok,16,16,202,75,76,0,51,126,368648,0.388,0,0,0,0.000009000
827,828,3,astar,fast,manhattan,naive,200,0,0,ok,22,22,1516,563,612,0,341,904,368648,0.562,0,0,0,0.000066000
828,829,3,astar,fast,manhattan,naive,200,0,0,ok,26,26,2789,1051,1126,0,612,1663,368648,0.702,0,0,0,0.000133000
829,830,3,astar,fast,manhattan,naive,200,0,0,ok,18,18,149,54,54,0,41,95,368648,0.392,0,0,0,0.000007000
830,831,3,astar,fast,manhattan,naive,200,0,0,ok,24,24,2484,929,1005,0,550,1479,368648,0.680,0,0,0,0.000116000
831,832,3,astar,fast,manhattan,naive,200,0,0,ok,14,14,60,21,20,0,19,40,368648,0.339,0,0,0,0.000004000
832,833,3,astar,fast,manhattan,naive,200,0,0,ok,26,26,3772,1416,1549,0,807,2223,368648,0.842,0,0,0,0.000188000
833,834,3,astar,fast,manhattan,naive,200,0,0,ok,22,22,1238,461,491,0,286,747,368648,0.521,0,0,0,0.000054000
834,835,3,astar,fast,manhattan,naive,200,0,0,ok,24,24,1861,701,744,0,416,1117,368648,0.622,0,0,0,0.000087000
835,836,3,astar,fast,manhattan,naive,200,0,0,ok,24,22,3088,1165,1268,0,655,1820,368648,0.749,0,0,0,0.000151000
836,837,3,astar,fast,manhattan,naive,200,0,0,ok,22,22,913,343,361,0,209,552,368648,0.498,0,0,0,0.000041000
837,838,3,astar,fast,manhattan,naive,200,0,0,ok,22,22,919,343,361,0,215,558,368648,0.483,0,0,0,0.000038000
838,839,3,astar,fast,manhattan,naive,200,0,0,ok,24,24,1592,598,642,0,352,950,368648,0.566,0,0,0,0.000071000
839,840,3,astar,fast,manhattan,naive,200,0,0,ok,24,24,2120,792,859,0,469,1261,368648,0.642,0,0,0,0.000098000
840,841,3,astar,fast,manhattan,naive,200,0,0,ok,22,22,949,354,378,0,217,571,368648,0.502,0,0,0,0.000044000
841,842,3,astar,fast,manhattan,naive,200,0,0,ok,26,26,3527,1328,1438,0,761,2089,368648,0.788,0,0,0,0.000177000
842,843,3,astar,fast,manhattan,naive,200,0,0,ok,20,20,404,150,155,0,99,249,368648,0.444,0,0,0,0.000017000
843,844,3,astar,fast,manhattan,naive,200,0,0,ok,20,20,1538,572,622,0,344,916,368648,0.569,0,0,0,0.000066000
844,845,3,astar,fast,manhattan,naive,200,0,0,ok,24,24,2039,763,817,0,459,1222,368648,0.616,0,0,0,0.000093000
845,846,3,astar,fast,manhattan,naive,200,0,0,ok,22,22,786,288,300,0,198,486,368648,0.469,0,0,0,0.000033000
846,847,3,astar,fast,manhattan,naive,200,0,0,ok,24,24,2006,749,795,0,462,1211,368648,0.621,0,0,0,0.000091000
847,848,3,astar,fast,manhattan,naive,200,0,0,ok,26,26,6251,2349,2590,0,1312,3661,376840,1.094,0,0,0,0.000339000
848,849,3,astar,fast,manhattan,naive,200,0,0,ok,20,20,350,130,133,0,87,217,368648,0.410,0,0,0,0.000018000
849,850,3,astar,fast,manhattan,naive,200,0,0,ok,20,20,780,290,310,0,180,470,368648,0.470,0,0,0,0.000037000
850,851,3,astar,fast,manhattan,naive,200,0,0,ok,26,26,5157,1926,2119,0,1112,3038,376840,0.963,0,0,0,0.000275000
851,852,3,astar,fast,manhattan,naive,200,0,0,ok,26,24,4761,1779,1973,0,1009,2788,368648,0.921,0,0,0,0.000254000
852,853,3,astar,fast,manhattan,naive,200,0,0,ok,26,26,3460,1302,1427,0,731,2033,368648,0.755,0,0,0,0.000170000
853,854,3,astar,fast,manhattan,naive,200,0,0,ok,24,24,2478,929,989,0,560,1489,368648,0.690,0,0,0,0.000118000
854,855,3,astar,fast,manhattan,naive,200,0,0,ok,20,20,1116,415,447,0,254,669,368648,0.513,0,0,0,0.000051000
855,856,3,astar,fast,manhattan,naive,200,0,0,ok,28,26,3906,1488,1582,0,836,2324,368648,0.798,0,0,0,0.000195000
856,857,3,astar,fast,manhattan,naive,200,0,0,ok,24,22,1724,643,687,0,394,1037,368648,0.581,0,0,0,0.000079000
857,858,3,astar,fast,manhattan,naive,200,0,0,ok,20,20,885,328,357,0,200,528,368648,0.497,0,0,0,0.000039000
858,859,3,astar,fast,manhattan,naive,200,0,0,ok,20,20,746,279,299,0,168,447,368648,0.490,0,0,0,0.000032000
859,860,3,astar,fast,manhattan,naive,200,0,0,ok,18,18,200,72,72,0,56,128,368648,0.387,0,0,0,0.000010000
860,861,3,astar,fast,manhattan,naive,200,0,0,ok,18,18,753,278,305,0,170,448,368648,0.497,0,0,0,0.000031000
861,862,3,astar,fast,manhattan,naive,200,0,0,ok,16,16,83,30,29,0,24,54,368648,0.366,0,0,0,0.000004000
862,863,3,astar,fast,manhattan,naive,200,0,0,ok,22,22,1193,447,469,0,277,724,368648,0.513,0,0,0,0.000050000
863,864,3,astar,fast,manhattan,naive,200,0,0,ok,26,26,4702,1759,1925,0,1018,2777,368648,0.943,0,0,0,0.000244000
864,865,3,astar,fast,manhattan,naive,200,0,0,ok,16,16,258,93,94,0,71,164,368648,0.397,0,0,0,0.000016000
865,866,3,astar,fast,manhattan,naive,200,0,0,ok,26,24,4093,1536,1666,0,891,2427,368648,0.837,0,0,0,0.000209000
866,867,3,astar,fast,manhattan,naive,200,0,0,ok,26,26,1959,739,787,0,433,1172,368648,0.624,0,0,0,0.000088000
867,868,3,astar,fast,manhattan,naive,200,0,0,ok,20,20,450,167,178,0,105,272,368648,0.454,0,0,0,0.000018000
868,869,3,astar,fast,manhattan,naive,200,0,0,ok,26,26,2797,1052,1127,0,618,1670,368648,0.688,0,0,0,0.000132000
869,870,3,astar,fast,manhattan,naive,200,0,0,ok,24,24,1324,500,528,0,296,796,368648,0.533,0,0,0,0.000058000
870,871,3,astar,fast,manhattan,naive,200,0,0,ok,22,22,442,164,168,0,110,274,368648,0.433,0,0,0,0.000018000
871,872,3,astar,fast,manhattan,naive,200,0,0,ok,16,16,204,76,77,0,51,127,368648,0.399,0,0,0,0.000009000
872,873,3,astar,fast,manhattan,naive,200,0,0,ok,22,22,1124,420,441,0,263,683,368648,0.515,0,0,0,0.000047000
873,874,3,astar,fast,manhattan,naive,200,0,0,ok,20,20,928,344,362,0,222,566,368648,0.501,0,0,0,0.000041000
874,875,3,astar,fast,manhattan,naive,200,0,0,ok,18,16,271,99,104,0,68,167,368648,0.430,0,0,0,0.000012000
875,876,3,astar,fast,manhattan,naive,200,0,0,ok,22,22,770,288,305,0,177,465,368648,0.498,0,0,0,0.000034000
876,877,3,astar,fast,manhattan,naive,200,0,0,ok,22,22,1982,741,789,0,452,1193,368648,0.619,0,0,0,0.000092000
877,878,3,astar,fast,manhattan,naive,200,0,0,ok,20,20,479,177,183,0,119,296,368648,0.458,0,0,0,0.000020000
878,879,3,astar,fast,manhattan,naive,200,0,0,ok,22,22,675,254,261,0,160,414,368648,0.458,0,0,0,0.000029000
879,880,3,astar,fast,manhattan,naive,200,0,0,ok,22,22,2010,748,812,0,450,1198,368648,0.639,0,0,0,0.000093000
880,881,3,astar,fast,manhattan,naive,200,0,0,ok,24,24,511,193,198,0,120,313,368648,0.459,0,0,0,0.000026000
881,882,3,astar,fast,manhattan,naive,200,0,0,ok,20,20,747,277,290,0,180,457,368648,0.466,0,0,0,0.000032000
882,883,3,astar,fast,manhattan,naive,200,0,0,ok,20,20,633,237,248,0,148,385,368648,0.483,0,0,0,0.000027000
883,884,3,astar,fast,manhattan,naive,200,0,0,ok,24,24,3970,1483,1619,0,868,2351,368648,0.847,0,0,0,0.000193000
884,885,3,astar,fast,manhattan,naive,200,0,0,ok,30,28,21676,8186,9356,0,4134,12320,851984,1.373,0,0,0,0.001418000
885,886,3,astar,fast,manhattan,naive,200,0,0,ok,22,22,1610,602,651,0,357,959,368648,0.584,0,0,0,0.000073000
886,887,3,astar,fast,manhattan,naive,200,0,0,ok,20,20,627,234,244,0,149,383,368648,0.452,0,0,0,0.000025000
887,888,3,astar,fast,manhattan,naive,200,0,0,ok,28,28,4098,1554,1672,0,872,2426,368648,0.839,0,0,0,0.000207000
888,889,3,astar,fast,manhattan,naive,200,0,0,ok,20,20,548,204,211,0,133,337,368648,0.424,0,0,0,0.000023000
889,890,3,astar,fast,manhattan,naive,200,0,0,ok,20,20,1052,391,412,0,249,640,368648,0.504,0,0,0,0.000043000
890,891,3,astar,fast,manhattan,naive,200,0,0,ok,28,28,6756,2554,2789,0,1413,3967,376840,1.115,0,0,0,0.000372000
891,892,3,astar,fast,manhattan,naive,200,0,0,ok,24,24,1808,677,728,0,403,1080,368648,0.558,0,0,0,0.000081000
892,893,3,astar,fast,manhattan,naive,200,0,0,ok,22,22,1273,474,516,0,283,757,368648,0.539,0,0,0,0.000057000
893,894,3,astar,fast,manhattan,naive,200,0,0,ok,26,26,3151,1185,1276,0,690,1875,368648,0.741,0,0,0,0.000160000
894,895,3,astar,fast,manhattan,naive,200,0,0,ok,22,22,1365,506,540,0,319,825,368648,0.556,0,0,0,0.000058000
895,896,3,astar,fast,manhattan,naive,200,0,0,ok,26,26,2119,797,850,0,472,1269,368648,0.632,0,0,0,0.000098000
896,897,3,astar,fast,manhattan,naive,200,0,0,ok,24,24,2394,901,965,0,528,1429,368648,0.684,0,0,0,0.000110000
897,898,3,astar,fast,manhattan,naive,200,0,0,ok,20,20,308,114,117,0,77,191,368648,0.430,0,0,0,0.000014000
898,899,3,astar,fast,manhattan,naive,200,0,0,ok,22,22,1324,493,516,0,315,808,368648,0.556,0,0,0,0.000059000
899,900,3,astar,fast,manhattan,naive,200,0,0,ok,18,18,271,102,103,0,66,168,368648,0.404,0,0,0,0.000015000
900,901,3,astar,fast,manhattan,naive,200,0,0,ok,26,24,6134,2299,2533,0,1302,3601,376840,1.083,0,0,0,0.000334000
901,902,3,astar,fast,manhattan,naive,200,0,0,ok,24,24,1532,577,608,0,347,924,368648,0.583,0,0,0,0.000069000
902,903,3,astar,fast,manhattan,naive,200,0,0,ok,16,16,312,114,116,0,82,196,368648,0.418,0,0,0,0.000013000
903,904,3,astar,fast,manhattan,naive,200,0,0,ok,22,22,1287,480,511,0,296,776,368648,0.533,0,0,0,0.000055000
904,905,3,astar,fast,manhattan,naive,200,0,0,ok,26,26,4654,1737,1917,0,1000,2737,368648,0.916,0,0,0,0.000233000
905,906,3,astar,fast,manhattan,naive,200,0,0,ok,20,20,2199,818,905,0,476,1294,368648,0.671,0,0,0,0.000101000
906,907,3,astar,fast,manhattan,naive,200,0,0,ok,20,20,496,187,193,0,116,303,368648,0.432,0,0,0,0.000021000
907,908,3,astar,fast,manhattan,naive,200,0,0,ok,24,24,2389,893,955,0,541,1434,368648,0.650,0,0,0,0.000107000
908,909,3,astar,fast,manhattan,naive,200,0,0,ok,26,26,2265,853,914,0,498,1351,368648,0.672,0,0,0,0.000105000
909,910,3,astar,fast,manhattan,naive,200,0,0,ok,20,20,832,311,320,0,201,512,368648,0.457,0,0,0,0.000035000
910,911,3,astar,fast,manhattan,naive,200,0,0,ok,22,22,1180,442,469,0,269,711,368648,0.514,0,0,0,0.000051000
911,912,3,astar,fast,manhattan,naive,200,0,0,ok,18,18,177,64,64,0,49,113,368648,0.398,0,0,0,0.000008000
912,913,3,astar,fast,manhattan,naive,200,0,0,ok,24,24,2644,991,1070,0,583,1574,368648,0.697,0,0,0,0.000124000
913,914,3,astar,fast,manhattan,naive,200,0,0,ok,22,22,2851,1065,1167,0,619,1684,368648,0.742,0,0,0,0.000132000
914,915,3,astar,fast,manhattan,naive,200,0,0,ok,22,22,958,358,378,0,222,580,368648,0.517,0,0,0,0.000042000
915,916,3,astar,fast,manhattan,naive,200,0,0,ok,24,22,2003,745,792,0,466,1211,368648,0.627,0,0,0,0.000088000
916,917,3,astar,fast,manhattan,naive,200,0,0,ok,24,24,472,180,185,0,107,287,368648,0.454,0,0,0,0.000021000
917,918,3,astar,fast,manhattan,naive,200,0,0,ok,20,18,929,346,371,0,212,558,368648,0.504,0,0,0,0.000041000
918,919,3,astar,fast,manhattan,naive,200,0,0,ok,24,24,2013,756,818,0,439,1195,368648,0.636,0,0,0,0.000091000
919,920,3,astar,fast,manhattan,naive,200,0,0,ok,28,28,9401,3538,3905,0,1958,5496,409608,1.201,0,0,0,0.000560000
920,921,3,astar,fast,manhattan,naive,200,0,0,ok,24,22,2563,949,1041,0,573,1522,368648,0.685,0,0,0,0.000120000
921,922,3,astar,fast,manhattan,naive,200,0,0,ok,24,24,1719,643,687,0,389,1032,368648,0.580,0,0,0,0.000076000
922,923,3,astar,fast,manhattan,naive,200,0,0,ok,24,24,2486,933,1005,0,548,1481,368648,0.668,0,0,0,0.000115000
923,924,3,astar,fast,manhattan,naive,200,0,0,ok,22,22,1270,471,497,0,302,773,368648,0.559,0,0,0,0.000081000
924,925,3,astar,fast,manhattan,naive,200,0,0,ok,26,26,1344,510,532,0,302,812,368648,0.541,0,0,0,0.000059000
925,926,3,astar,fast,manhattan,naive,200,0,0,ok,18,18,451,166,175,0,110,276,368648,0.433,0,0,0,0.000019000
926,927,3,astar,fast,manhattan,naive,200,0,0,ok,20,18,460,169,180,0,111,280,368648,0.420,0,0,0,0.000019000
927,928,3,astar,fast,manhattan,naive,200,0,0,ok,10,10,32,10,9,0,13,23,368648,0.290,0,0,0,0.000001000
928,929,3,astar,fast,manhattan,naive,200,0,0,ok,24,24,4155,1546,1708,0,901,2447,368648,0.878,0,0,0,0.000205000
929,930,3,astar,fast,manhattan,naive,200,0,0,ok,20,20,699,261,280,0,158,419,368648,0.466,0,0,0,0.000032000
930,931,3,astar,fast,manhattan,naive,200,0,0,ok,26,24,2688,1022,1089,0,577,1599,368648,0.660,0,0,0,0.000126000
931,932,3,astar,fast,manhattan,naive,200,0,0,ok,24,24,1331,498,530,0,303,801,368648,0.544,0,0,0,0.000061000
932,933,3,astar,fast,manhattan,naive,200,0,0,ok,22,22,1084,405,423,0,256,661,368648,0.520,0,0,0,0.000047000
933,934,3,astar,fast,manhattan,naive,200,0,0,ok,16,16,150,53,52,0,45,98,368648,0.376,0,0,0,0.000007000
934,935,3,astar,fast,manhattan,naive,200,0,0,ok,24,24,3809,1422,1571,0,816,2238,368648,0.845,0,0,0,0.000185000
935,936,3,astar,fast,manhattan,naive,200,0,0,ok,26,26,3855,1455,1571,0,829,2284,368648,0.831,0,0,0,0.000188000
936,937,3,astar,fast,manhattan,naive,200,0,0,ok,20,20,1154,424,448,0,282,706,368648,0.510,0,0,0,0.000049000
937,938,3,astar,fast,manhattan,naive,200,0,0,ok,22,22,1346,508,542,0,296,804,368648,0.525,0,0,0,0.000058000
938,939,3,astar,fast,manhattan,naive,200,0,0,ok,26,26,2923,1098,1171,0,654,1752,368648,0.702,0,0,0,0.000139000
939,940,3,astar,fast,manhattan,naive,200,0,0,ok,26,24,3832,1435,1558,0,839,2274,368648,0.837,0,0,0,0.000198000
940,941,3,astar,fast,manhattan,naive,200,0,0,ok,22,22,1076,402,429,0,245,647,368648,0.518,0,0,0,0.000047000
941,942,3,astar,fast,manhattan,naive,200,0,0,ok,24,24,1493,559,600,0,334,893,368648,0.552,0,0,0,0.000070000
942,943,3,astar,fast,manhattan,naive,200,0,0,ok,26,24,3612,1363,1489,0,760,2123,368648,0.789,0,0,0,0.000178000
943,944,3,astar,fast,manhattan,naive,200,0,0,ok,28,28,11016,4117,4617,0,2282,6399,425992,1.248,0,0,0,0.000665000
944,945,3,astar,fast,manhattan,naive,200,0,0,ok,20,20,714,266,285,0,163,429,368648,0.526,0,0,0,0.000032000
945,946,3,astar,fast,manhattan,naive,200,0,0,ok,22,22,1287,479,515,0,293,772,368648,0.516,0,0,0,0.000055000
946,947,3,astar,fast,manhattan,naive,200,0,0,ok,22,22,1211,455,482,0,274,729,368648,0.531,0,0,0,0.000052000
947,948,3,astar,fast,manhattan,naive,200,0,0,ok,24,24,2191,822,865,0,504,1326,368648,0.615,0,0,0,0.000099000
948,949,3,astar,fast,manhattan,naive,200,0,0,ok,24,24,3908,1460,1606,0,842,2302,368648,0.842,0,0,0,0.000204000
949,950,3,astar,fast,manhattan,naive,200,0,0,ok,24,24,3428,1289,1384,0,755,2044,368648,0.793,0,0,0,0.000176000
950,951,3,astar,fast,manhattan,naive,200,0,0,ok,22,22,750,282,293,0,175,457,368648,0.482,0,0,0,0.000033000
951,952,3,astar,fast,manhattan,naive,200,0,0,ok,22,22,1293,485,515,0,293,778,368648,0.529,0,0,0,0.000058000
952,953,3,astar,fast,manhattan,naive,200,0,0,ok,22,22,1775,670,713,0,392,1062,368648,0.587,0,0,0,0.000079000
953,954,3,astar,fast,manhattan,naive,200,0,0,ok,20,20,299,111,110,0,78,189,368648,0.409,0,0,0,0.000015000
954,955,3,astar,fast,manhattan,naive,200,0,0,ok,26,26,7933,2977,3294,0,1662,4639,409608,1.161,0,0,0,0.000475000
955,956,3,astar,fast,manhattan,naive,200,0,0,ok,22,22,352,132,137,0,83,215,368648,0.410,0,0,0,0.000017000
956,957,3,astar,fast,manhattan,naive,200,0,0,ok,22,22,389,147,150,0,92,239,368648,0.428,0,0,0,0.000017000
957,958,3,astar,fast,manhattan,naive,200,0,0,ok,18,18,200,73,73,0,54,127,368648,0.377,0,0,0,0.000008000
958,959,3,astar,fast,manhattan,naive,200,0,0,ok,28,26,7160,2686,2977,0,1497,4183,409608,1.179,0,0,0,0.000449000
959,960,3,astar,fast,manhattan,naive,200,0,0,ok,20,20,199,74,74,0,51,125,368648,0.399,0,0,0,0.000010000
960,961,3,astar,fast,manhattan,naive,200,0,0,ok,18,18,781,287,315,0,179,466,368648,0.488,0,0,0,0.000035000
961,962,3,astar,fast,manhattan,naive,200,0,0,ok,20,20,901,337,365,0,199,536,368648,0.473,0,0,0,0.000038000
962,963,3,astar,fast,manhattan,naive,200,0,0,ok,10,10,44,15,14,0,15,30,368648,0.326,0,0,0,0.000003000
963,964,3,astar,fast,manhattan,naive,200,0,0,ok,20,20,1186,439,462,0,285,724,368648,0.516,0,0,0,0.000049000
964,965,3,astar,fast,manhattan,naive,200,0,0,ok,24,22,3520,1319,1446,0,755,2074,368648,0.816,0,0,0,0.000171000
965,966,3,astar,fast,manhattan,naive,200,0,0,ok,22,22,974,365,382,0,227,592,368648,0.504,0,0,0,0.000043000
966,967,3,astar,fast,manhattan,naive,200,0,0,ok,24,22,1816,679,731,0,406,1085,368648,0.616,0,0,0,0.000081000
967,968,3,astar,fast,manhattan,naive,200,0,0,ok,18,18,103,37,36,0,30,67,368648,0.363,0,0,0,0.000006000
968,969,3,astar,fast,manhattan,naive,200,0,0,ok,22,22,1889,702,765,0,422,1124,368648,0.646,0,0,0,0.000086000
969,970,3,astar,fast,manhattan,naive,200,0,0,ok,24,24,1323,501,525,0,297,798,368648,0.545,0,0,0,0.000061000
970,971,3,astar,fast,manhattan,naive,200,0,0,ok,26,26,7352,2755,3060,0,1537,4292,409608,1.191,0,0,0,0.000428000
971,972,3,astar,fast,manhattan,naive,200,0,0,ok,24,24,1829,690,738,0,401,1091,368648,0.597,0,0,0,0.000085000
972,973,3,astar,fast,manhattan,naive,200,0,0,ok,24,24,2245,842,909,0,494,1336,368648,0.633,0,0,0,0.000106000
973,974,3,astar,fast,manhattan,naive,200,0,0,ok,24,22,2346,878,942,0,526,1404,368648,0.673,0,0,0,0.000113000
974,975,3,astar,fast,manhattan,naive,200,0,0,ok,26,24,2838,1072,1148,0,618,1690,368648,0.704,0,0,0,0.000145000
975,976,3,astar,fast,manhattan,naive,200,0,0,ok,22,22,1028,385,410,0,233,618,368648,0.522,0,0,0,0.000047000
976,977,3,astar,fast,manhattan,naive,200,0,0,ok,20,20,282,104,106,0,72,176,368648,0.402,0,0,0,0.000014000
977,978,3,astar,fast,manhattan,naive,200,0,0,ok,20,20,534,198,205,0,131,329,368648,0.424,0,0,0,0.000023000
978,979,3,astar,fast,manhattan,naive,200,0,0,ok,24,24,3732,1397,1536,0,799,2196,368648,0.790,0,0,0,0.000187000
979,980,3,astar,fast,manhattan,naive,200,0,0,ok,20,20,1138,420,452,0,266,686,368648,0.543,0,0,0,0.000051000
980,981,3,astar,fast,manhattan,naive,200,0,0,ok,12,12,35,12,11,0,12,24,368648,0.324,0,0,0,0.000003000
981,982,3,astar,fast,manhattan,naive,200,0,0,ok,18,18,730,273,290,0,167,440,368648,0.488,0,0,0,0.000031000
982,983,3,astar,fast,manhattan,naive,200,0,0,ok,22,22,2503,935,1013,0,555,1490,368648,0.675,0,0,0,0.000113000
983,984,3,astar,fast,manhattan,naive,200,0,0,ok,24,24,2936,1097,1186,0,653,1750,368648,0.724,0,0,0,0.000141000
984,985,3,astar,fast,manhattan,naive,200,0,0,ok,22,20,1838,683,744,0,411,1094,368648,0.627,0,0,0,0.000083000
985,986,3,astar,fast,manhattan,naive,200,0,0,ok,24,22,1707,639,680,0,388,1027,368648,0.610,0,0,0,0.000080000
986,987,3,astar,fast,manhattan,naive,200,0,0,ok,22,22,858,318,336,0,204,522,368648,0.467,0,0,0,0.000038000
987,988,3,astar,fast,manhattan,naive,200,0,0,ok,22,22,1009,375,391,0,243,618,368648,0.496,0,0,0,0.000043000
988,989,3,astar,fast,manhattan,naive,200,0,0,ok,26,26,7034,2649,2897,0,1488,4137,409608,1.129,0,0,0,0.000414000
989,990,3,astar,fast,manhattan,naive,200,0,0,ok,22,22,1181,441,461,0,279,720,368648,0.524,0,0,0,0.000055000
990,991,3,astar,fast,manhattan,naive,200,0,0,ok,24,24,1607,607,645,0,355,962,368648,0.567,0,0,0,0.000074000
991,992,3,astar,fast,manhattan,naive,200,0,0,ok,24,24,3283,1230,1324,0,729,1959,368648,0.760,0,0,0,0.000159000
992,993,3,astar,fast,manhattan,naive,200,0,0,ok,20,20,168,62,61,0,45,107,368648,0.413,0,0,0,0.000008000
993,994,3,astar,fast,manhattan,naive,200,0,0,ok,24,24,1875,701,754,0,420,1121,368648,0.628,0,0,0,0.000085000
994,995,3,astar,fast,manhattan,naive,200,0,0,ok,20,20,849,314,337,0,198,512,368648,0.491,0,0,0,0.000041000
995,996,3,astar,fast,manhattan,naive,200,0,0,ok,26,26,2772,1047,1117,0,608,1655,368648,0.696,0,0,0,0.000136000
996,997,3,astar,fast,manhattan,naive,200,0,0,ok,24,24,3424,1283,1404,0,737,2020,368648,0.807,0,0,0,0.000162000
997,998,3,astar,fast,manhattan,naive,200,0,0,ok,24,24,2098,790,838,0,470,1260,368648,0.612,0,0,0,0.000097000
998,999,3,astar,fast,manhattan,naive,200,0,0,ok,22,22,852,322,333,0,197,519,368648,0.469,0,0,0,0.000037000
999,1000,3,astar,fast,manhattan,naive,200,0,0,ok,24,24,1833,691,738,0,404,1095,368648,0.591,0,0,0,0.000084000
0,1,3,astar,fast,manhattan,gcompare,200,0,0,ok,22,22,1737,646,709,26,382,1028,368648,0.585,0,0,0,0.000096000
1,2,3,astar,fast,manhattan,gcompare,200,0,0,ok,22,22,1383,513,553,8,317,830,368648,0.539,0,0,0,0.000064000
2,3,3,astar,fast,manhattan,gcompare,200,0,0,ok,20,20,505,188,191,0,126,314,368648,0.456,0,0,0,0.000021000
3,4,3,astar,fast,manhattan,gcompare,200,0,0,ok,22,22,809,304,321,6,184,488,368648,0.486,0,0,0,0.000035000
4,5,3,astar,fast,manhattan,gcompare,200,0,0,ok,24,24,508,193,206,7,109,302,368648,0.493,0,0,0,0.000023000
5,6,3,astar,fast,manhattan,gcompare,200,0,0,ok,22,22,2021,752,834,31,435,1187,368648,0.626,0,0,0,0.000091000
6,7,3,astar,fast,manhattan,gcompare,200,0,0,ok,20,20,853,313,336,7,204,517,368648,0.469,0,0,0,0.000037000
7,8,3,astar,fast,manhattan,gcompare,200,0,0,ok,22,22,1139,425,457,10,257,682,368648,0.552,0,0,0,0.000049000
8,9,3,astar,fast,manhattan,gcompare,200,0,0,ok,20,20,1225,459,485,3,281,740,368648,0.538,0,0,0,0.000053000
9,10,3,astar,fast,manhattan,gcompare,200,0,0,ok,28,28,13951,5240,6041,193,2670,7910,425992,1.360,0,0,0,0.000863000
10,11,3,astar,fast,manhattan,gcompare,200,0,0,ok,20,20,1588,590,637,4,361,951,368648,0.612,0,0,0,0.000070000
11,12,3,astar,fast,manhattan,gcompare,200,0,0,ok,22,22,1333,497,528,12,308,805,368648,0.539,0,0,0,0.000058000
12,13,3,astar,fast,manhattan,gcompare,200,0,0,ok,20,20,776,287,301,5,188,475,368648,0.453,0,0,0,0.000033000
13,14,3,astar,fast,manhattan,gcompare,200,0,0,ok,20,20,836,310,330,3,196,506,368648,0.505,0,0,0,0.000036000
14,15,3,astar,fast,manhattan,gcompare,200,0,0,ok,24,24,1922,722,786,27,414,1136,368648,0.598,0,0,0,0.000087000
15,16,3,astar,fast,manhattan,gcompare,200,0,0,ok,24,24,2312,860,934,15,518,1378,368648,0.648,0,0,0,0.000105000
16,17,3,astar,fast,manhattan,gcompare,200,0,0,ok,22,22,604,226,234,4,144,370,368648,0.471,0,0,0,0.000026000
17,18,3,astar,fast,manhattan,gcompare,200,0,0,ok,20,20,348,132,136,1,80,212,368648,0.441,0,0,0,0.000015000
18,19,3,astar,fast,manhattan,gcompare,200,0,0,ok,20,20,1108,412,472,17,224,636,368648,0.544,0,0,0,0.000047000
19,20,3,astar,fast,manhattan,gcompare,200,0,0,ok,24,24,2361,882,971,24,508,1390,368648,0.665,0,0,0,0.000107000
20,21,3,astar,fast,manhattan,gcompare,200,0,0,ok,22,22,2589,967,1083,29,539,1506,368648,0.702,0,0,0,0.000122000
21,22,3,astar,fast,manhattan,gcompare,200,0,0,ok,20,20,267,99,101,1,67,166,368648,0.410,0,0,0,0.000012000
22,23,3,astar,fast,manhattan,gcompare,200,0,0,ok,24,24,2499,929,1024,36,546,1475,368648,0.646,0,0,0,0.000121000
23,24,3,astar,fast,manhattan,gcompare,200,0,0,ok,16,16,259,92,95,1,72,164,368648,0.391,0,0,0,0.000013000
24,25,3,astar,fast,manhattan,gcompare,200,0,0,ok,28,28,6152,2326,2582,74,1244,3570,376840,1.068,0,0,0,0.000335000
25,26,3,astar,fast,manhattan,gcompare,200,0,0,ok,20,20,1130,419,458,14,253,672,368648,0.547,0,0,0,0.000049000
26,27,3,astar,fast,manhattan,gcompare,200,0,0,ok,20,20,599,221,235,5,143,364,368648,0.438,0,0,0,0.000024000
27,28,3,astar,fast,manhattan,gcompare,200,0,0,ok,16,16,172,61,60,0,51,112,368648,0.374,0,0,0,0.000008000
28,29,3,astar,fast,manhattan,gcompare,200,0,0,ok,20,20,163,60,61,1,42,102,368648,0.377,0,0,0,0.000007000
29,30,3,astar,fast,manhattan,gcompare,200,0,0,ok,20,20,603,223,230,1,150,373,368648,0.440,0,0,0,0.000024000
30,31,3,astar,fast,manhattan,gcompare,200,0,0,ok,24,24,667,250,266,6,151,401,368648,0.468,0,0,0,0.000027000
31,32,3,astar,fast,manhattan,gcompare,200,0,0,ok,20,20,611,228,238,1,145,373,368648,0.452,0,0,0,0.000028000
32,33,3,astar,fast,manhattan,gcompare,200,0,0,ok,28,28,8899,3357,3732,116,1810,5167,409608,1.163,0,0,0,0.000533000
33,34,3,astar,fast,manhattan,gcompare,200,0,0,ok,26,26,4696,1771,1941,47,984,2755,368648,0.927,0,0,0,0.000235000
34,35,3,astar,fast,manhattan,gcompare,200,0,0,ok,28,28,14537,5459,6247,189,2831,8290,819216,1.373,0,0,0,0.000928000
35,36,3,astar,fast,manhattan,gcompare,200,0,0,ok,22,22,2253,846,922,17,485,1331,368648,0.650,0,0,0,0.000105000
36,37,3,astar,fast,manhattan,gcompare,200,0,0,ok,20,20,635,235,246,5,154,389,368648,0.451,0,0,0,0.000026000
37,38,3,astar,fast,manhattan,gcompare,200,0,0,ok,22,22,720,269,286,6,165,434,368648,0.463,0,0,0,0.000031000
38,39,3,astar,fast,manhattan,gcompare,200,0,0,ok,24,24,1449,539,574,12,336,875,368648,0.552,0,0,0,0.000074000
39,40,3,astar,fast,manhattan,gcompare,200,0,0,ok,18,18,388,143,153,3,92,235,368648,0.429,0,0,0,0.000017000
40,41,3,astar,fast,manhattan,gcompare,200,0,0,ok,22,22,1779,659,714,12,406,1065,368648,0.611,0,0,0,0.000081000
41,42,3,astar,fast,manhattan,gcompare,200,0,0,ok,24,24,4723,1766,1991,55,966,2732,368648,0.931,0,0,0,0.000242000
42,43,3,astar,fast,manhattan,gcompare,200,0,0,ok,22,22,1257,467,504,15,286,753,368648,0.530,0,0,0,0.000055000
43,44,3,astar,fast,manhattan,gcompare,200,0,0,ok,28,28,13770,5162,5972,232,2636,7798,425992,1.369,0,0,0,0.000836000
44,45,3,astar,fast,manhattan,gcompare,200,0,0,ok,20,20,147,55,54,0,38,93,368648,0.404,0,0,0,0.000007000
45,46,3,astar,fast,manhattan,gcompare,200,0,0,ok,22,22,1119,416,451,14,252,668,368648,0.516,0,0,0,0.000049000
46,47,3,astar,fast,manhattan,gcompare,200,0,0,ok,18,18,239,88,91,2,60,148,368648,0.420,0,0,0,0.000011000
47,48,3,astar,fast,manhattan,gcompare,200,0,0,ok,18,18,559,206,216,3,137,343,368648,0.453,0,0,0,0.000023000
48,49,3,astar,fast,manhattan,gcompare,200,0,0,ok,26,26,2250,846,919,26,485,1331,368648,0.660,0,0,0,0.000106000
49,50,3,astar,fast,manhattan,gcompare,200,0,0,ok,26,26,2904,1101,1208,40,595,1696,368648,0.713,0,0,0,0.000139000
50,51,3,astar,fast,manhattan,gcompare,200,0,0,ok,18,18,369,137,149,3,83,220,368648,0.440,0,0,0,0.000015000
51,52,3,astar,fast,manhattan,gcompare,200,0,0,ok,20,20,374,140,142,0,92,232,368648,0.418,0,0,0,0.000015000
52,53,3,astar,fast,manhattan,gcompare,200,0,0,ok,24,24,3236,1211,1331,29,694,1905,368648,0.755,0,0,0,0.000155000
53,54,3,astar,fast,manhattan,gcompare,200,0,0,ok,20,20,674,251,274,10,149,400,368648,0.468,0,0,0,0.000031000
54,55,3,astar,fast,manhattan,gcompare,200,0,0,ok,18,18,885,326,349,3,210,536,368648,0.541,0,0,0,0.000038000
55,56,3,astar,fast,manhattan,gcompare,200,0,0,ok,18,18,380,139,143,1,98,237,368648,0.409,0,0,0,0.000015000
56,57,3,astar,fast,manhattan,gcompare,200,0,0,ok,24,24,2553,956,1045,19,552,1508,368648,0.668,0,0,0,0.000114000
57,58,3,astar,fast,manhattan,gcompare,200,0,0,ok,26,26,5325,2001,2239,89,1085,3086,376840,0.948,0,0,0,0.000282000
58,59,3,astar,fast,manhattan,gcompare,200,0,0,ok,20,20,901,333,362,8,206,539,368648,0.521,0,0,0,0.000042000
59,60,3,astar,fast,manhattan,gcompare,200,0,0,ok,22,22,2417,898,980,15,539,1437,368648,0.712,0,0,0,0.000113000
60,61,3,astar,fast,manhattan,gcompare,200,0,0,ok,20,20,432,160,166,2,106,266,368648,0.427,0,0,0,0.000021000
61,62,3,astar,fast,manhattan,gcompare,200,0,0,ok,20,20,1070,399,431,10,240,639,368648,0.537,0,0,0,0.000047000
62,63,3,astar,fast,manhattan,gcompare,200,0,0,ok,26,26,2479,931,1008,34,540,1471,368648,0.693,0,0,0,0.000114000
63,64,3,astar,fast,manhattan,gcompare,200,0,0,ok,24,24,2606,974,1081,30,551,1525,368648,0.711,0,0,0,0.000122000
64,65,3,astar,fast,manhattan,gcompare,200,0,0,ok,20,20,582,217,223,2,142,359,368648,0.451,0,0,0,0.000027000
65,66,3,astar,fast,manhattan,gcompare,200,0,0,ok,20,20,1034,385,418,8,231,616,368648,0.516,0,0,0,0.000045000
66,67,3,astar,fast,manhattan,gcompare,200,0,0,ok,18,18,1096,407,451,6,238,645,368648,0.528,0,0,0,0.000045000
67,68,3,astar,fast,manhattan,gcompare,200,0,0,ok,26,26,3358,1261,1380,38,717,1978,368648,0.757,0,0,0,0.000162000
68,69,3,astar,fast,manhattan,gcompare,200,0,0,ok,22,22,842,316,337,8,189,505,368648,0.537,0,0,0,0.000039000
69,70,3,astar,fast,manhattan,gcompare,200,0,0,ok,26,26,3337,1255,1379,46,703,1958,368648,0.760,0,0,0,0.000188000
70,71,3,astar,fast,manhattan,gcompare,200,0,0,ok,22,22,2894,1082,1194,22,618,1700,368648,0.730,0,0,0,0.000138000
71,72,3,astar,fast,manhattan,gcompare,200,0,0,ok,20,20,825,305,330,6,190,495,368648,0.488,0,0,0,0.000035000
72,73,3,astar,fast,manhattan,gcompare,200,0,0,ok,12,12,38,13,12,0,13,26,368648,0.324,0,0,0,0.000002000
73,74,3,astar,fast,manhattan,gcompare,200,0,0,ok,20,20,982,366,401,15,215,581,368648,0.516,0,0,0,0.000042000
74,75,3,astar,fast,manhattan,gcompare,200,0,0,ok,16,16,236,86,87,1,63,149,368648,0.387,0,0,0,0.000011000
75,76,3,astar,fast,manhattan,gcompare,200,0,0,ok,26,26,2722,1035,1136,36,551,1586,368648,0.688,0,0,0,0.000130000
76,77,3,astar,fast,manhattan,gcompare,200,0,0,ok,14,14,201,72,73,0,56,128,368648,0.375,0,0,0,0.000009000
77,78,3,astar,fast,manhattan,gcompare,200,0,0,ok,24,24,1239,466,500,11,273,739,368648,0.525,0,0,0,0.000054000
78,79,3,astar,fast,manhattan,gcompare,200,0,0,ok,22,22,1413,531,569,13,313,844,368648,0.569,0,0,0,0.000065000
79,80,3,astar,fast,manhattan,gcompare,200,0,0,ok,26,26,4393,1649,1836,56,908,2557,368648,0.898,0,0,0,0.000224000
80,81,3,astar,fast,manhattan,gcompare,200,0,0,ok,24,24,4071,1521,1682,43,868,2389,368648,0.852,0,0,0,0.000208000
81,82,3,astar,fast,manhattan,gcompare,200,0,0,ok,16,16,118,42,43,1,33,75,368648,0.368,0,0,0,0.000006000
82,83,3,astar,fast,manhattan,gcompare,200,0,0,ok,24,24,2208,830,884,15,494,1324,368648,0.641,0,0,0,0.000103000
83,84,3,astar,fast,manhattan,gcompare,200,0,0,ok,20,20,2592,961,1047,14,584,1545,368648,0.681,0,0,0,0.000121000
84,85,3,astar,fast,manhattan,gcompare,200,0,0,ok,24,24,1794,671,718,16,405,1076,368648,0.589,0,0,0,0.000081000
85,86,3,astar,fast,manhattan,gcompare,200,0,0,ok,26,26,6397,2406,2680,85,1311,3717,376840,1.107,0,0,0,0.000347000
86,87,3,astar,fast,manhattan,gcompare,200,0,0,ok,24,24,5161,1935,2155,65,1071,3006,376840,0.953,0,0,0,0.000272000
87,88,3,astar,fast,manhattan,gcompare,200,0,0,ok,20,20,889,331,350,8,208,539,368648,0.528,0,0,0,0.000043000
88,89,3,astar,fast,manhattan,gcompare,200,0,0,ok,22,22,1918,709,771,20,438,1147,368648,0.596,0,0,0,0.000087000
89,90,3,astar,fast,manhattan,gcompare,200,0,0,ok,24,24,2633,983,1063,19,587,1570,368648,0.674,0,0,0,0.000122000
90,91,3,astar,fast,manhattan,gcompare,200,0,0,ok,18,18,398,146,155,1,97,243,368648,0.423,0,0,0,0.000017000
91,92,3,astar,fast,manhattan,gcompare,200,0,0,ok,24,24,1582,591,624,14,367,958,368648,0.557,0,0,0,0.000071000
92,93,3,astar,fast,manhattan,gcompare,200,0,0,ok,26,26,10216,3824,4408,166,1984,5808,409608,1.223,0,0,0,0.000598000
93,94,3,astar,fast,manhattan,gcompare,200,0,0,ok,22,22,1640,613,666,10,361,974,368648,0.606,0,0,0,0.000077000
94,95,3,astar,fast,manhattan,gcompare,200,0,0,ok,26,26,5174,1938,2158,62,1078,3016,376840,0.979,0,0,0,0.000269000
95,96,3,astar,fast,manhattan,gcompare,200,0,0,ok,24,24,1807,682,742,18,383,1065,368648,0.616,0,0,0,0.000086000
96,97,3,astar,fast,manhattan,gcompare,200,0,0,ok,26,26,4694,1766,1955,51,973,2739,368648,0.909,0,0,0,0.000234000
97,98,3,astar,fast,manhattan,gcompare,200,0,0,ok,20,20,860,320,346,6,194,514,368648,0.499,0,0,0,0.000037000
98,99,3,astar,fast,manhattan,gcompare,200,0,0,ok,20,20,424,156,159,2,109,265,368648,0.407,0,0,0,0.000018000
99,100,3,astar,fast,manhattan,gcompare,200,0,0,ok,24,24,1365,517,552,13,296,813,368648,0.534,0,0,0,0.000060000
100,101,3,astar,fast,manhattan,gcompare,200,0,0,ok,16,16,57,21,20,0,16,37,368648,0.357,0,0,0,0.000003000
101,102,3,astar,fast,manhattan,gcompare,200,0,0,ok,26,26,6791,2547,2914,108,1330,3877,376840,1.116,0,0,0,0.000365000
102,103,3,astar,fast,manhattan,gcompare,200,0,0,ok,20,20,688,259,272,2,157,416,368648,0.466,0,0,0,0.000032000
103,104,3,astar,fast,manhattan,gcompare,200,0,0,ok,20,20,941,350,391,16,200,550,368648,0.528,0,0,0,0.000041000
104,105,3,astar,fast,manhattan,gcompare,200,0,0,ok,24,24,3349,1244,1378,51,727,1971,368648,0.763,0,0,0,0.000161000
105,106,3,astar,fast,manhattan,gcompare,200,0,0,ok,22,22,1121,420,456,9,245,665,368648,0.544,0,0,0,0.000049000
106,107,3,astar,fast,manhattan,gcompare,200,0,0,ok,14,14,49,17,16,0,16,33,368648,0.333,0,0,0,0.000003000
107,108,3,astar,fast,manhattan,gcompare,200,0,0,ok,22,22,702,264,271,4,167,431,368648,0.451,0,0,0,0.000030000
108,109,3,astar,fast,manhattan,gcompare,200,0,0,ok,24,24,4223,1564,1728,40,931,2495,368648,0.876,0,0,0,0.000210000
109,110,3,astar,fast,manhattan,gcompare,200,0,0,ok,20,20,946,351,377,4,218,569,368648,0.514,0,0,0,0.000042000
110,111,3,astar,fast,manhattan,gcompare,200,0,0,ok,26,26,4777,1799,2004,65,974,2773,368648,0.924,0,0,0,0.000243000
111,112,3,astar,fast,manhattan,gcompare,200,0,0,ok,24,24,2835,1064,1181,34,590,1654,368648,0.713,0,0,0,0.000132000
112,113,3,astar,fast,manhattan,gcompare,200,0,0,ok,18,18,84,30,29,0,25,55,368648,0.373,0,0,0,0.000005000
113,114,3,astar,fast,manhattan,gcompare,200,0,0,ok,26,26,4537,1694,1879,60,964,2658,368648,0.872,0,0,0,0.000227000
114,115,3,astar,fast,manhattan,gcompare,200,0,0,ok,22,22,2262,846,947,28,469,1315,368648,0.643,0,0,0,0.000103000
115,116,3,astar,fast,manhattan,gcompare,200,0,0,ok,20,20,471,176,186,4,109,285,368648,0.445,0,0,0,0.000020000
116,117,3,astar,fast,manhattan,gcompare,200,0,0,ok,22,22,752,282,299,5,171,453,368648,0.486,0,0,0,0.000034000
117,118,3,astar,fast,manhattan,gcompare,200,0,0,ok,24,24,1604,604,641,13,359,963,368648,0.566,0,0,0,0.000071000
118,119,3,astar,fast,manhattan,gcompare,200,0,0,ok,24,24,2075,776,845,20,454,1230,368648,0.615,0,0,0,0.000093000
119,120,3,astar,fast,manhattan,gcompare,200,0,0,ok,22,22,2402,897,968,13,537,1434,368648,0.680,0,0,0,0.000110000
120,121,3,astar,fast,manhattan,gcompare,200,0,0,ok,18,18,565,210,214,2,141,351,368648,0.445,0,0,0,0.000023000
121,122,3,astar,fast,manhattan,gcompare,200,0,0,ok,16,16,174,63,64,1,47,110,368648,0.393,0,0,0,0.000008000
122,123,3,astar,fast,manhattan,gcompare,200,0,0,ok,24,24,4340,1619,1806,48,915,2534,368648,0.904,0,0,0,0.000215000
123,124,3,astar,fast,manhattan,gcompare,200,0,0,ok,22,22,2985,1120,1238,32,627,1747,368648,0.746,0,0,0,0.000143000
124,125,3,astar,fast,manhattan,gcompare,200,0,0,ok,24,24,1555,582,629,16,344,926,368648,0.564,0,0,0,0.000070000
125,126,3,astar,fast,manhattan,gcompare,200,0,0,ok,22,22,1888,701,756,17,431,1132,368648,0.600,0,0,0,0.000084000
126,127,3,astar,fast,manhattan,gcompare,200,0,0,ok,22,22,629,233,250,7,146,379,368648,0.460,0,0,0,0.000027000
127,128,3,astar,fast,manhattan,gcompare,200,0,0,ok,24,24,1864,695,755,21,414,1109,368648,0.612,0,0,0,0.000084000
128,129,3,astar,fast,manhattan,gcompare,200,0,0,ok,26,26,5494,2059,2281,74,1154,3213,376840,0.984,0,0,0,0.000286000
129,130,3,astar,fast,manhattan,gcompare,200,0,0,ok,20,20,247,93,100,4,54,147,368648,0.419,0,0,0,0.000012000
130,131,3,astar,fast,manhattan,gcompare,200,0,0,ok,20,20,995,372,396,6,227,599,368648,0.505,0,0,0,0.000043000
131,132,3,astar,fast,manhattan,gcompare,200,0,0,ok,26,26,4759,1781,1991,72,987,2768,368648,0.899,0,0,0,0.000244000
132,133,3,astar,fast,manhattan,gcompare,200,0,0,ok,20,20,1002,373,402,9,227,600,368648,0.514,0,0,0,0.000046000
133,134,3,astar,fast,manhattan,gcompare,200,0,0,ok,18,18,547,201,211,3,135,336,368648,0.443,0,0,0,0.000023000
134,135,3,astar,fast,manhattan,gcompare,200,0,0,ok,26,26,2833,1067,1155,30,611,1678,368648,0.686,0,0,0,0.000134000
135,136,3,astar,fast,manhattan,gcompare,200,0,0,ok,24,24,4294,1605,1804,50,885,2490,368648,0.859,0,0,0,0.000212000
136,137,3,astar,fast,manhattan,gcompare,200,0,0,ok,18,18,173,64,66,1,43,107,368648,0.395,0,0,0,0.000009000
137,138,3,astar,fast,manhattan,gcompare,200,0,0,ok,16,16,54,18,17,0,19,37,368648,0.321,0,0,0,0.000003000
138,139,3,astar,fast,manhattan,gcompare,200,0,0,ok,26,26,3313,1249,1372,46,692,1941,368648,0.751,0,0,0,0.000161000
139,140,3,astar,fast,manhattan,gcompare,200,0,0,ok,22,22,2574,960,1052,29,562,1522,368648,0.661,0,0,0,0.000117000
140,141,3,astar,fast,manhattan,gcompare,200,0,0,ok,24,24,3456,1290,1435,39,731,2021,368648,0.806,0,0,0,0.000169000
141,142,3,astar,fast,manhattan,gcompare,200,0,0,ok,22,22,935,351,386,10,198,549,368648,0.509,0,0,0,0.000041000
142,143,3,astar,fast,manhattan,gcompare,200,0,0,ok,24,24,4446,1658,1873,38,915,2573,368648,0.911,0,0,0,0.000219000
143,144,3,astar,fast,manhattan,gcompare,200,0,0,ok,22,22,1932,715,804,32,413,1128,368648,0.623,0,0,0,0.000090000
144,145,3,astar,fast,manhattan,gcompare,200,0,0,ok,20,20,240,90,91,0,59,149,368648,0.427,0,0,0,0.000011000
145,146,3,astar,fast,manhattan,gcompare,200,0,0,ok,20,20,469,172,181,4,116,288,368648,0.423,0,0,0,0.000019000
146,147,3,astar,fast,manhattan,gcompare,200,0,0,ok,24,24,2694,1005,1089,28,600,1605,368648,0.687,0,0,0,0.000124000
147,148,3,astar,fast,manhattan,gcompare,200,0,0,ok,26,26,3850,1445,1583,46,822,2267,368648,0.821,0,0,0,0.000195000
148,149,3,astar,fast,manhattan,gcompare,200,0,0,ok,26,26,2012,764,820,21,428,1192,368648,0.612,0,0,0,0.000090000
149,150,3,astar,fast,manhattan,gcompare,200,0,0,ok,24,24,7291,2728,3090,71,1473,4201,409608,1.200,0,0,0,0.000417000
150,151,3,astar,fast,manhattan,gcompare,200,0,0,ok,22,22,1570,584,629,14,357,941,368648,0.592,0,0,0,0.000073000
151,152,3,astar,fast,manhattan,gcompare,200,0,0,ok,24,24,3078,1157,1263,36,658,1815,368648,0.724,0,0,0,0.000147000
152,153,3,astar,fast,manhattan,gcompare,200,0,0,ok,24,24,3333,1242,1352,26,739,1981,368648,0.752,0,0,0,0.000161000
153,154,3,astar,fast,manhattan,gcompare,200,0,0,ok,22,22,714,269,281,4,164,433,368648,0.471,0,0,0,0.000032000
154,155,3,astar,fast,manhattan,gcompare,200,0,0,ok,26,26,4384,1650,1812,50,922,2572,368648,0.878,0,0,0,0.000252000
155,156,3,astar,fast,manhattan,gcompare,200,0,0,ok,20,20,1062,393,417,5,252,645,368648,0.498,0,0,0,0.000046000
156,157,3,astar,fast,manhattan,gcompare,200,0,0,ok,26,26,4346,1639,1794,46,913,2552,368648,0.882,0,0,0,0.000218000
157,158,3,astar,fast,manhattan,gcompare,200,0,0,ok,12,12,135,49,48,0,38,87,368648,0.396,0,0,0,0.000006000
158,159,3,astar,fast,manhattan,gcompare,200,0,0,ok,24,24,2171,812,870,18,489,1301,368648,0.635,0,0,0,0.000099000
159,160,3,astar,fast,manhattan,gcompare,200,0,0,ok,18,18,925,343,372,7,210,553,368648,0.481,0,0,0,0.000040000
160,161,3,astar,fast,manhattan,gcompare,200,0,0,ok,18,18,68,25,24,0,19,44,368648,0.358,0,0,0,0.000004000
161,162,3,astar,fast,manhattan,gcompare,200,0,0,ok,12,12,37,12,11,0,14,26,368648,0.306,0,0,0,0.000002000
162,163,3,astar,fast,manhattan,gcompare,200,0,0,ok,24,24,3680,1378,1558,73,744,2122,368648,0.783,0,0,0,0.000179000
163,164,3,astar,fast,manhattan,gcompare,200,0,0,ok,22,22,991,371,402,11,218,589,368648,0.517,0,0,0,0.000045000
164,165,3,astar,fast,manhattan,gcompare,200,0,0,ok,22,22,1895,703,755,7,437,1140,368648,0.615,0,0,0,0.000084000
165,166,3,astar,fast,manhattan,gcompare,200,0,0,ok,20,20,585,218,235,4,132,350,368648,0.454,0,0,0,0.000026000
166,167,3,astar,fast,manhattan,gcompare,200,0,0,ok,26,26,7855,2943,3365,116,1547,4490,409608,1.184,0,0,0,0.000464000
167,168,3,astar,fast,manhattan,gcompare,200,0,0,ok,24,24,871,328,351,10,192,520,368648,0.505,0,0,0,0.000041000
168,169,3,astar,fast,manhattan,gcompare,200,0,0,ok,24,24,2651,994,1082,24,575,1569,368648,0.703,0,0,0,0.000129000
169,170,3,astar,fast,manhattan,gcompare,200,0,0,ok,22,22,787,293,317,10,177,470,368648,0.495,0,0,0,0.000035000
170,171,3,astar,fast,manhattan,gcompare,200,0,0,ok,26,26,3910,1472,1607,44,831,2303,368648,0.808,0,0,0,0.000206000
171,172,3,astar,fast,manhattan,gcompare,200,0,0,ok,22,22,728,270,285,3,173,443,368648,0.469,0,0,0,0.000034000
172,173,3,astar,fast,manhattan,gcompare,200,0,0,ok,20,20,806,299,323,7,184,483,368648,0.492,0,0,0,0.000036000
173,174,3,astar,fast,manhattan,gcompare,200,0,0,ok,22,22,2551,954,1060,21,537,1491,368648,0.679,0,0,0,0.000118000
174,175,3,astar,fast,manhattan,gcompare,200,0,0,ok,24,24,3312,1236,1366,31,710,1946,368648,0.780,0,0,0,0.000161000
175,176,3,astar,fast,manhattan,gcompare,200,0,0,ok,26,26,2790,1047,1147,35,596,1643,368648,0.716,0,0,0,0.000134000
176,177,3,astar,fast,manhattan,gcompare,200,0,0,ok,22,22,806,304,326,12,176,480,368648,0.493,0,0,0,0.000037000
177,178,3,astar,fast,manhattan,gcompare,200,0,0,ok,26,26,6459,2411,2683,64,1365,3776,376840,1.093,0,0,0,0.000348000
178,179,3,astar,fast,manhattan,gcompare,200,0,0,ok,20,20,457,169,179,4,109,278,368648,0.454,0,0,0,0.000021000
179,180,3,astar,fast,manhattan,gcompare,200,0,0,ok,22,22,2018,752,820,17,446,1198,368648,0.614,0,0,0,0.000088000
180,181,3,astar,fast,manhattan,gcompare,200,0,0,ok,24,24,967,363,387,8,217,580,368648,0.514,0,0,0,0.000043000
181,182,3,astar,fast,manhattan,gcompare,200,0,0,ok,22,22,1919,719,782,19,418,1137,368648,0.628,0,0,0,0.000088000
182,183,3,astar,fast,manhattan,gcompare,200,0,0,ok,26,26,7730,2905,3246,79,1579,4484,409608,1.177,0,0,0,0.000450000
183,184,3,astar,fast,manhattan,gcompare,200,0,0,ok,22,22,872,322,347,11,203,525,368648,0.488,0,0,0,0.000041000
184,185,3,astar,fast,manhattan,gcompare,200,0,0,ok,14,14,164,61,60,0,43,104,368648,0.387,0,0,0,0.000008000
185,186,3,astar,fast,manhattan,gcompare,200,0,0,ok,22,22,786,292,313,7,181,473,368648,0.478,0,0,0,0.000034000
186,187,3,astar,fast,manhattan,gcompare,200,0,0,ok,22,22,1262,473,509,14,280,753,368648,0.534,0,0,0,0.000062000
187,188,3,astar,fast,manhattan,gcompare,200,0,0,ok,24,24,3643,1367,1490,30,786,2153,368648,0.813,0,0,0,0.000180000
188,189,3,astar,fast,manhattan,gcompare,200,0,0,ok,28,28,10810,4052,4630,207,2128,6180,425992,1.182,0,0,0,0.000635000
189,190,3,astar,fast,manhattan,gcompare,200,0,0,ok,26,26,5057,1899,2122,83,1036,2935,376840,0.941,0,0,0,0.000261000
190,191,3,astar,fast,manhattan,gcompare,200,0,0,ok,22,22,1301,487,543,22,271,758,368648,0.559,0,0,0,0.000057000
191,192,3,astar,fast,manhattan,gcompare,200,0,0,ok,24,24,2514,938,1039,34,537,1475,368648,0.676,0,0,0,0.000119000
192,193,3,astar,fast,manhattan,gcompare,200,0,0,ok,24,24,2615,974,1071,32,570,1544,368648,0.686,0,0,0,0.000123000
193,194,3,astar,fast,manhattan,gcompare,200,0,0,ok,20,20,1936,721,785,10,430,1151,368648,0.605,0,0,0,0.000088000
194,195,3,astar,fast,manhattan,gcompare,200,0,0,ok,26,26,4061,1533,1673,45,855,2388,368648,0.836,0,0,0,0.000205000
195,196,3,astar,fast,manhattan,gcompare,200,0,0,ok,18,18,115,43,42,0,30,73,368648,0.386,0,0,0,0.000005000
196,197,3,astar,fast,manhattan,gcompare,200,0,0,ok,22,22,2247,844,922,28,481,1325,368648,0.643,0,0,0,0.000103000
197,198,3,astar,fast,manhattan,gcompare,200,0,0,ok,16,16,165,61,61,0,43,104,368648,0.378,0,0,0,0.000007000
198,199,3,astar,fast,manhattan,gcompare,200,0,0,ok,20,20,665,247,273,13,145,392,368648,0.471,0,0,0,0.000029000
199,200,3,astar,fast,manhattan,gcompare,200,0,0,ok,16,16,266,97,101,2,68,165,368648,0.389,0,0,0,0.000011000
200,201,3,astar,fast,manhattan,gcompare,200,0,0,ok,28,28,13140,4959,5659,202,2522,7481,425992,1.302,0,0,0,0.000802000
201,202,3,astar,fast,manhattan,gcompare,200,0,0,ok,22,22,1195,443,490,14,262,705,368648,0.535,0,0,0,0.000057000
202,203,3,astar,fast,manhattan,gcompare,200,0,0,ok,18,18,701,260,278,4,163,423,368648,0.453,0,0,0,0.000030000
203,204,3,astar,fast,manhattan,gcompare,200,0,0,ok,24,24,2410,897,974,22,539,1436,368648,0.663,0,0,0,0.000114000
204,205,3,astar,fast,manhattan,gcompare,200,0,0,ok,28,28,7997,3008,3357,111,1632,4640,409608,1.132,0,0,0,0.000474000
205,206,3,astar,fast,manhattan,gcompare,200,0,0,ok,16,16,139,51,52,1,36,87,368648,0.384,0,0,0,0.000007000
206,207,3,astar,fast,manhattan,gcompare,200,0,0,ok,24,24,1232,466,515,23,251,717,368648,0.546,0,0,0,0.000055000
207,208,3,astar,fast,manhattan,gcompare,200,0,0,ok,24,24,1298,486,515,13,297,783,368648,0.527,0,0,0,0.000058000
208,209,3,astar,fast,manhattan,gcompare,200,0,0,ok,22,22,1175,440,478,13,257,697,368648,0.558,0,0,0,0.000053000
209,210,3,astar,fast,manhattan,gcompare,200,0,0,ok,24,24,2469,928,998,21,543,1471,368648,0.671,0,0,0,0.000115000
210,211,3,astar,fast,manhattan,gcompare,200,0,0,ok,20,20,1288,479,523,10,286,765,368648,0.523,0,0,0,0.000061000
211,212,3,astar,fast,manhattan,gcompare,200,0,0,ok,22,22,949,353,383,11,213,566,368648,0.508,0,0,0,0.000040000
212,213,3,astar,fast,manhattan,gcompare,200,0,0,ok,22,22,2159,807,886,25,466,1273,368648,0.651,0,0,0,0.000101000
213,214,3,astar,fast,manhattan,gcompare,200,0,0,ok,16,16,254,93,96,2,65,158,368648,0.415,0,0,0,0.000010000
214,215,3,astar,fast,manhattan,gcompare,200,0,0,ok,22,22,417,155,160,2,102,257,368648,0.430,0,0,0,0.000018000
215,216,3,astar,fast,manhattan,gcompare,200,0,0,ok,22,22,1551,580,632,16,339,919,368648,0.572,0,0,0,0.000069000
216,217,3,astar,fast,manhattan,gcompare,200,0,0,ok,22,22,809,301,320,6,188,489,368648,0.483,0,0,0,0.000035000
217,218,3,astar,fast,manhattan,gcompare,200,0,0,ok,28,28,7597,2869,3189,109,1539,4408,409608,1.149,0,0,0,0.000443000
218,219,3,astar,fast,manhattan,gcompare,200,0,0,ok,18,18,606,224,246,9,136,360,368648,0.484,0,0,0,0.000026000
219,220,3,astar,fast,manhattan,gcompare,200,0,0,ok,18,18,401,146,152,0,103,249,368648,0.420,0,0,0,0.000016000
220,221,3,astar,fast,manhattan,gcompare,200,0,0,ok,24,24,2129,801,873,21,455,1256,368648,0.653,0,0,0,0.000097000
221,222,3,astar,fast,manhattan,gcompare,200,0,0,ok,24,24,1852,693,762,20,397,1090,368648,0.625,0,0,0,0.000086000
222,223,3,astar,fast,manhattan,gcompare,200,0,0,ok,26,26,3654,1378,1526,51,750,2128,368648,0.770,0,0,0,0.000183000
223,224,3,astar,fast,manhattan,gcompare,200,0,0,ok,14,14,281,104,106,0,71,175,368648,0.429,0,0,0,0.000014000
224,225,3,astar,fast,manhattan,gcompare,200,0,0,ok,24,24,1842,688,738,21,416,1104,368648,0.605,0,0,0,0.000085000
225,226,3,astar,fast,manhattan,gcompare,200,0,0,ok,24,24,1295,491,529,17,275,766,368648,0.546,0,0,0,0.000058000
226,227,3,astar,fast,manhattan,gcompare,200,0,0,ok,24,24,3933,1470,1636,40,827,2297,368648,0.816,0,0,0,0.000192000
227,228,3,astar,fast,manhattan,gcompare,200,0,0,ok,26,26,1632,615,662,17,355,970,368648,0.570,0,0,0,0.000075000
228,229,3,astar,fast,manhattan,gcompare,200,0,0,ok,18,18,113,40,39,0,34,74,368648,0.357,0,0,0,0.000005000
229,230,3,astar,fast,manhattan,gcompare,200,0,0,ok,20,20,714,270,292,8,152,422,368648,0.508,0,0,0,0.000031000
230,231,3,astar,fast,manhattan,gcompare,200,0,0,ok,26,26,4459,1698,1845,53,916,2614,368648,0.876,0,0,0,0.000226000
231,232,3,astar,fast,manhattan,gcompare,200,0,0,ok,22,22,1572,588,637,15,347,935,368648,0.580,0,0,0,0.000071000
232,233,3,astar,fast,manhattan,gcompare,200,0,0,ok,26,26,3789,1427,1576,55,786,2213,368648,0.815,0,0,0,0.000189000
233,234,3,astar,fast,manhattan,gcompare,200,0,0,ok,20,20,1625,602,655,13,368,970,368648,0.599,0,0,0,0.000074000
234,235,3,astar,fast,manhattan,gcompare,200,0,0,ok,22,22,1043,391,417,9,235,626,368648,0.501,0,0,0,0.000044000
235,236,3,astar,fast,manhattan,gcompare,200,0,0,ok,20,20,620,233,246,5,141,374,368648,0.457,0,0,0,0.000026000
236,237,3,astar,fast,manhattan,gcompare,200,0,0,ok,28,28,9815,3691,4203,170,1921,5612,409608,1.196,0,0,0,0.000577000
237,238,3,astar,fast,manhattan,gcompare,200,0,0,ok,20,20,1090,407,437,9,246,653,368648,0.511,0,0,0,0.000048000
238,239,3,astar,fast,manhattan,gcompare,200,0,0,ok,20,20,657,242,252,3,163,405,368648,0.460,0,0,0,0.000028000
239,240,3,astar,fast,manhattan,gcompare,200,0,0,ok,24,24,2306,869,942,24,495,1364,368648,0.625,0,0,0,0.000103000
240,241,3,astar,fast,manhattan,gcompare,200,0,0,ok,20,20,765,284,300,3,181,465,368648,0.486,0,0,0,0.000035000
241,242,3,astar,fast,manhattan,gcompare,200,0,0,ok,16,16,49,16,15,0,18,34,368648,0.312,0,0,0,0.000004000
242,243,3,astar,fast,manhattan,gcompare,200,0,0,ok,22,22,1876,703,762,23,411,1114,368648,0.610,0,0,0,0.000086000
243,244,3,astar,fast,manhattan,gcompare,200,0,0,ok,24,24,5422,2028,2277,60,1117,3145,376840,0.987,0,0,0,0.000280000
244,245,3,astar,fast,manhattan,gcompare,200,0,0,ok,14,14,154,56,57,1,41,97,368648,0.399,0,0,0,0.000006000
245,246,3,astar,fast,manhattan,gcompare,200,0,0,ok,22,22,2082,781,862,23,439,1220,368648,0.647,0,0,0,0.000091000
246,247,3,astar,fast,manhattan,gcompare,200,0,0,ok,22,22,914,341,366,8,207,548,368648,0.495,0,0,0,0.000040000
247,248,3,astar,fast,manhattan,gcompare,200,0,0,ok,28,28,6891,2605,2925,104,1361,3966,376840,1.092,0,0,0,0.000375000
248,249,3,astar,fast,manhattan,gcompare,200,0,0,ok,28,28,5433,2046,2286,100,1101,3147,376840,0.946,0,0,0,0.000287000
249,250,3,astar,fast,manhattan,gcompare,200,0,0,ok,28,28,6641,2503,2826,88,1312,3815,376840,1.107,0,0,0,0.000356000
250,251,3,astar,fast,manhattan,gcompare,200,0,0,ok,26,26,2703,1021,1111,31,571,1592,368648,0.690,0,0,0,0.000128000
251,252,3,astar,fast,manhattan,gcompare,200,0,0,ok,24,24,1878,703,767,26,408,1111,368648,0.606,0,0,0,0.000086000
252,253,3,astar,fast,manhattan,gcompare,200,0,0,ok,24,24,4140,1546,1701,36,893,2439,368648,0.863,0,0,0,0.000208000
253,254,3,astar,fast,manhattan,gcompare,200,0,0,ok,22,22,1203,451,493,17,259,710,368648,0.532,0,0,0,0.000055000
254,255,3,astar,fast,manhattan,gcompare,200,0,0,ok,22,22,1890,705,761,14,424,1129,368648,0.602,0,0,0,0.000084000
255,256,3,astar,fast,manhattan,gcompare,200,0,0,ok,20,20,234,86,86,0,62,148,368648,0.391,0,0,0,0.000010000
256,257,3,astar,fast,manhattan,gcompare,200,0,0,ok,20,20,417,155,163,4,99,254,368648,0.421,0,0,0,0.000018000
257,258,3,astar,fast,manhattan,gcompare,200,0,0,ok,24,24,1914,714,768,19,432,1146,368648,0.591,0,0,0,0.000087000
258,259,3,astar,fast,manhattan,gcompare,200,0,0,ok,20,20,596,221,241,9,134,355,368648,0.452,0,0,0,0.000027000
259,260,3,astar,fast,manhattan,gcompare,200,0,0,ok,28,28,6855,2592,2864,102,1399,3991,376840,1.149,0,0,0,0.000387000
260,261,3,astar,fast,manhattan,gcompare,200,0,0,ok,26,26,2366,898,977,39,491,1389,368648,0.661,0,0,0,0.000117000
261,262,3,astar,fast,manhattan,gcompare,200,0,0,ok,24,24,2611,977,1071,27,563,1540,368648,0.684,0,0,0,0.000126000
262,263,3,astar,fast,manhattan,gcompare,200,0,0,ok,22,22,1639,608,671,11,360,968,368648,0.580,0,0,0,0.000075000
263,264,3,astar,fast,manhattan,gcompare,200,0,0,ok,22,22,984,371,399,14,214,585,368648,0.511,0,0,0,0.000044000
264,265,3,astar,fast,manhattan,gcompare,200,0,0,ok,22,22,991,371,408,14,212,583,368648,0.500,0,0,0,0.000045000
265,266,3,astar,fast,manhattan,gcompare,200,0,0,ok,26,26,3508,1319,1444,42,745,2064,368648,0.804,0,0,0,0.000180000
266,267,3,astar,fast,manhattan,gcompare,200,0,0,ok,26,26,2192,829,893,23,470,1299,368648,0.628,0,0,0,0.000106000
267,268,3,astar,fast,manhattan,gcompare,200,0,0,ok,20,20,184,69,70,1,45,114,368648,0.393,0,0,0,0.000011000
268,269,3,astar,fast,manhattan,gcompare,200,0,0,ok,24,24,2034,764,831,20,439,1203,368648,0.624,0,0,0,0.000095000
269,270,3,astar,fast,manhattan,gcompare,200,0,0,ok,26,26,3930,1483,1630,47,817,2300,368648,0.818,0,0,0,0.000199000
270,271,3,astar,fast,manhattan,gcompare,200,0,0,ok,24,24,1606,602,648,18,356,958,368648,0.593,0,0,0,0.000075000
271,272,3,astar,fast,manhattan,gcompare,200,0,0,ok,18,18,493,183,197,7,113,296,368648,0.453,0,0,0,0.000022000
272,273,3,astar,fast,manhattan,gcompare,200,0,0,ok,20,20,1303,482,521,8,300,782,368648,0.572,0,0,0,0.000056000
273,274,3,astar,fast,manhattan,gcompare,200,0,0,ok,28,28,6513,2456,2749,106,1308,3764,376840,1.102,0,0,0,0.000353000
274,275,3,astar,fast,manhattan,gcompare,200,0,0,ok,18,18,240,89,96,4,55,144,368648,0.414,0,0,0,0.000012000
275,276,3,astar,fast,manhattan,gcompare,200,0,0,ok,26,26,2590,974,1055,31,561,1535,368648,0.673,0,0,0,0.000123000
276,277,3,astar,fast,manhattan,gcompare,200,0,0,ok,22,22,1179,442,479,11,258,700,368648,0.525,0,0,0,0.000058000
277,278,3,astar,fast,manhattan,gcompare,200,0,0,ok,24,24,2337,872,956,31,509,1381,368648,0.652,0,0,0,0.000108000
278,279,3,astar,fast,manhattan,gcompare,200,0,0,ok,24,24,2613,977,1072,27,564,1541,368648,0.698,0,0,0,0.000120000
279,280,3,astar,fast,manhattan,gcompare,200,0,0,ok,22,22,1637,607,671,18,359,966,368648,0.587,0,0,0,0.000074000
280,281,3,astar,fast,manhattan,gcompare,200,0,0,ok,22,22,575,217,225,4,133,350,368648,0.477,0,0,0,0.000026000
281,282,3,astar,fast,manhattan,gcompare,200,0,0,ok,26,26,4178,1572,1720,60,886,2458,368648,0.848,0,0,0,0.000214000
282,283,3,astar,fast,manhattan,gcompare,200,0,0,ok,28,28,3673,1395,1525,49,753,2148,368648,0.767,0,0,0,0.000180000
283,284,3,astar,fast,manhattan,gcompare,200,0,0,ok,28,28,9050,3396,3850,145,1804,5200,409608,1.196,0,0,0,0.000542000
284,285,3,astar,fast,manhattan,gcompare,200,0,0,ok,24,24,1565,586,643,24,336,922,368648,0.561,0,0,0,0.000073000
285,286,3,astar,fast,manhattan,gcompare,200,0,0,ok,22,22,263,98,100,1,65,163,368648,0.405,0,0,0,0.000012000
286,287,3,astar,fast,manhattan,gcompare,200,0,0,ok,20,20,592,222,233,1,137,359,368648,0.494,0,0,0,0.000026000
287,288,3,astar,fast,manhattan,gcompare,200,0,0,ok,24,24,1975,739,809,19,427,1166,368648,0.616,0,0,0,0.000088000
288,289,3,astar,fast,manhattan,gcompare,200,0,0,ok,24,24,2803,1047,1136,26,620,1667,368648,0.733,0,0,0,0.000135000
289,290,3,astar,fast,manhattan,gcompare,200,0,0,ok,20,20,1126,418,457,14,251,669,368648,0.527,0,0,0,0.000049000
290,291,3,astar,fast,manhattan,gcompare,200,0,0,ok,20,20,817,304,340,17,173,477,368648,0.496,0,0,0,0.000034000
291,292,3,astar,fast,manhattan,gcompare,200,0,0,ok,24,24,2283,852,919,26,512,1364,368648,0.634,0,0,0,0.000108000
292,293,3,astar,fast,manhattan,gcompare,200,0,0,ok,24,24,1142,429,465,14,248,677,368648,0.524,0,0,0,0.000051000
293,294,3,astar,fast,manhattan,gcompare,200,0,0,ok,16,16,110,41,42,1,27,68,368648,0.394,0,0,0,0.000007000
294,295,3,astar,fast,manhattan,gcompare,200,0,0,ok,20,20,548,205,213,4,130,335,368648,0.466,0,0,0,0.000024000
295,296,3,astar,fast,manhattan,gcompare,200,0,0,ok,20,20,358,133,140,4,85,218,368648,0.431,0,0,0,0.000017000
296,297,3,astar,fast,manhattan,gcompare,200,0,0,ok,26,26,2004,759,812,21,433,1192,368648,0.620,0,0,0,0.000094000
297,298,3,astar,fast,manhattan,gcompare,200,0,0,ok,22,22,1011,377,396,9,238,615,368648,0.500,0,0,0,0.000044000
298,299,3,astar,fast,manhattan,gcompare,200,0,0,ok,18,18,899,333,361,7,205,538,368648,0.500,0,0,0,0.000039000
299,300,3,astar,fast,manhattan,gcompare,200,0,0,ok,26,26,3609,1359,1502,60,748,2107,368648,0.800,0,0,0,0.000181000
300,301,3,astar,fast,manhattan,gcompare,200,0,0,ok,18,18,273,101,108,4,64,165,368648,0.419,0,0,0,0.000013000
301,302,3,astar,fast,manhattan,gcompare,200,0,0,ok,18,18,357,132,147,4,78,210,368648,0.458,0,0,0,0.000014000
302,303,3,astar,fast,manhattan,gcompare,200,0,0,ok,22,22,1954,729,797,19,428,1157,368648,0.623,0,0,0,0.000086000
303,304,3,astar,fast,manhattan,gcompare,200,0,0,ok,26,26,3093,1171,1280,46,642,1813,368648,0.728,0,0,0,0.000148000
304,305,3,astar,fast,manhattan,gcompare,200,0,0,ok,22,22,1483,557,610,18,316,873,368648,0.569,0,0,0,0.000067000
305,306,3,astar,fast,manhattan,gcompare,200,0,0,ok,24,24,1498,562,613,23,323,885,368648,0.569,0,0,0,0.000067000
306,307,3,astar,fast,manhattan,gcompare,200,0,0,ok,20,20,307,115,117,0,75,190,368648,0.441,0,0,0,0.000013000
307,308,3,astar,fast,manhattan,gcompare,200,0,0,ok,24,24,2590,977,1082,33,531,1508,368648,0.693,0,0,0,0.000119000
308,309,3,astar,fast,manhattan,gcompare,200,0,0,ok,20,20,880,330,354,4,196,526,368648,0.510,0,0,0,0.000038000
309,310,3,astar,fast,manhattan,gcompare,200,0,0,ok,22,22,2318,864,947,14,507,1371,368648,0.648,0,0,0,0.000106000
310,311,3,astar,fast,manhattan,gcompare,200,0,0,ok,22,22,3988,1483,1667,32,838,2321,368648,0.852,0,0,0,0.000192000
311,312,3,astar,fast,manhattan,gcompare,200,0,0,ok,26,26,5046,1896,2104,69,1046,2942,376840,0.959,0,0,0,0.000264000
312,313,3,astar,fast,manhattan,gcompare,200,0,0,ok,18,18,240,89,90,1,61,150,368648,0.410,0,0,0,0.000011000
313,314,3,astar,fast,manhattan,gcompare,200,0,0,ok,16,16,145,53,54,1,38,91,368648,0.389,0,0,0,0.000007000
314,315,3,astar,fast,manhattan,gcompare,200,0,0,ok,22,22,4016,1498,1692,48,826,2324,368648,0.853,0,0,0,0.000195000
315,316,3,astar,fast,manhattan,gcompare,200,0,0,ok,28,28,7942,2996,3328,121,1618,4614,409608,1.158,0,0,0,0.000472000
316,317,3,astar,fast,manhattan,gcompare,200,0,0,ok,18,18,365,135,145,5,85,220,368648,0.451,0,0,0,0.000017000
317,318,3,astar,fast,manhattan,gcompare,200,0,0,ok,22,22,745,277,299,10,169,446,368648,0.470,0,0,0,0.000032000
318,319,3,astar,fast,manhattan,gcompare,200,0,0,ok,18,18,153,56,59,2,38,94,368648,0.388,0,0,0,0.000008000
319,320,3,astar,fast,manhattan,gcompare,200,0,0,ok,18,18,459,169,177,2,113,282,368648,0.443,0,0,0,0.000019000
320,321,3,astar,fast,manhattan,gcompare,200,0,0,ok,26,26,3970,1488,1644,54,838,2326,368648,0.827,0,0,0,0.000205000
321,322,3,astar,fast,manhattan,gcompare,200,0,0,ok,24,24,1836,688,737,17,411,1099,368648,0.602,0,0,0,0.000085000
322,323,3,astar,fast,manhattan,gcompare,200,0,0,ok,22,22,2066,769,845,28,452,1221,368648,0.648,0,0,0,0.000095000
323,324,3,astar,fast,manhattan,gcompare,200,0,0,ok,22,22,774,289,299,3,186,475,368648,0.454,0,0,0,0.000033000
324,325,3,astar,fast,manhattan,gcompare,200,0,0,ok,18,18,307,113,120,3,74,187,368648,0.428,0,0,0,0.000013000
325,326,3,astar,fast,manhattan,gcompare,200,0,0,ok,24,24,929,349,379,11,201,550,368648,0.536,0,0,0,0.000040000
326,327,3,astar,fast,manhattan,gcompare,200,0,0,ok,22,22,1145,428,461,9,256,684,368648,0.507,0,0,0,0.000049000
327,328,3,astar,fast,manhattan,gcompare,200,0,0,ok,20,20,1745,654,707,6,384,1038,368648,0.596,0,0,0,0.000075000
328,329,3,astar,fast,manhattan,gcompare,200,0,0,ok,22,22,2017,755,814,9,448,1203,368648,0.638,0,0,0,0.000090000
329,330,3,astar,fast,manhattan,gcompare,200,0,0,ok,22,22,633,238,251,7,144,382,368648,0.441,0,0,0,0.000029000
330,331,3,astar,fast,manhattan,gcompare,200,0,0,ok,18,18,307,113,120,3,74,187,368648,0.428,0,0,0,0.000013000
331,332,3,astar,fast,manhattan,gcompare,200,0,0,ok,24,24,2702,1012,1090,30,600,1612,368648,0.670,0,0,0,0.000125000
332,333,3,astar,fast,manhattan,gcompare,200,0,0,ok,14,14,191,69,69,0,53,122,368648,0.379,0,0,0,0.000009000
333,334,3,astar,fast,manhattan,gcompare,200,0,0,ok,24,24,3661,1367,1531,51,763,2130,368648,0.811,0,0,0,0.000184000
334,335,3,astar,fast,manhattan,gcompare,200,0,0,ok,26,26,4188,1573,1742,62,873,2446,368648,0.846,0,0,0,0.000204000
335,336,3,astar,fast,manhattan,gcompare,200,0,0,ok,20,20,1075,401,423,4,251,652,368648,0.508,0,0,0,0.000048000
336,337,3,astar,fast,manhattan,gcompare,200,0,0,ok,18,18,1142,422,461,5,259,681,368648,0.541,0,0,0,0.000049000
337,338,3,astar,fast,manhattan,gcompare,200,0,0,ok,22,22,196,73,73,0,50,123,368648,0.400,0,0,0,0.000009000
338,339,3,astar,fast,manhattan,gcompare,200,0,0,ok,22,22,1214,451,486,13,277,728,368648,0.525,0,0,0,0.000052000
339,340,3,astar,fast,manhattan,gcompare,200,0,0,ok,26,26,3030,1147,1259,42,624,1771,368648,0.742,0,0,0,0.000148000
340,341,3,astar,fast,manhattan,gcompare,200,0,0,ok,24,24,2299,864,942,28,493,1357,368648,0.640,0,0,0,0.000105000
341,342,3,astar,fast,manhattan,gcompare,200,0,0,ok,22,22,1530,570,614,11,346,916,368648,0.553,0,0,0,0.000068000
342,343,3,astar,fast,manhattan,gcompare,200,0,0,ok,26,26,4070,1529,1719,53,822,2351,368648,0.822,0,0,0,0.000200000
343,344,3,astar,fast,manhattan,gcompare,200,0,0,ok,22,22,1607,603,653,22,351,954,368648,0.565,0,0,0,0.000074000
344,345,3,astar,fast,manhattan,gcompare,200,0,0,ok,26,26,8596,3227,3636,95,1733,4960,409608,1.188,0,0,0,0.000509000
345,346,3,astar,fast,manhattan,gcompare,200,0,0,ok,26,26,2167,818,890,32,459,1277,368648,0.601,0,0,0,0.000105000
346,347,3,astar,fast,manhattan,gcompare,200,0,0,ok,18,18,447,165,175,5,107,272,368648,0.435,0,0,0,0.000020000
347,348,3,astar,fast,manhattan,gcompare,200,0,0,ok,22,22,1719,636,688,11,395,1031,368648,0.578,0,0,0,0.000075000
348,349,3,astar,fast,manhattan,gcompare,200,0,0,ok,24,24,2827,1056,1177,43,594,1650,368648,0.707,0,0,0,0.000135000
349,350,3,astar,fast,manhattan,gcompare,200,0,0,ok,20,20,1110,413,446,10,251,664,368648,0.521,0,0,0,0.000048000
350,351,3,astar,fast,manhattan,gcompare,200,0,0,ok,26,26,4016,1509,1673,52,834,2343,368648,0.824,0,0,0,0.000198000
351,352,3,astar,fast,manhattan,gcompare,200,0,0,ok,20,20,803,300,318,3,185,485,368648,0.460,0,0,0,0.000035000
352,353,3,astar,fast,manhattan,gcompare,200,0,0,ok,22,22,1000,372,402,7,226,598,368648,0.506,0,0,0,0.000043000
353,354,3,astar,fast,manhattan,gcompare,200,0,0,ok,24,24,2049,770,828,16,451,1221,368648,0.622,0,0,0,0.000094000
354,355,3,astar,fast,manhattan,gcompare,200,0,0,ok,24,24,4250,1592,1779,52,879,2471,368648,0.895,0,0,0,0.000212000
355,356,3,astar,fast,manhattan,gcompare,200,0,0,ok,24,24,2605,975,1055,27,575,1550,368648,0.712,0,0,0,0.000123000
356,357,3,astar,fast,manhattan,gcompare,200,0,0,ok,22,22,628,237,240,0,151,388,368648,0.450,0,0,0,0.000028000
357,358,3,astar,fast,manhattan,gcompare,200,0,0,ok,22,22,1774,669,733,23,372,1041,368648,0.635,0,0,0,0.000083000
358,359,3,astar,fast,manhattan,gcompare,200,0,0,ok,20,20,847,319,343,5,185,504,368648,0.508,0,0,0,0.000035000
359,360,3,astar,fast,manhattan,gcompare,200,0,0,ok,22,22,1296,483,520,11,293,776,368648,0.558,0,0,0,0.000056000
360,361,3,astar,fast,manhattan,gcompare,200,0,0,ok,16,16,300,110,115,2,75,185,368648,0.425,0,0,0,0.000013000
361,362,3,astar,fast,manhattan,gcompare,200,0,0,ok,24,24,969,365,386,8,218,583,368648,0.488,0,0,0,0.000041000
362,363,3,astar,fast,manhattan,gcompare,200,0,0,ok,22,22,1982,734,799,8,449,1183,368648,0.645,0,0,0,0.000086000
363,364,3,astar,fast,manhattan,gcompare,200,0,0,ok,22,22,1489,555,595,15,339,894,368648,0.550,0,0,0,0.000073000
364,365,3,astar,fast,manhattan,gcompare,200,0,0,ok,26,26,4914,1836,2039,65,1039,2875,376840,0.947,0,0,0,0.000258000
365,366,3,astar,fast,manhattan,gcompare,200,0,0,ok,20,20,364,133,142,5,89,222,368648,0.433,0,0,0,0.000016000
366,367,3,astar,fast,manhattan,gcompare,200,0,0,ok,22,22,591,222,238,3,131,353,368648,0.476,0,0,0,0.000028000
367,368,3,astar,fast,manhattan,gcompare,200,0,0,ok,20,20,162,60,59,0,43,103,368648,0.379,0,0,0,0.000008000
368,369,3,astar,fast,manhattan,gcompare,200,0,0,ok,18,18,677,252,266,5,159,411,368648,0.448,0,0,0,0.000028000
369,370,3,astar,fast,manhattan,gcompare,200,0,0,ok,28,28,6826,2583,2890,100,1353,3936,376840,1.111,0,0,0,0.000377000
370,371,3,astar,fast,manhattan,gcompare,200,0,0,ok,18,18,754,280,300,4,174,454,368648,0.487,0,0,0,0.000034000
371,372,3,astar,fast,manhattan,gcompare,200,0,0,ok,20,20,544,198,208,5,138,336,368648,0.435,0,0,0,0.000024000
372,373,3,astar,fast,manhattan,gcompare,200,0,0,ok,26,26,1868,709,789,32,370,1079,368648,0.601,0,0,0,0.000084000
373,374,3,astar,fast,manhattan,gcompare,200,0,0,ok,22,22,1115,416,444,9,255,671,368648,0.514,0,0,0,0.000050000
374,375,3,astar,fast,manhattan,gcompare,200,0,0,ok,20,20,666,247,264,7,155,402,368648,0.474,0,0,0,0.000032000
375,376,3,astar,fast,manhattan,gcompare,200,0,0,ok,20,20,616,229,243,6,144,373,368648,0.480,0,0,0,0.000026000
376,377,3,astar,fast,manhattan,gcompare,200,0,0,ok,28,28,15666,5892,6764,255,3010,8902,819216,1.352,0,0,0,0.001090000
377,378,3,astar,fast,manhattan,gcompare,200,0,0,ok,22,22,996,370,400,14,226,596,368648,0.517,0,0,0,0.000045000
378,379,3,astar,fast,manhattan,gcompare,200,0,0,ok,26,26,4231,1599,1757,68,875,2474,368648,0.842,0,0,0,0.000215000
379,380,3,astar,fast,manhattan,gcompare,200,0,0,ok,22,22,553,209,225,7,119,328,368648,0.447,0,0,0,0.000025000
380,381,3,astar,fast,manhattan,gcompare,200,0,0,ok,24,24,2360,886,969,23,505,1391,368648,0.656,0,0,0,0.000146000
381,382,3,astar,fast,manhattan,gcompare,200,0,0,ok,20,20,480,177,184,3,119,296,368648,0.438,0,0,0,0.000021000
382,383,3,astar,fast,manhattan,gcompare,200,0,0,ok,28,28,6563,2495,2781,120,1287,3782,376840,1.072,0,0,0,0.000356000
383,384,3,astar,fast,manhattan,gcompare,200,0,0,ok,22,22,1697,630,680,17,387,1017,368648,0.581,0,0,0,0.000078000
384,385,3,astar,fast,manhattan,gcompare,200,0,0,ok,22,22,479,180,189,5,110,290,368648,0.458,0,0,0,0.000020000
385,386,3,astar,fast,manhattan,gcompare,200,0,0,ok,22,22,1134,423,452,9,259,682,368648,0.541,0,0,0,0.000048000
386,387,3,astar,fast,manhattan,gcompare,200,0,0,ok,22,22,1719,636,688,11,395,1031,368648,0.578,0,0,0,0.000076000
387,388,3,astar,fast,manhattan,gcompare,200,0,0,ok,18,18,357,133,141,2,83,216,368648,0.421,0,0,0,0.000016000
388,389,3,astar,fast,manhattan,gcompare,200,0,0,ok,26,26,2065,780,854,34,431,1211,368648,0.611,0,0,0,0.000098000
389,390,3,astar,fast,manhattan,gcompare,200,0,0,ok,24,24,955,360,386,10,209,569,368648,0.495,0,0,0,0.000041000
390,391,3,astar,fast,manhattan,gcompare,200,0,0,ok,24,24,6085,2273,2577,54,1235,3508,376840,1.069,0,0,0,0.000320000
391,392,3,astar,fast,manhattan,gcompare,200,0,0,ok,20,20,870,323,346,7,201,524,368648,0.493,0,0,0,0.000041000
392,393,3,astar,fast,manhattan,gcompare,200,0,0,ok,26,26,2854,1074,1170,31,610,1684,368648,0.710,0,0,0,0.000137000
393,394,3,astar,fast,manhattan,gcompare,200,0,0,ok,20,20,784,292,312,7,180,472,368648,0.475,0,0,0,0.000033000
394,395,3,astar,fast,manhattan,gcompare,200,0,0,ok,22,22,2425,904,982,13,539,1443,368648,0.708,0,0,0,0.000111000
395,396,3,astar,fast,manhattan,gcompare,200,0,0,ok,22,22,1371,515,569,23,287,802,368648,0.556,0,0,0,0.000062000
396,397,3,astar,fast,manhattan,gcompare,200,0,0,ok,22,22,1285,481,517,11,287,768,368648,0.558,0,0,0,0.000058000
397,398,3,astar,fast,manhattan,gcompare,200,0,0,ok,24,24,2265,848,925,19,492,1340,368648,0.662,0,0,0,0.000105000
398,399,3,astar,fast,manhattan,gcompare,200,0,0,ok,20,20,356,133,143,5,80,213,368648,0.423,0,0,0,0.000017000
399,400,3,astar,fast,manhattan,gcompare,200,0,0,ok,24,24,1853,699,765,22,389,1088,368648,0.596,0,0,0,0.000085000
400,401,3,astar,fast,manhattan,gcompare,200,0,0,ok,18,18,544,199,216,7,129,328,368648,0.470,0,0,0,0.000024000
401,402,3,astar,fast,manhattan,gcompare,200,0,0,ok,20,20,378,141,145,2,92,233,368648,0.430,0,0,0,0.000016000
402,403,3,astar,fast,manhattan,gcompare,200,0,0,ok,24,24,3706,1384,1541,42,781,2165,368648,0.806,0,0,0,0.000180000
403,404,3,astar,fast,manhattan,gcompare,200,0,0,ok,20,20,760,282,298,3,180,462,368648,0.470,0,0,0,0.000033000
404,405,3,astar,fast,manhattan,gcompare,200,0,0,ok,18,18,598,222,236,4,140,362,368648,0.471,0,0,0,0.000025000
405,406,3,astar,fast,manhattan,gcompare,200,0,0,ok,18,18,539,202,217,8,120,322,368648,0.441,0,0,0,0.000021000
406,407,3,astar,fast,manhattan,gcompare,200,0,0,ok,22,22,720,266,280,6,174,440,368648,0.467,0,0,0,0.000031000
407,408,3,astar,fast,manhattan,gcompare,200,0,0,ok,20,20,749,278,301,7,170,448,368648,0.484,0,0,0,0.000032000
408,409,3,astar,fast,manhattan,gcompare,200,0,0,ok,22,22,1472,548,599,19,325,873,368648,0.553,0,0,0,0.000065000
409,410,3,astar,fast,manhattan,gcompare,200,0,0,ok,24,24,1991,744,826,35,421,1165,368648,0.603,0,0,0,0.000091000
410,411,3,astar,fast,manhattan,gcompare,200,0,0,ok,16,16,424,157,164,3,103,260,368648,0.433,0,0,0,0.000018000
411,412,3,astar,fast,manhattan,gcompare,200,0,0,ok,12,12,50,18,17,0,15,33,368648,0.347,0,0,0,0.000002000
412,413,3,astar,fast,manhattan,gcompare,200,0,0,ok,22,22,808,301,315,7,192,493,368648,0.499,0,0,0,0.000036000
413,414,3,astar,fast,manhattan,gcompare,200,0,0,ok,24,24,1590,599,644,17,347,946,368648,0.570,0,0,0,0.000072000
414,415,3,astar,fast,manhattan,gcompare,200,0,0,ok,24,24,3071,1146,1258,37,667,1813,368648,0.750,0,0,0,0.000148000
415,416,3,astar,fast,manhattan,gcompare,200,0,0,ok,24,24,2077,773,821,11,483,1256,368648,0.627,0,0,0,0.000094000
416,417,3,astar,fast,manhattan,gcompare,200,0,0,ok,22,22,548,208,214,3,126,334,368648,0.457,0,0,0,0.000026000
417,418,3,astar,fast,manhattan,gcompare,200,0,0,ok,20,20,788,294,310,4,184,478,368648,0.497,0,0,0,0.000034000
418,419,3,astar,fast,manhattan,gcompare,200,0,0,ok,20,20,601,222,230,3,149,371,368648,0.432,0,0,0,0.000024000
419,420,3,astar,fast,manhattan,gcompare,200,0,0,ok,20,20,861,322,339,1,200,522,368648,0.490,0,0,0,0.000037000
420,421,3,astar,fast,manhattan,gcompare,200,0,0,ok,20,20,595,221,237,4,137,358,368648,0.476,0,0,0,0.000024000
421,422,3,astar,fast,manhattan,gcompare,200,0,0,ok,22,22,2587,965,1053,15,569,1534,368648,0.701,0,0,0,0.000120000
422,423,3,astar,fast,manhattan,gcompare,200,0,0,ok,20,20,392,147,158,5,87,234,368648,0.450,0,0,0,0.000017000
423,424,3,astar,fast,manhattan,gcompare,200,0,0,ok,20,20,794,291,310,9,193,484,368648,0.465,0,0,0,0.000033000
424,425,3,astar,fast,manhattan,gcompare,200,0,0,ok,20,20,869,326,348,8,195,521,368648,0.488,0,0,0,0.000038000
425,426,3,astar,fast,manhattan,gcompare,200,0,0,ok,24,24,3227,1207,1344,40,676,1883,368648,0.780,0,0,0,0.000155000
426,427,3,astar,fast,manhattan,gcompare,200,0,0,ok,24,24,3959,1485,1614,40,860,2345,368648,0.846,0,0,0,0.000200000
427,428,3,astar,fast,manhattan,gcompare,200,0,0,ok,18,18,597,221,231,3,145,366,368648,0.468,0,0,0,0.000026000
428,429,3,astar,fast,manhattan,gcompare,200,0,0,ok,22,22,1231,461,493,11,277,738,368648,0.528,0,0,0,0.000052000
429,430,3,astar,fast,manhattan,gcompare,200,0,0,ok,24,24,2896,1078,1191,32,627,1705,368648,0.701,0,0,0,0.000135000
430,431,3,astar,fast,manhattan,gcompare,200,0,0,ok,24,24,3937,1473,1605,39,859,2332,368648,0.815,0,0,0,0.000192000
431,432,3,astar,fast,manhattan,gcompare,200,0,0,ok,22,22,712,264,276,5,172,436,368648,0.473,0,0,0,0.000032000
432,433,3,astar,fast,manhattan,gcompare,200,0,0,ok,28,28,4581,1737,1917,71,927,2664,368648,0.876,0,0,0,0.000234000
433,434,3,astar,fast,manhattan,gcompare,200,0,0,ok,24,24,825,313,330,8,182,495,368648,0.494,0,0,0,0.000038000
434,435,3,astar,fast,manhattan,gcompare,200,0,0,ok,20,20,1987,741,813,16,433,1174,368648,0.609,0,0,0,0.000090000
435,436,3,astar,fast,manhattan,gcompare,200,0,0,ok,20,20,768,285,304,5,179,464,368648,0.502,0,0,0,0.000033000
436,437,3,astar,fast,manhattan,gcompare,200,0,0,ok,22,22,1020,382,404,7,234,616,368648,0.523,0,0,0,0.000044000
437,438,3,astar,fast,manhattan,gcompare,200,0,0,ok,20,20,1090,409,440,10,241,650,368648,0.534,0,0,0,0.000047000
438,439,3,astar,fast,manhattan,gcompare,200,0,0,ok,22,22,1490,558,606,18,326,884,368648,0.576,0,0,0,0.000067000
439,440,3,astar,fast,manhattan,gcompare,200,0,0,ok,24,24,2950,1101,1228,35,621,1722,368648,0.730,0,0,0,0.000138000
440,441,3,astar,fast,manhattan,gcompare,200,0,0,ok,26,26,4604,1734,1908,55,962,2696,368648,0.886,0,0,0,0.000234000
441,442,3,astar,fast,manhattan,gcompare,200,0,0,ok,22,22,2615,976,1060,20,579,1555,368648,0.718,0,0,0,0.000124000
442,443,3,astar,fast,manhattan,gcompare,200,0,0,ok,24,24,2166,812,875,18,479,1291,368648,0.632,0,0,0,0.000100000
443,444,3,astar,fast,manhattan,gcompare,200,0,0,ok,22,22,955,358,380,6,217,575,368648,0.503,0,0,0,0.000041000
444,445,3,astar,fast,manhattan,gcompare,200,0,0,ok,26,26,2696,1014,1118,37,564,1578,368648,0.678,0,0,0,0.000128000
445,446,3,astar,fast,manhattan,gcompare,200,0,0,ok,20,20,227,83,85,1,59,142,368648,0.407,0,0,0,0.000012000
446,447,3,astar,fast,manhattan,gcompare,200,0,0,ok,28,28,13257,4979,5694,206,2584,7563,425992,1.310,0,0,0,0.000791000
447,448,3,astar,fast,manhattan,gcompare,200,0,0,ok,22,22,1744,648,693,13,403,1051,368648,0.587,0,0,0,0.000081000
448,449,3,astar,fast,manhattan,gcompare,200,0,0,ok,20,20,1081,402,433,8,246,648,368648,0.528,0,0,0,0.000045000
449,450,3,astar,fast,manhattan,gcompare,200,0,0,ok,24,24,2436,910,998,28,528,1438,368648,0.662,0,0,0,0.000114000
450,451,3,astar,fast,manhattan,gcompare,200,0,0,ok,22,22,1680,624,665,11,391,1015,368648,0.581,0,0,0,0.000075000
451,452,3,astar,fast,manhattan,gcompare,200,0,0,ok,18,18,182,67,66,0,49,116,368648,0.392,0,0,0,0.000009000
452,453,3,astar,fast,manhattan,gcompare,200,0,0,ok,26,26,5904,2211,2493,77,1200,3411,376840,1.055,0,0,0,0.000314000
453,454,3,astar,fast,manhattan,gcompare,200,0,0,ok,26,26,9362,3501,3956,133,1905,5406,409608,1.179,0,0,0,0.000547000
454,455,3,astar,fast,manhattan,gcompare,200,0,0,ok,24,24,3452,1290,1419,37,743,2033,368648,0.797,0,0,0,0.000178000
455,456,3,astar,fast,manhattan,gcompare,200,0,0,ok,26,26,4286,1618,1782,55,886,2504,368648,0.875,0,0,0,0.000219000
456,457,3,astar,fast,manhattan,gcompare,200,0,0,ok,26,26,3350,1258,1378,46,714,1972,368648,0.761,0,0,0,0.000179000
457,458,3,astar,fast,manhattan,gcompare,200,0,0,ok,22,22,1044,393,419,7,232,625,368648,0.515,0,0,0,0.000046000
458,459,3,astar,fast,manhattan,gcompare,200,0,0,ok,22,22,1321,495,527,6,299,794,368648,0.566,0,0,0,0.000058000
459,460,3,astar,fast,manhattan,gcompare,200,0,0,ok,22,22,1386,514,556,11,316,830,368648,0.541,0,0,0,0.000061000
460,461,3,astar,fast,manhattan,gcompare,200,0,0,ok,22,22,1087,409,443,16,235,644,368648,0.516,0,0,0,0.000052000
461,462,3,astar,fast,manhattan,gcompare,200,0,0,ok,20,20,513,190,200,4,123,313,368648,0.471,0,0,0,0.000022000
462,463,3,astar,fast,manhattan,gcompare,200,0,0,ok,24,24,2100,787,841,19,472,1259,368648,0.621,0,0,0,0.000096000
463,464,3,astar,fast,manhattan,gcompare,200,0,0,ok,20,20,751,278,299,6,174,452,368648,0.515,0,0,0,0.000032000
464,465,3,astar,fast,manhattan,gcompare,200,0,0,ok,18,18,283,103,108,2,72,175,368648,0.418,0,0,0,0.000012000
465,466,3,astar,fast,manhattan,gcompare,200,0,0,ok,22,22,758,283,300,5,175,458,368648,0.478,0,0,0,0.000030000
466,467,3,astar,fast,manhattan,gcompare,200,0,0,ok,20,20,1330,493,537,14,300,793,368648,0.554,0,0,0,0.000057000
467,468,3,astar,fast,manhattan,gcompare,200,0,0,ok,24,24,4341,1618,1803,48,920,2538,368648,0.881,0,0,0,0.000214000
468,469,3,astar,fast,manhattan,gcompare,200,0,0,ok,22,22,2087,774,852,20,461,1235,368648,0.641,0,0,0,0.000097000
469,470,3,astar,fast,manhattan,gcompare,200,0,0,ok,22,22,1197,449,480,12,268,717,368648,0.513,0,0,0,0.000052000
470,471,3,astar,fast,manhattan,gcompare,200,0,0,ok,22,22,270,103,104,0,63,166,368648,0.405,0,0,0,0.000011000
471,472,3,astar,fast,manhattan,gcompare,200,0,0,ok,24,24,3842,1437,1590,58,815,2252,368648,0.823,0,0,0,0.000191000
472,473,3,astar,fast,manhattan,gcompare,200,0,0,ok,24,24,1240,465,496,4,279,744,368648,0.552,0,0,0,0.000056000
473,474,3,astar,fast,manhattan,gcompare,200,0,0,ok,24,24,1048,398,429,13,221,619,368648,0.517,0,0,0,0.000047000
474,475,3,astar,fast,manhattan,gcompare,200,0,0,ok,24,24,2644,985,1065,25,594,1579,368648,0.700,0,0,0,0.000134000
475,476,3,astar,fast,manhattan,gcompare,200,0,0,ok,26,26,3649,1374,1533,67,742,2116,368648,0.775,0,0,0,0.000190000
476,477,3,astar,fast,manhattan,gcompare,200,0,0,ok,24,24,4070,1524,1711,42,835,2359,368648,0.852,0,0,0,0.000205000
477,478,3,astar,fast,manhattan,gcompare,200,0,0,ok,22,22,1057,392,421,12,244,636,368648,0.543,0,0,0,0.000051000
478,479,3,astar,fast,manhattan,gcompare,200,0,0,ok,18,18,811,300,327,3,184,484,368648,0.511,0,0,0,0.000036000
479,480,3,astar,fast,manhattan,gcompare,200,0,0,ok,22,22,890,333,355,8,202,535,368648,0.496,0,0,0,0.000038000
480,481,3,astar,fast,manhattan,gcompare,200,0,0,ok,18,18,429,157,165,3,107,264,368648,0.444,0,0,0,0.000017000
481,482,3,astar,fast,manhattan,gcompare,200,0,0,ok,20,20,1188,445,471,3,272,717,368648,0.550,0,0,0,0.000051000
482,483,3,astar,fast,manhattan,gcompare,200,0,0,ok,26,26,7957,2973,3406,103,1578,4551,409608,1.177,0,0,0,0.000460000
483,484,3,astar,fast,manhattan,gcompare,200,0,0,ok,26,26,6829,2556,2885,94,1388,3944,376840,1.153,0,0,0,0.000377000
484,485,3,astar,fast,manhattan,gcompare,200,0,0,ok,24,24,2318,867,943,19,508,1375,368648,0.650,0,0,0,0.000107000
485,486,3,astar,fast,manhattan,gcompare,200,0,0,ok,20,20,308,113,118,3,77,190,368648,0.420,0,0,0,0.000016000
486,487,3,astar,fast,manhattan,gcompare,200,0,0,ok,20,20,376,141,152,6,83,224,368648,0.448,0,0,0,0.000016000
487,488,3,astar,fast,manhattan,gcompare,200,0,0,ok,18,18,978,361,388,6,229,590,368648,0.498,0,0,0,0.000044000
488,489,3,astar,fast,manhattan,gcompare,200,0,0,ok,22,22,707,267,276,0,164,431,368648,0.452,0,0,0,0.000030000
489,490,3,astar,fast,manhattan,gcompare,200,0,0,ok,20,20,738,274,291,5,173,447,368648,0.493,0,0,0,0.000036000
490,491,3,astar,fast,manhattan,gcompare,200,0,0,ok,18,18,496,183,191,1,122,305,368648,0.436,0,0,0,0.000020000
491,492,3,astar,fast,manhattan,gcompare,200,0,0,ok,24,24,1339,503,539,14,297,800,368648,0.586,0,0,0,0.000059000
492,493,3,astar,fast,manhattan,gcompare,200,0,0,ok,22,22,907,343,372,10,192,535,368648,0.494,0,0,0,0.000048000
493,494,3,astar,fast,manhattan,gcompare,200,0,0,ok,24,24,3183,1188,1299,38,696,1884,368648,0.758,0,0,0,0.000150000
494,495,3,astar,fast,manhattan,gcompare,200,0,0,ok,18,18,301,110,117,4,74,184,368648,0.413,0,0,0,0.000013000
495,496,3,astar,fast,manhattan,gcompare,200,0,0,ok,26,26,6251,2335,2639,82,1277,3612,376840,1.069,0,0,0,0.000334000
496,497,3,astar,fast,manhattan,gcompare,200,0,0,ok,22,22,172,64,63,0,45,109,368648,0.380,0,0,0,0.000010000
497,498,3,astar,fast,manhattan,gcompare,200,0,0,ok,24,24,4634,1738,1903,42,993,2731,368648,0.932,0,0,0,0.000237000
498,499,3,astar,fast,manhattan,gcompare,200,0,0,ok,18,18,259,98,101,2,60,158,368648,0.419,0,0,0,0.000013000
499,500,3,astar,fast,manhattan,gcompare,200,0,0,ok,22,22,658,246,261,8,151,397,368648,0.466,0,0,0,0.000029000
500,501,3,astar,fast,manhattan,gcompare,200,0,0,ok,18,18,315,117,122,2,76,193,368648,0.430,0,0,0,0.000014000
501,502,3,astar,fast,manhattan,gcompare,200,0,0,ok,20,20,493,183,195,6,115,298,368648,0.453,0,0,0,0.000020000
502,503,3,astar,fast,manhattan,gcompare,200,0,0,ok,20,20,838,313,333,4,192,505,368648,0.527,0,0,0,0.000037000
503,504,3,astar,fast,manhattan,gcompare,200,0,0,ok,22,22,686,255,268,4,163,418,368648,0.492,0,0,0,0.000030000
504,505,3,astar,fast,manhattan,gcompare,200,0,0,ok,20,20,616,229,246,3,141,370,368648,0.462,0,0,0,0.000025000
505,506,3,astar,fast,manhattan,gcompare,200,0,0,ok,26,26,5773,2167,2388,57,1218,3385,376840,1.037,0,0,0,0.000304000
506,507,3,astar,fast,manhattan,gcompare,200,0,0,ok,22,22,1923,716,777,16,430,1146,368648,0.601,0,0,0,0.000087000
507,508,3,astar,fast,manhattan,gcompare,200,0,0,ok,22,22,768,288,299,4,181,469,368648,0.476,0,0,0,0.000035000
508,509,3,astar,fast,manhattan,gcompare,200,0,0,ok,18,18,114,41,40,0,33,74,368648,0.354,0,0,0,0.000006000
509,510,3,astar,fast,manhattan,gcompare,200,0,0,ok,16,16,212,79,82,1,51,130,368648,0.393,0,0,0,0.000009000
510,511,3,astar,fast,manhattan,gcompare,200,0,0,ok,24,24,2685,1015,1084,27,586,1601,368648,0.670,0,0,0,0.000127000
511,512,3,astar,fast,manhattan,gcompare,200,0,0,ok,24,24,1480,559,597,15,324,883,368648,0.539,0,0,0,0.000067000
512,513,3,astar,fast,manhattan,gcompare,200,0,0,ok,14,14,324,120,126,1,78,198,368648,0.412,0,0,0,0.000014000
513,514,3,astar,fast,manhattan,gcompare,200,0,0,ok,26,26,6486,2439,2707,80,1340,3779,376840,1.103,0,0,0,0.000354000
514,515,3,astar,fast,manhattan,gcompare,200,0,0,ok,18,18,152,55,54,0,43,98,368648,0.371,0,0,0,0.000007000
515,516,3,astar,fast,manhattan,gcompare,200,0,0,ok,26,26,6009,2251,2488,86,1270,3521,376840,1.043,0,0,0,0.000321000
516,517,3,astar,fast,manhattan,gcompare,200,0,0,ok,22,22,1735,646,698,20,391,1037,368648,0.582,0,0,0,0.000081000
517,518,3,astar,fast,manhattan,gcompare,200,0,0,ok,24,24,2803,1044,1158,41,601,1645,368648,0.721,0,0,0,0.000144000
518,519,3,astar,fast,manhattan,gcompare,200,0,0,ok,22,22,3692,1371,1510,40,811,2182,368648,0.787,0,0,0,0.000181000
519,520,3,astar,fast,manhattan,gcompare,200,0,0,ok,22,22,1513,564,610,15,339,903,368648,0.546,0,0,0,0.000068000
520,521,3,astar,fast,manhattan,gcompare,200,0,0,ok,24,24,2936,1095,1208,36,633,1728,368648,0.717,0,0,0,0.000139000
521,522,3,astar,fast,manhattan,gcompare,200,0,0,ok,24,24,2378,893,994,42,491,1384,368648,0.662,0,0,0,0.000113000
522,523,3,astar,fast,manhattan,gcompare,200,0,0,ok,24,24,1359,510,547,13,302,812,368648,0.565,0,0,0,0.000062000
523,524,3,astar,fast,manhattan,gcompare,200,0,0,ok,22,22,1262,471,502,12,289,760,368648,0.525,0,0,0,0.000056000
524,525,3,astar,fast,manhattan,gcompare,200,0,0,ok,18,18,225,82,86,2,57,139,368648,0.411,0,0,0,0.000010000
525,526,3,astar,fast,manhattan,gcompare,200,0,0,ok,26,26,2049,777,836,20,436,1213,368648,0.617,0,0,0,0.000097000
526,527,3,astar,fast,manhattan,gcompare,200,0,0,ok,24,24,1447,548,587,15,312,860,368648,0.560,0,0,0,0.000067000
527,528,3,astar,fast,manhattan,gcompare,200,0,0,ok,28,28,4239,1613,1788,65,838,2451,368648,0.843,0,0,0,0.000221000
528,529,3,astar,fast,manhattan,gcompare,200,0,0,ok,20,20,767,285,312,13,170,455,368648,0.475,0,0,0,0.000033000
529,530,3,astar,fast,manhattan,gcompare,200,0,0,ok,18,18,443,164,175,4,104,268,368648,0.430,0,0,0,0.000018000
530,531,3,astar,fast,manhattan,gcompare,200,0,0,ok,20,20,412,155,162,4,95,250,368648,0.421,0,0,0,0.000017000
531,532,3,astar,fast,manhattan,gcompare,200,0,0,ok,22,22,2238,833,908,20,497,1330,368648,0.661,0,0,0,0.000102000
532,533,3,astar,fast,manhattan,gcompare,200,0,0,ok,22,22,1706,637,681,11,388,1025,368648,0.585,0,0,0,0.000075000
533,534,3,astar,fast,manhattan,gcompare,200,0,0,ok,24,24,1205,453,484,8,268,721,368648,0.512,0,0,0,0.000053000
534,535,3,astar,fast,manhattan,gcompare,200,0,0,ok,20,20,1858,691,763,15,404,1095,368648,0.631,0,0,0,0.000084000
535,536,3,astar,fast,manhattan,gcompare,200,0,0,ok,20,20,995,370,397,5,228,598,368648,0.502,0,0,0,0.000042000
536,537,3,astar,fast,manhattan,gcompare,200,0,0,ok,18,18,445,165,171,1,109,274,368648,0.448,0,0,0,0.000019000
537,538,3,astar,fast,manhattan,gcompare,200,0,0,ok,26,26,4817,1805,2012,59,1000,2805,368648,0.935,0,0,0,0.000246000
538,539,3,astar,fast,manhattan,gcompare,200,0,0,ok,20,20,1829,680,751,11,398,1078,368648,0.613,0,0,0,0.000082000
539,540,3,astar,fast,manhattan,gcompare,200,0,0,ok,20,20,866,322,345,11,199,521,368648,0.499,0,0,0,0.000040000
540,541,3,astar,fast,manhattan,gcompare,200,0,0,ok,26,26,2998,1126,1230,41,642,1768,368648,0.715,0,0,0,0.000144000
541,542,3,astar,fast,manhattan,gcompare,200,0,0,ok,26,26,3564,1340,1465,53,759,2099,368648,0.780,0,0,0,0.000176000
542,543,3,astar,fast,manhattan,gcompare,200,0,0,ok,22,22,848,319,351,15,178,497,368648,0.478,0,0,0,0.000038000
543,544,3,astar,fast,manhattan,gcompare,200,0,0,ok,26,26,7782,2910,3278,97,1594,4504,409608,1.172,0,0,0,0.000450000
544,545,3,astar,fast,manhattan,gcompare,200,0,0,ok,20,20,1209,448,485,11,276,724,368648,0.521,0,0,0,0.000054000
545,546,3,astar,fast,manhattan,gcompare,200,0,0,ok,24,24,2467,931,1013,17,523,1454,368648,0.696,0,0,0,0.000115000
546,547,3,astar,fast,manhattan,gcompare,200,0,0,ok,26,26,3982,1499,1639,49,844,2343,368648,0.829,0,0,0,0.000200000
547,548,3,astar,fast,manhattan,gcompare,200,0,0,ok,16,16,389,144,150,2,95,239,368648,0.430,0,0,0,0.000017000
548,549,3,astar,fast,manhattan,gcompare,200,0,0,ok,24,24,1175,444,482,19,249,693,368648,0.536,0,0,0,0.000051000
549,550,3,astar,fast,manhattan,gcompare,200,0,0,ok,16,16,100,36,37,1,27,63,368648,0.374,0,0,0,0.000006000
550,551,3,astar,fast,manhattan,gcompare,200,0,0,ok,22,22,985,366,389,7,230,596,368648,0.468,0,0,0,0.000042000
551,552,3,astar,fast,manhattan,gcompare,200,0,0,ok,22,22,1275,477,509,10,289,766,368648,0.513,0,0,0,0.000055000
552,553,3,astar,fast,manhattan,gcompare,200,0,0,ok,24,24,3818,1427,1583,41,808,2235,368648,0.816,0,0,0,0.000188000
553,554,3,astar,fast,manhattan,gcompare,200,0,0,ok,28,28,3694,1409,1541,50,744,2153,368648,0.791,0,0,0,0.000181000
554,555,3,astar,fast,manhattan,gcompare,200,0,0,ok,22,22,464,175,182,3,107,282,368648,0.436,0,0,0,0.000019000
555,556,3,astar,fast,manhattan,gcompare,200,0,0,ok,18,18,62,22,21,0,19,41,368648,0.344,0,0,0,0.000003000
556,557,3,astar,fast,manhattan,gcompare,200,0,0,ok,26,26,5233,1969,2163,59,1101,3070,376840,0.997,0,0,0,0.000271000
557,558,3,astar,fast,manhattan,gcompare,200,0,0,ok,30,30,29467,11098,13181,619,5188,16286,851984,1.445,0,0,0,0.001974000
558,559,3,astar,fast,manhattan,gcompare,200,0,0,ok,24,24,1670,626,694,31,350,976,368648,0.573,0,0,0,0.000076000
559,560,3,astar,fast,manhattan,gcompare,200,0,0,ok,26,26,2509,947,1011,29,551,1498,368648,0.674,0,0,0,0.000118000
560,561,3,astar,fast,manhattan,gcompare,200,0,0,ok,20,20,547,205,226,8,116,321,368648,0.474,0,0,0,0.000025000
561,562,3,astar,fast,manhattan,gcompare,200,0,0,ok,26,26,3523,1323,1460,50,740,2063,368648,0.775,0,0,0,0.000176000
562,563,3,astar,fast,manhattan,gcompare,200,0,0,ok,14,14,129,46,45,0,38,84,368648,0.359,0,0,0,0.000006000
563,564,3,astar,fast,manhattan,gcompare,200,0,0,ok,28,28,15502,5838,6605,247,3059,8897,819216,1.327,0,0,0,0.001013000
564,565,3,astar,fast,manhattan,gcompare,200,0,0,ok,22,22,558,210,216,3,132,342,368648,0.452,0,0,0,0.000025000
565,566,3,astar,fast,manhattan,gcompare,200,0,0,ok,24,24,2515,941,1024,25,550,1491,368648,0.669,0,0,0,0.000120000
566,567,3,astar,fast,manhattan,gcompare,200,0,0,ok,26,26,7510,2801,3136,84,1573,4374,409608,1.182,0,0,0,0.000443000
567,568,3,astar,fast,manhattan,gcompare,200,0,0,ok,26,26,5914,2224,2498,88,1192,3416,376840,1.051,0,0,0,0.000313000
568,569,3,astar,fast,manhattan,gcompare,200,0,0,ok,22,22,1760,659,710,11,391,1050,368648,0.604,0,0,0,0.000079000
569,570,3,astar,fast,manhattan,gcompare,200,0,0,ok,24,24,2115,798,879,26,438,1236,368648,0.643,0,0,0,0.000099000
570,571,3,astar,fast,manhattan,gcompare,200,0,0,ok,22,22,612,230,243,6,139,369,368648,0.465,0,0,0,0.000028000
571,572,3,astar,fast,manhattan,gcompare,200,0,0,ok,22,22,3450,1292,1421,33,737,2029,368648,0.781,0,0,0,0.000164000
572,573,3,astar,fast,manhattan,gcompare,200,0,0,ok,24,24,3734,1393,1548,45,793,2186,368648,0.815,0,0,0,0.000183000
573,574,3,astar,fast,manhattan,gcompare,200,0,0,ok,8,8,25,8,7,0,10,18,368648,0.333,0,0,0,0.000003000
574,575,3,astar,fast,manhattan,gcompare,200,0,0,ok,16,16,124,44,44,0,36,80,368648,0.366,0,0,0,0.000006000
575,576,3,astar,fast,manhattan,gcompare,200,0,0,ok,22,22,1556,585,624,13,347,932,368648,0.580,0,0,0,0.000071000
576,577,3,astar,fast,manhattan,gcompare,200,0,0,ok,26,26,5301,1982,2212,70,1107,3089,376840,0.976,0,0,0,0.000277000
577,578,3,astar,fast,manhattan,gcompare,200,0,0,ok,22,22,736,271,287,4,178,449,368648,0.469,0,0,0,0.000040000
578,579,3,astar,fast,manhattan,gcompare,200,0,0,ok,26,26,1823,691,743,25,389,1080,368648,0.590,0,0,0,0.000084000
579,580,3,astar,fast,manhattan,gcompare,200,0,0,ok,26,26,3398,1273,1394,47,731,2004,368648,0.771,0,0,0,0.000164000
580,581,3,astar,fast,manhattan,gcompare,200,0,0,ok,28,28,13257,4979,5694,206,2584,7563,425992,1.310,0,0,0,0.000801000
581,582,3,astar,fast,manhattan,gcompare,200,0,0,ok,26,26,3216,1214,1344,43,658,1872,368648,0.733,0,0,0,0.000158000
582,583,3,astar,fast,manhattan,gcompare,200,0,0,ok,22,22,958,359,380,9,219,578,368648,0.499,0,0,0,0.000043000
583,584,3,astar,fast,manhattan,gcompare,200,0,0,ok,20,20,1221,454,499,11,268,722,368648,0.570,0,0,0,0.000059000
584,585,3,astar,fast,manhattan,gcompare,200,0,0,ok,26,26,9648,3633,4106,145,1909,5542,409608,1.204,0,0,0,0.000563000
585,586,3,astar,fast,manhattan,gcompare,200,0,0,ok,26,26,3822,1436,1564,46,822,2258,368648,0.809,0,0,0,0.000187000
586,587,3,astar,fast,manhattan,gcompare,200,0,0,ok,24,24,2877,1080,1200,24,597,1677,368648,0.720,0,0,0,0.000137000
587,588,3,astar,fast,manhattan,gcompare,200,0,0,ok,22,22,3754,1410,1570,39,774,2184,368648,0.824,0,0,0,0.000182000
588,589,3,astar,fast,manhattan,gcompare,200,0,0,ok,24,24,1714,646,706,28,362,1008,368648,0.599,0,0,0,0.000080000
589,590,3,astar,fast,manhattan,gcompare,200,0,0,ok,26,26,3871,1451,1586,51,834,2285,368648,0.806,0,0,0,0.000190000
590,591,3,astar,fast,manhattan,gcompare,200,0,0,ok,20,20,597,221,241,8,135,356,368648,0.471,0,0,0,0.000026000
591,592,3,astar,fast,manhattan,gcompare,200,0,0,ok,18,18,128,47,46,0,35,82,368648,0.370,0,0,0,0.000006000
592,593,3,astar,fast,manhattan,gcompare,200,0,0,ok,20,20,967,358,392,7,217,575,368648,0.512,0,0,0,0.000041000
593,594,3,astar,fast,manhattan,gcompare,200,0,0,ok,16,16,76,27,28,1,21,48,368648,0.373,0,0,0,0.000003000
594,595,3,astar,fast,manhattan,gcompare,200,0,0,ok,16,16,168,62,63,1,43,105,368648,0.407,0,0,0,0.000007000
595,596,3,astar,fast,manhattan,gcompare,200,0,0,ok,26,26,6264,2346,2640,98,1278,3624,376840,1.081,0,0,0,0.000332000
596,597,3,astar,fast,manhattan,gcompare,200,0,0,ok,18,18,1021,382,420,13,219,601,368648,0.530,0,0,0,0.000046000
597,598,3,astar,fast,manhattan,gcompare,200,0,0,ok,24,24,2285,858,940,24,487,1345,368648,0.672,0,0,0,0.000104000
598,599,3,astar,fast,manhattan,gcompare,200,0,0,ok,22,22,805,299,324,11,182,481,368648,0.502,0,0,0,0.000038000
599,600,3,astar,fast,manhattan,gcompare,200,0,0,ok,24,24,2703,1016,1097,32,590,1606,368648,0.694,0,0,0,0.000125000
600,601,3,astar,fast,manhattan,gcompare,200,0,0,ok,24,24,824,312,326,6,186,498,368648,0.493,0,0,0,0.000038000
601,602,3,astar,fast,manhattan,gcompare,200,0,0,ok,24,24,986,373,394,9,219,592,368648,0.493,0,0,0,0.000043000
602,603,3,astar,fast,manhattan,gcompare,200,0,0,ok,20,20,383,141,152,4,90,231,368648,0.442,0,0,0,0.000016000
603,604,3,astar,fast,manhattan,gcompare,200,0,0,ok,22,22,2078,776,835,19,467,1243,368648,0.633,0,0,0,0.000093000
604,605,3,astar,fast,manhattan,gcompare,200,0,0,ok,20,20,1015,377,412,12,226,603,368648,0.528,0,0,0,0.000043000
605,606,3,astar,fast,manhattan,gcompare,200,0,0,ok,20,20,327,121,122,0,84,205,368648,0.399,0,0,0,0.000014000
606,607,3,astar,fast,manhattan,gcompare,200,0,0,ok,22,22,2401,894,973,33,534,1428,368648,0.662,0,0,0,0.000114000
607,608,3,astar,fast,manhattan,gcompare,200,0,0,ok,20,20,480,181,189,1,110,291,368648,0.461,0,0,0,0.000021000
608,609,3,astar,fast,manhattan,gcompare,200,0,0,ok,18,18,197,72,71,0,54,126,368648,0.378,0,0,0,0.000009000
609,610,3,astar,fast,manhattan,gcompare,200,0,0,ok,26,26,6653,2495,2815,99,1343,3838,376840,1.109,0,0,0,0.000367000
610,611,3,astar,fast,manhattan,gcompare,200,0,0,ok,18,18,562,208,221,2,133,341,368648,0.453,0,0,0,0.000025000
611,612,3,astar,fast,manhattan,gcompare,200,0,0,ok,22,22,1198,446,469,5,283,729,368648,0.530,0,0,0,0.000051000
612,613,3,astar,fast,manhattan,gcompare,200,0,0,ok,26,26,9369,3514,3983,103,1872,5386,409608,1.233,0,0,0,0.000554000
613,614,3,astar,fast,manhattan,gcompare,200,0,0,ok,24,24,3461,1295,1411,36,755,2050,368648,0.763,0,0,0,0.000170000
614,615,3,astar,fast,manhattan,gcompare,200,0,0,ok,22,22,820,306,333,14,181,487,368648,0.505,0,0,0,0.000038000
615,616,3,astar,fast,manhattan,gcompare,200,0,0,ok,28,28,3183,1213,1329,50,641,1854,368648,0.716,0,0,0,0.000156000
616,617,3,astar,fast,manhattan,gcompare,200,0,0,ok,22,22,2515,950,1045,17,520,1470,368648,0.677,0,0,0,0.000112000
617,618,3,astar,fast,manhattan,gcompare,200,0,0,ok,22,22,1315,492,529,12,294,786,368648,0.555,0,0,0,0.000060000
618,619,3,astar,fast,manhattan,gcompare,200,0,0,ok,24,24,622,233,245,4,144,377,368648,0.451,0,0,0,0.000028000
619,620,3,astar,fast,manhattan,gcompare,200,0,0,ok,14,14,301,112,117,0,72,184,368648,0.423,0,0,0,0.000013000
620,621,3,astar,fast,manhattan,gcompare,200,0,0,ok,24,24,2080,777,851,22,452,1229,368648,0.617,0,0,0,0.000095000
621,622,3,astar,fast,manhattan,gcompare,200,0,0,ok,20,20,1802,674,736,15,392,1066,368648,0.606,0,0,0,0.000083000
622,623,3,astar,fast,manhattan,gcompare,200,0,0,ok,14,14,135,49,49,0,37,86,368648,0.388,0,0,0,0.000006000
623,624,3,astar,fast,manhattan,gcompare,200,0,0,ok,26,26,5846,2194,2431,74,1221,3415,376840,1.022,0,0,0,0.000316000
624,625,3,astar,fast,manhattan,gcompare,200,0,0,ok,24,24,2884,1077,1196,33,611,1688,368648,0.717,0,0,0,0.000136000
625,626,3,astar,fast,manhattan,gcompare,200,0,0,ok,22,22,249,95,94,0,60,155,368648,0.395,0,0,0,0.000010000
626,627,3,astar,fast,manhattan,gcompare,200,0,0,ok,18,18,535,199,212,7,124,323,368648,0.438,0,0,0,0.000023000
627,628,3,astar,fast,manhattan,gcompare,200,0,0,ok,20,20,921,341,372,10,208,549,368648,0.507,0,0,0,0.000039000
628,629,3,astar,fast,manhattan,gcompare,200,0,0,ok,26,26,2989,1119,1234,46,636,1755,368648,0.712,0,0,0,0.000145000
629,630,3,astar,fast,manhattan,gcompare,200,0,0,ok,22,22,1152,430,459,8,263,693,368648,0.540,0,0,0,0.000050000
630,631,3,astar,fast,manhattan,gcompare,200,0,0,ok,18,18,160,58,59,0,43,101,368648,0.390,0,0,0,0.000007000
631,632,3,astar,fast,manhattan,gcompare,200,0,0,ok,28,28,17504,6559,7711,276,3234,9793,819216,1.376,0,0,0,0.001122000
632,633,3,astar,fast,manhattan,gcompare,200,0,0,ok,22,22,2014,747,820,18,447,1194,368648,0.625,0,0,0,0.000093000
633,634,3,astar,fast,manhattan,gcompare,200,0,0,ok,16,16,297,109,112,0,76,185,368648,0.412,0,0,0,0.000014000
634,635,3,astar,fast,manhattan,gcompare,200,0,0,ok,16,16,261,96,99,2,66,162,368648,0.396,0,0,0,0.000012000
635,636,3,astar,fast,manhattan,gcompare,200,0,0,ok,18,18,423,155,166,4,102,257,368648,0.429,0,0,0,0.000018000
636,637,3,astar,fast,manhattan,gcompare,200,0,0,ok,14,14,76,27,26,0,23,50,368648,0.347,0,0,0,0.000004000
637,638,3,astar,fast,manhattan,gcompare,200,0,0,ok,18,18,365,135,139,1,91,226,368648,0.420,0,0,0,0.000016000
638,639,3,astar,fast,manhattan,gcompare,200,0,0,ok,26,26,1047,401,434,15,212,613,368648,0.523,0,0,0,0.000046000
639,640,3,astar,fast,manhattan,gcompare,200,0,0,ok,20,20,649,237,253,7,159,396,368648,0.471,0,0,0,0.000028000
640,641,3,astar,fast,manhattan,gcompare,200,0,0,ok,22,22,2252,833,921,22,498,1331,368648,0.650,0,0,0,0.000102000
641,642,3,astar,fast,manhattan,gcompare,200,0,0,ok,28,28,9097,3431,3841,139,1825,5256,409608,1.184,0,0,0,0.000533000
642,643,3,astar,fast,manhattan,gcompare,200,0,0,ok,22,22,1475,555,588,9,332,887,368648,0.550,0,0,0,0.000066000
643,644,3,astar,fast,manhattan,gcompare,200,0,0,ok,16,16,309,114,117,0,78,192,368648,0.419,0,0,0,0.000014000
644,645,3,astar,fast,manhattan,gcompare,200,0,0,ok,24,24,3546,1326,1464,24,756,2082,368648,0.797,0,0,0,0.000173000
645,646,3,astar,fast,manhattan,gcompare,200,0,0,ok,24,24,982,369,395,10,218,587,368648,0.490,0,0,0,0.000044000
646,647,3,astar,fast,manhattan,gcompare,200,0,0,ok,18,18,447,164,172,4,111,275,368648,0.415,0,0,0,0.000019000
647,648,3,astar,fast,manhattan,gcompare,200,0,0,ok,24,24,2499,939,1017,17,543,1482,368648,0.692,0,0,0,0.000116000
648,649,3,astar,fast,manhattan,gcompare,200,0,0,ok,20,20,1140,424,458,11,258,682,368648,0.536,0,0,0,0.000050000
649,650,3,astar,fast,manhattan,gcompare,200,0,0,ok,24,24,1921,723,789,22,409,1132,368648,0.632,0,0,0,0.000086000
650,651,3,astar,fast,manhattan,gcompare,200,0,0,ok,26,26,3221,1215,1315,42,691,1906,368648,0.745,0,0,0,0.000155000
651,652,3,astar,fast,manhattan,gcompare,200,0,0,ok,18,18,931,345,364,3,222,567,368648,0.510,0,0,0,0.000041000
652,653,3,astar,fast,manhattan,gcompare,200,0,0,ok,24,24,2175,814,885,19,476,1290,368648,0.649,0,0,0,0.000098000
653,654,3,astar,fast,manhattan,gcompare,200,0,0,ok,20,20,628,229,244,6,155,384,368648,0.447,0,0,0,0.000028000
654,655,3,astar,fast,manhattan,gcompare,200,0,0,ok,20,20,348,128,137,4,83,211,368648,0.412,0,0,0,0.000016000
655,656,3,astar,fast,manhattan,gcompare,200,0,0,ok,26,26,3375,1271,1395,38,709,1980,368648,0.774,0,0,0,0.000163000
656,657,3,astar,fast,manhattan,gcompare,200,0,0,ok,18,18,458,169,179,6,110,279,368648,0.438,0,0,0,0.000023000
657,658,3,astar,fast,manhattan,gcompare,200,0,0,ok,22,22,790,296,333,15,161,457,368648,0.494,0,0,0,0.000034000
658,659,3,astar,fast,manhattan,gcompare,200,0,0,ok,20,20,942,348,380,8,214,562,368648,0.510,0,0,0,0.000040000
659,660,3,astar,fast,manhattan,gcompare,200,0,0,ok,16,16,186,69,74,3,43,112,368648,0.432,0,0,0,0.000009000
660,661,3,astar,fast,manhattan,gcompare,200,0,0,ok,14,14,134,48,47,0,39,87,368648,0.376,0,0,0,0.000006000
661,662,3,astar,fast,manhattan,gcompare,200,0,0,ok,20,20,715,266,277,4,172,438,368648,0.436,0,0,0,0.000029000
662,663,3,astar,fast,manhattan,gcompare,200,0,0,ok,26,26,8179,3054,3448,93,1677,4731,409608,1.194,0,0,0,0.000470000
663,664,3,astar,fast,manhattan,gcompare,200,0,0,ok,22,22,1368,509,556,14,303,812,368648,0.558,0,0,0,0.000060000
664,665,3,astar,fast,manhattan,gcompare,200,0,0,ok,22,22,1987,740,796,14,451,1191,368648,0.618,0,0,0,0.000089000
665,666,3,astar,fast,manhattan,gcompare,200,0,0,ok,22,22,751,281,298,8,172,453,368648,0.467,0,0,0,0.000033000
666,667,3,astar,fast,manhattan,gcompare,200,0,0,ok,22,22,822,308,333,12,181,489,368648,0.490,0,0,0,0.000036000
667,668,3,astar,fast,manhattan,gcompare,200,0,0,ok,16,16,62,22,21,0,19,41,368648,0.344,0,0,0,0.000003000
668,669,3,astar,fast,manhattan,gcompare,200,0,0,ok,20,20,452,169,175,1,108,277,368648,0.457,0,0,0,0.000020000
669,670,3,astar,fast,manhattan,gcompare,200,0,0,ok,18,18,601,220,237,5,144,364,368648,0.458,0,0,0,0.000026000
670,671,3,astar,fast,manhattan,gcompare,200,0,0,ok,24,24,2351,880,940,20,531,1411,368648,0.646,0,0,0,0.000107000
671,672,3,astar,fast,manhattan,gcompare,200,0,0,ok,22,22,1243,456,497,12,290,746,368648,0.536,0,0,0,0.000055000
672,673,3,astar,fast,manhattan,gcompare,200,0,0,ok,24,24,2344,877,951,24,516,1393,368648,0.679,0,0,0,0.000107000
673,674,3,astar,fast,manhattan,gcompare,200,0,0,ok,22,22,2232,827,907,18,498,1325,368648,0.632,0,0,0,0.000099000
674,675,3,astar,fast,manhattan,gcompare,200,0,0,ok,26,26,1937,735,789,17,413,1148,368648,0.596,0,0,0,0.000087000
675,676,3,astar,fast,manhattan,gcompare,200,0,0,ok,22,22,273,102,103,1,68,170,368648,0.401,0,0,0,0.000012000
676,677,3,astar,fast,manhattan,gcompare,200,0,0,ok,22,22,1608,600,650,14,358,958,368648,0.579,0,0,0,0.000071000
677,678,3,astar,fast,manhattan,gcompare,200,0,0,ok,20,20,956,356,385,12,215,571,368648,0.507,0,0,0,0.000041000
678,679,3,astar,fast,manhattan,gcompare,200,0,0,ok,22,22,841,312,333,5,196,508,368648,0.508,0,0,0,0.000037000
679,680,3,astar,fast,manhattan,gcompare,200,0,0,ok,18,18,747,276,293,4,178,454,368648,0.476,0,0,0,0.000031000
680,681,3,astar,fast,manhattan,gcompare,200,0,0,ok,22,22,997,371,404,10,222,593,368648,0.520,0,0,0,0.000042000
681,682,3,astar,fast,manhattan,gcompare,200,0,0,ok,24,24,1811,677,742,22,392,1069,368648,0.611,0,0,0,0.000080000
682,683,3,astar,fast,manhattan,gcompare,200,0,0,ok,20,20,645,241,260,7,144,385,368648,0.489,0,0,0,0.000027000
683,684,3,astar,fast,manhattan,gcompare,200,0,0,ok,22,22,865,320,339,6,206,526,368648,0.487,0,0,0,0.000037000
684,685,3,astar,fast,manhattan,gcompare,200,0,0,ok,18,18,89,32,31,0,26,58,368648,0.352,0,0,0,0.000004000
685,686,3,astar,fast,manhattan,gcompare,200,0,0,ok,24,24,2329,873,944,14,512,1385,368648,0.653,0,0,0,0.000105000
686,687,3,astar,fast,manhattan,gcompare,200,0,0,ok,24,24,720,272,288,6,160,432,368648,0.459,0,0,0,0.000032000
687,688,3,astar,fast,manhattan,gcompare,200,0,0,ok,24,24,3121,1166,1259,25,696,1862,368648,0.750,0,0,0,0.000161000
688,689,3,astar,fast,manhattan,gcompare,200,0,0,ok,20,20,631,233,244,4,154,387,368648,0.449,0,0,0,0.000028000
689,690,3,astar,fast,manhattan,gcompare,200,0,0,ok,24,24,2638,988,1072,32,578,1566,368648,0.674,0,0,0,0.000123000
690,691,3,astar,fast,manhattan,gcompare,200,0,0,ok,16,16,307,113,119,1,75,188,368648,0.431,0,0,0,0.000014000
691,692,3,astar,fast,manhattan,gcompare,200,0,0,ok,22,22,1147,424,465,14,258,682,368648,0.524,0,0,0,0.000049000
692,693,3,astar,fast,manhattan,gcompare,200,0,0,ok,20,20,818,306,322,7,190,496,368648,0.497,0,0,0,0.000037000
693,694,3,astar,fast,manhattan,gcompare,200,0,0,ok,22,22,880,324,341,5,215,539,368648,0.506,0,0,0,0.000039000
694,695,3,astar,fast,manhattan,gcompare,200,0,0,ok,14,14,49,18,17,0,14,32,368648,0.375,0,0,0,0.000004000
695,696,3,astar,fast,manhattan,gcompare,200,0,0,ok,24,24,2809,1050,1134,15,625,1675,368648,0.706,0,0,0,0.000135000
696,697,3,astar,fast,manhattan,gcompare,200,0,0,ok,26,26,4558,1717,1920,82,921,2638,368648,0.864,0,0,0,0.000231000
697,698,3,astar,fast,manhattan,gcompare,200,0,0,ok,26,26,9468,3552,4009,130,1907,5459,409608,1.223,0,0,0,0.000566000
698,699,3,astar,fast,manhattan,gcompare,200,0,0,ok,22,22,334,126,130,2,78,204,368648,0.423,0,0,0,0.000015000
699,700,3,astar,fast,manhattan,gcompare,200,0,0,ok,24,24,630,237,255,6,138,375,368648,0.463,0,0,0,0.000028000
700,701,3,astar,fast,manhattan,gcompare,200,0,0,ok,22,22,679,254,272,6,153,407,368648,0.462,0,0,0,0.000029000
701,702,3,astar,fast,manhattan,gcompare,200,0,0,ok,20,20,454,169,177,3,108,277,368648,0.430,0,0,0,0.000019000
702,703,3,astar,fast,manhattan,gcompare,200,0,0,ok,26,26,1823,691,743,25,389,1080,368648,0.590,0,0,0,0.000082000
703,704,3,astar,fast,manhattan,gcompare,200,0,0,ok,24,24,4613,1738,1903,51,972,2710,368648,0.901,0,0,0,0.000236000
704,705,3,astar,fast,manhattan,gcompare,200,0,0,ok,24,24,1311,489,527,16,295,784,368648,0.531,0,0,0,0.000059000
705,706,3,astar,fast,manhattan,gcompare,200,0,0,ok,22,22,805,298,322,7,185,483,368648,0.474,0,0,0,0.000036000
706,707,3,astar,fast,manhattan,gcompare,200,0,0,ok,22,22,656,248,264,6,144,392,368648,0.458,0,0,0,0.000028000
707,708,3,astar,fast,manhattan,gcompare,200,0,0,ok,24,24,3012,1127,1234,34,651,1778,368648,0.758,0,0,0,0.000144000
708,709,3,astar,fast,manhattan,gcompare,200,0,0,ok,24,24,2633,983,1063,19,587,1570,368648,0.674,0,0,0,0.000122000
709,710,3,astar,fast,manhattan,gcompare,200,0,0,ok,20,20,493,180,196,7,117,297,368648,0.437,0,0,0,0.000022000
710,711,3,astar,fast,manhattan,gcompare,200,0,0,ok,24,24,1934,731,789,17,414,1145,368648,0.614,0,0,0,0.000089000
711,712,3,astar,fast,manhattan,gcompare,200,0,0,ok,26,26,2665,1006,1095,40,564,1570,368648,0.689,0,0,0,0.000125000
712,713,3,astar,fast,manhattan,gcompare,200,0,0,ok,10,10,28,10,9,0,9,19,368648,0.333,0,0,0,0.000002000
713,714,3,astar,fast,manhattan,gcompare,200,0,0,ok,24,24,3696,1380,1550,54,766,2146,368648,0.809,0,0,0,0.000191000
714,715,3,astar,fast,manhattan,gcompare,200,0,0,ok,16,16,388,143,146,1,99,242,368648,0.421,0,0,0,0.000018000
715,716,3,astar,fast,manhattan,gcompare,200,0,0,ok,22,22,2220,826,900,26,494,1320,368648,0.665,0,0,0,0.000104000
716,717,3,astar,fast,manhattan,gcompare,200,0,0,ok,26,26,7090,2653,2997,81,1440,4093,376840,1.167,0,0,0,0.000387000
717,718,3,astar,fast,manhattan,gcompare,200,0,0,ok,20,20,697,257,276,10,164,421,368648,0.480,0,0,0,0.000033000
718,719,3,astar,fast,manhattan,gcompare,200,0,0,ok,28,28,9519,3593,3995,130,1931,5524,409608,1.147,0,0,0,0.000560000
719,720,3,astar,fast,manhattan,gcompare,200,0,0,ok,26,26,1570,591,639,18,340,931,368648,0.562,0,0,0,0.000072000
720,721,3,astar,fast,manhattan,gcompare,200,0,0,ok,18,18,369,138,139,1,92,230,368648,0.427,0,0,0,0.000017000
721,722,3,astar,fast,manhattan,gcompare,200,0,0,ok,22,22,548,208,214,3,126,334,368648,0.468,0,0,0,0.000023000
722,723,3,astar,fast,manhattan,gcompare,200,0,0,ok,26,26,2479,928,1016,32,535,1463,368648,0.681,0,0,0,0.000120000
723,724,3,astar,fast,manhattan,gcompare,200,0,0,ok,24,24,4285,1599,1778,56,908,2507,368648,0.901,0,0,0,0.000215000
724,725,3,astar,fast,manhattan,gcompare,200,0,0,ok,20,20,1161,431,457,2,273,704,368648,0.519,0,0,0,0.000049000
725,726,3,astar,fast,manhattan,gcompare,200,0,0,ok,20,20,1228,456,489,8,283,739,368648,0.544,0,0,0,0.000052000
726,727,3,astar,fast,manhattan,gcompare,200,0,0,ok,24,24,1939,733,809,28,397,1130,368648,0.612,0,0,0,0.000086000
727,728,3,astar,fast,manhattan,gcompare,200,0,0,ok,18,18,366,136,157,11,73,209,368648,0.460,0,0,0,0.000015000
728,729,3,astar,fast,manhattan,gcompare,200,0,0,ok,28,28,7215,2722,3037,112,1456,4178,409608,1.126,0,0,0,0.000435000
729,730,3,astar,fast,manhattan,gcompare,200,0,0,ok,22,22,1317,489,532,12,296,785,368648,0.551,0,0,0,0.000061000
730,731,3,astar,fast,manhattan,gcompare,200,0,0,ok,28,28,8953,3365,3769,143,1819,5184,409608,1.169,0,0,0,0.000529000
731,732,3,astar,fast,manhattan,gcompare,200,0,0,ok,22,22,3089,1156,1265,26,668,1824,368648,0.760,0,0,0,0.000148000
732,733,3,astar,fast,manhattan,gcompare,200,0,0,ok,20,20,1285,479,519,12,287,766,368648,0.558,0,0,0,0.000058000
733,734,3,astar,fast,manhattan,gcompare,200,0,0,ok,24,24,2352,880,965,25,507,1387,368648,0.686,0,0,0,0.000121000
734,735,3,astar,fast,manhattan,gcompare,200,0,0,ok,26,26,8802,3306,3763,115,1733,5039,409608,1.189,0,0,0,0.000521000
735,736,3,astar,fast,manhattan,gcompare,200,0,0,ok,20,20,613,227,244,6,142,369,368648,0.474,0,0,0,0.000026000
736,737,3,astar,fast,manhattan,gcompare,200,0,0,ok,16,16,470,173,178,2,119,292,368648,0.439,0,0,0,0.000020000
737,738,3,astar,fast,manhattan,gcompare,200,0,0,ok,16,16,544,201,215,4,128,329,368648,0.453,0,0,0,0.000022000
738,739,3,astar,fast,manhattan,gcompare,200,0,0,ok,22,22,1906,712,769,12,425,1137,368648,0.629,0,0,0,0.000084000
739,740,3,astar,fast,manhattan,gcompare,200,0,0,ok,26,26,2688,1017,1125,32,546,1563,368648,0.691,0,0,0,0.000126000
740,741,3,astar,fast,manhattan,gcompare,200,0,0,ok,24,24,2573,963,1044,26,566,1529,368648,0.685,0,0,0,0.000126000
741,742,3,astar,fast,manhattan,gcompare,200,0,0,ok,22,22,676,249,264,6,163,412,368648,0.470,0,0,0,0.000030000
742,743,3,astar,fast,manhattan,gcompare,200,0,0,ok,18,18,808,297,312,1,199,496,368648,0.472,0,0,0,0.000036000
743,744,3,astar,fast,manhattan,gcompare,200,0,0,ok,16,16,156,58,57,0,41,99,368648,0.387,0,0,0,0.000007000
744,745,3,astar,fast,manhattan,gcompare,200,0,0,ok,24,24,4213,1589,1749,48,875,2464,368648,0.846,0,0,0,0.000211000
745,746,3,astar,fast,manhattan,gcompare,200,0,0,ok,22,22,570,213,221,4,136,349,368648,0.434,0,0,0,0.000026000
746,747,3,astar,fast,manhattan,gcompare,200,0,0,ok,26,26,3741,1412,1541,31,788,2200,368648,0.808,0,0,0,0.000189000
747,748,3,astar,fast,manhattan,gcompare,200,0,0,ok,20,20,480,178,191,4,111,289,368648,0.455,0,0,0,0.000021000
748,749,3,astar,fast,manhattan,gcompare,200,0,0,ok,18,18,320,119,122,0,79,198,368648,0.448,0,0,0,0.000013000
749,750,3,astar,fast,manhattan,gcompare,200,0,0,ok,22,22,1406,527,571,17,308,835,368648,0.559,0,0,0,0.000059000
750,751,3,astar,fast,manhattan,gcompare,200,0,0,ok,28,28,6070,2280,2573,106,1217,3497,376840,1.006,0,0,0,0.000325000
751,752,3,astar,fast,manhattan,gcompare,200,0,0,ok,22,22,1083,405,444,13,234,639,368648,0.528,0,0,0,0.000048000
752,753,3,astar,fast,manhattan,gcompare,200,0,0,ok,18,18,142,52,52,0,38,90,368648,0.411,0,0,0,0.000008000
753,754,3,astar,fast,manhattan,gcompare,200,0,0,ok,18,18,406,149,160,6,97,246,368648,0.435,0,0,0,0.000017000
754,755,3,astar,fast,manhattan,gcompare,200,0,0,ok,20,20,346,128,139,5,79,207,368648,0.423,0,0,0,0.000014000
755,756,3,astar,fast,manhattan,gcompare,200,0,0,ok,22,22,2706,1014,1101,30,591,1605,368648,0.702,0,0,0,0.000128000
756,757,3,astar,fast,manhattan,gcompare,200,0,0,ok,24,24,1400,531,567,8,302,833,368648,0.559,0,0,0,0.000062000
757,758,3,astar,fast,manhattan,gcompare,200,0,0,ok,26,26,5342,2001,2210,74,1131,3132,376840,1.007,0,0,0,0.000283000
758,759,3,astar,fast,manhattan,gcompare,200,0,0,ok,16,16,451,168,174,0,109,277,368648,0.422,0,0,0,0.000022000
759,760,3,astar,fast,manhattan,gcompare,200,0,0,ok,18,18,234,85,88,2,61,146,368648,0.403,0,0,0,0.000011000
760,761,3,astar,fast,manhattan,gcompare,200,0,0,ok,22,22,4086,1528,1696,52,862,2390,368648,0.843,0,0,0,0.000208000
761,762,3,astar,fast,manhattan,gcompare,200,0,0,ok,26,26,4512,1694,1887,69,931,2625,368648,0.883,0,0,0,0.000237000
762,763,3,astar,fast,manhattan,gcompare,200,0,0,ok,24,24,2986,1113,1234,33,639,1752,368648,0.729,0,0,0,0.000146000
763,764,3,astar,fast,manhattan,gcompare,200,0,0,ok,20,20,502,184,192,4,126,310,368648,0.449,0,0,0,0.000025000
764,765,3,astar,fast,manhattan,gcompare,200,0,0,ok,20,20,147,54,54,0,39,93,368648,0.384,0,0,0,0.000007000
765,766,3,astar,fast,manhattan,gcompare,200,0,0,ok,24,24,3000,1119,1249,44,632,1751,368648,0.741,0,0,0,0.000150000
766,767,3,astar,fast,manhattan,gcompare,200,0,0,ok,26,26,1365,518,556,12,291,809,368648,0.536,0,0,0,0.000064000
767,768,3,astar,fast,manhattan,gcompare,200,0,0,ok,20,20,262,97,106,5,59,156,368648,0.425,0,0,0,0.000014000
768,769,3,astar,fast,manhattan,gcompare,200,0,0,ok,30,30,19291,7290,8487,417,3514,10804,819216,1.307,0,0,0,0.001256000
769,770,3,astar,fast,manhattan,gcompare,200,0,0,ok,26,26,2713,1018,1120,43,575,1593,368648,0.694,0,0,0,0.000133000
770,771,3,astar,fast,manhattan,gcompare,200,0,0,ok,16,16,406,148,155,2,103,251,368648,0.405,0,0,0,0.000020000
771,772,3,astar,fast,manhattan,gcompare,200,0,0,ok,26,26,1464,552,595,14,317,869,368648,0.543,0,0,0,0.000065000
772,773,3,astar,fast,manhattan,gcompare,200,0,0,ok,24,24,4445,1658,1850,37,937,2595,368648,0.907,0,0,0,0.000227000
773,774,3,astar,fast,manhattan,gcompare,200,0,0,ok,20,20,915,339,367,12,209,548,368648,0.520,0,0,0,0.000041000
774,775,3,astar,fast,manhattan,gcompare,200,0,0,ok,24,24,497,190,195,3,112,302,368648,0.472,0,0,0,0.000022000
775,776,3,astar,fast,manhattan,gcompare,200,0,0,ok,24,24,1360,507,550,17,303,810,368648,0.542,0,0,0,0.000069000
776,777,3,astar,fast,manhattan,gcompare,200,0,0,ok,18,18,583,216,228,4,139,355,368648,0.448,0,0,0,0.000027000
777,778,3,astar,fast,manhattan,gcompare,200,0,0,ok,20,20,188,69,70,1,49,118,368648,0.401,0,0,0,0.000008000
778,779,3,astar,fast,manhattan,gcompare,200,0,0,ok,22,22,620,232,246,5,142,374,368648,0.459,0,0,0,0.000026000
779,780,3,astar,fast,manhattan,gcompare,200,0,0,ok,24,24,2226,835,902,23,489,1324,368648,0.667,0,0,0,0.000102000
780,781,3,astar,fast,manhattan,gcompare,200,0,0,ok,10,10,49,17,16,0,16,33,368648,0.333,0,0,0,0.000003000
781,782,3,astar,fast,manhattan,gcompare,200,0,0,ok,24,24,2261,843,915,19,503,1346,368648,0.630,0,0,0,0.000104000
782,783,3,astar,fast,manhattan,gcompare,200,0,0,ok,22,22,2307,866,960,15,481,1347,368648,0.656,0,0,0,0.000104000
783,784,3,astar,fast,manhattan,gcompare,200,0,0,ok,22,22,1210,452,498,15,260,712,368648,0.551,0,0,0,0.000055000
784,785,3,astar,fast,manhattan,gcompare,200,0,0,ok,24,24,2162,802,879,22,481,1283,368648,0.627,0,0,0,0.000101000
785,786,3,astar,fast,manhattan,gcompare,200,0,0,ok,22,22,1478,552,605,20,321,873,368648,0.567,0,0,0,0.000067000
786,787,3,astar,fast,manhattan,gcompare,200,0,0,ok,26,26,5051,1894,2105,53,1052,2946,376840,0.955,0,0,0,0.000258000
787,788,3,astar,fast,manhattan,gcompare,200,0,0,ok,22,22,932,348,374,8,210,558,368648,0.503,0,0,0,0.000042000
788,789,3,astar,fast,manhattan,gcompare,200,0,0,ok,26,26,5992,2254,2506,94,1232,3486,376840,1.071,0,0,0,0.000321000
789,790,3,astar,fast,manhattan,gcompare,200,0,0,ok,26,26,3968,1499,1653,56,816,2315,368648,0.825,0,0,0,0.000200000
790,791,3,astar,fast,manhattan,gcompare,200,0,0,ok,20,20,1178,438,479,12,261,699,368648,0.532,0,0,0,0.000054000
791,792,3,astar,fast,manhattan,gcompare,200,0,0,ok,18,18,423,157,165,5,101,258,368648,0.457,0,0,0,0.000020000
792,793,3,astar,fast,manhattan,gcompare,200,0,0,ok,24,24,3176,1188,1289,20,699,1887,368648,0.755,0,0,0,0.000150000
793,794,3,astar,fast,manhattan,gcompare,200,0,0,ok,22,22,1551,582,621,11,348,930,368648,0.586,0,0,0,0.000079000
794,795,3,astar,fast,manhattan,gcompare,200,0,0,ok,18,18,909,333,362,8,214,547,368648,0.500,0,0,0,0.000044000
795,796,3,astar,fast,manhattan,gcompare,200,0,0,ok,22,22,1109,413,447,16,249,662,368648,0.521,0,0,0,0.000056000
796,797,3,astar,fast,manhattan,gcompare,200,0,0,ok,18,18,688,252,271,4,165,417,368648,0.479,0,0,0,0.000033000
797,798,3,astar,fast,manhattan,gcompare,200,0,0,ok,28,28,8915,3360,3803,169,1752,5112,409608,1.159,0,0,0,0.000557000
798,799,3,astar,fast,manhattan,gcompare,200,0,0,ok,26,26,4449,1673,1842,59,934,2607,368648,0.892,0,0,0,0.000225000
799,800,3,astar,fast,manhattan,gcompare,200,0,0,ok,22,22,1054,393,423,8,238,631,368648,0.515,0,0,0,0.000049000
800,801,3,astar,fast,manhattan,gcompare,200,0,0,ok,26,26,4144,1556,1725,46,863,2419,368648,0.818,0,0,0,0.000204000
801,802,3,astar,fast,manhattan,gcompare,200,0,0,ok,24,24,977,368,400,14,209,577,368648,0.502,0,0,0,0.000045000
802,803,3,astar,fast,manhattan,gcompare,200,0,0,ok,24,24,3067,1152,1266,32,649,1801,368648,0.738,0,0,0,0.000147000
803,804,3,astar,fast,manhattan,gcompare,200,0,0,ok,24,24,2154,804,878,27,472,1276,368648,0.670,0,0,0,0.000103000
804,805,3,astar,fast,manhattan,gcompare,200,0,0,ok,20,20,270,99,103,1,68,167,368648,0.405,0,0,0,0.000012000
805,806,3,astar,fast,manhattan,gcompare,200,0,0,ok,22,22,891,334,350,7,207,541,368648,0.469,0,0,0,0.000040000
806,807,3,astar,fast,manhattan,gcompare,200,0,0,ok,18,18,729,270,285,2,174,444,368648,0.456,0,0,0,0.000036000
807,808,3,astar,fast,manhattan,gcompare,200,0,0,ok,18,18,292,109,111,1,72,181,368648,0.388,0,0,0,0.000013000
808,809,3,astar,fast,manhattan,gcompare,200,0,0,ok,18,18,577,214,221,2,142,356,368648,0.443,0,0,0,0.000023000
809,810,3,astar,fast,manhattan,gcompare,200,0,0,ok,24,24,5208,1952,2181,83,1075,3027,376840,0.951,0,0,0,0.000280000
810,811,3,astar,fast,manhattan,gcompare,200,0,0,ok,20,20,1040,389,415,7,236,625,368648,0.513,0,0,0,0.000047000
811,812,3,astar,fast,manhattan,gcompare,200,0,0,ok,18,18,182,68,69,1,45,113,368648,0.409,0,0,0,0.000008000
812,813,3,astar,fast,manhattan,gcompare,200,0,0,ok,22,22,1735,647,707,15,381,1028,368648,0.587,0,0,0,0.000077000
813,814,3,astar,fast,manhattan,gcompare,200,0,0,ok,22,22,440,163,169,3,108,271,368648,0.435,0,0,0,0.000020000
814,815,3,astar,fast,manhattan,gcompare,200,0,0,ok,16,16,618,229,241,5,148,377,368648,0.465,0,0,0,0.000026000
815,816,3,astar,fast,manhattan,gcompare,200,0,0,ok,22,22,1134,425,453,6,256,681,368648,0.539,0,0,0,0.000049000
816,817,3,astar,fast,manhattan,gcompare,200,0,0,ok,26,26,4237,1597,1764,72,876,2473,368648,0.860,0,0,0,0.000210000
817,818,3,astar,fast,manhattan,gcompare,200,0,0,ok,22,22,862,323,342,9,197,520,368648,0.496,0,0,0,0.000038000
818,819,3,astar,fast,manhattan,gcompare,200,0,0,ok,20,20,431,162,168,0,101,263,368648,0.442,0,0,0,0.000017000
819,820,3,astar,fast,manhattan,gcompare,200,0,0,ok,24,24,5070,1896,2099,50,1075,2971,376840,0.959,0,0,0,0.000258000
820,821,3,astar,fast,manhattan,gcompare,200,0,0,ok,18,18,720,266,286,5,168,434,368648,0.473,0,0,0,0.000039000
821,822,3,astar,fast,manhattan,gcompare,200,0,0,ok,12,12,132,49,49,0,34,83,368648,0.382,0,0,0,0.000006000
822,823,3,astar,fast,manhattan,gcompare,200,0,0,ok,18,18,153,56,56,0,41,97,368648,0.382,0,0,0,0.000007000
823,824,3,astar,fast,manhattan,gcompare,200,0,0,ok,18,18,346,132,138,3,76,208,368648,0.449,0,0,0,0.000015000
824,825,3,astar,fast,manhattan,gcompare,200,0,0,ok,20,20,1253,464,503,5,286,750,368648,0.524,0,0,0,0.000052000
825,826,3,astar,fast,manhattan,gcompare,200,0,0,ok,26,26,7490,2788,3148,93,1554,4342,409608,1.195,0,0,0,0.000457000
826,827,3,astar,fast,manhattan,gcompare,200,0,0,ok,16,16,221,82,84,1,55,137,368648,0.391,0,0,0,0.000021000
827,828,3,astar,fast,manhattan,gcompare,200,0,0,ok,22,22,1585,589,650,17,346,935,368648,0.569,0,0,0,0.000069000
828,829,3,astar,fast,manhattan,gcompare,200,0,0,ok,26,26,3093,1166,1263,34,664,1830,368648,0.733,0,0,0,0.000155000
829,830,3,astar,fast,manhattan,gcompare,200,0,0,ok,18,18,149,54,54,0,41,95,368648,0.392,0,0,0,0.000008000
830,831,3,astar,fast,manhattan,gcompare,200,0,0,ok,24,24,2593,971,1058,15,564,1535,368648,0.699,0,0,0,0.000123000
831,832,3,astar,fast,manhattan,gcompare,200,0,0,ok,14,14,60,21,20,0,19,40,368648,0.339,0,0,0,0.000003000
832,833,3,astar,fast,manhattan,gcompare,200,0,0,ok,26,26,4386,1646,1844,68,896,2542,368648,0.899,0,0,0,0.000222000
833,834,3,astar,fast,manhattan,gcompare,200,0,0,ok,22,22,1306,486,522,8,298,784,368648,0.528,0,0,0,0.000058000
834,835,3,astar,fast,manhattan,gcompare,200,0,0,ok,24,24,2100,792,851,22,457,1249,368648,0.647,0,0,0,0.000098000
835,836,3,astar,fast,manhattan,gcompare,200,0,0,ok,22,22,2750,1034,1138,26,578,1612,368648,0.725,0,0,0,0.000133000
836,837,3,astar,fast,manhattan,gcompare,200,0,0,ok,22,22,943,354,378,8,211,565,368648,0.504,0,0,0,0.000042000
837,838,3,astar,fast,manhattan,gcompare,200,0,0,ok,22,22,1056,394,418,7,244,638,368648,0.497,0,0,0,0.000044000
838,839,3,astar,fast,manhattan,gcompare,200,0,0,ok,24,24,1828,687,751,24,390,1077,368648,0.596,0,0,0,0.000086000
839,840,3,astar,fast,manhattan,gcompare,200,0,0,ok,24,24,2149,802,882,26,465,1267,368648,0.650,0,0,0,0.000099000
840,841,3,astar,fast,manhattan,gcompare,200,0,0,ok,22,22,1055,393,427,13,235,628,368648,0.517,0,0,0,0.000047000
841,842,3,astar,fast,manhattan,gcompare,200,0,0,ok,26,26,3978,1500,1671,71,807,2307,368648,0.841,0,0,0,0.000199000
842,843,3,astar,fast,manhattan,gcompare,200,0,0,ok,20,20,404,150,155,0,99,249,368648,0.444,0,0,0,0.000018000
843,844,3,astar,fast,manhattan,gcompare,200,0,0,ok,20,20,1580,589,643,8,348,937,368648,0.580,0,0,0,0.000070000
844,845,3,astar,fast,manhattan,gcompare,200,0,0,ok,24,24,2464,920,1004,32,540,1460,368648,0.655,0,0,0,0.000114000
845,846,3,astar,fast,manhattan,gcompare,200,0,0,ok,22,22,847,312,332,7,203,515,368648,0.493,0,0,0,0.000037000
846,847,3,astar,fast,manhattan,gcompare,200,0,0,ok,24,24,2125,793,859,26,473,1266,368648,0.633,0,0,0,0.000098000
847,848,3,astar,fast,manhattan,gcompare,200,0,0,ok,26,26,7152,2680,3041,112,1431,4111,409608,1.173,0,0,0,0.000420000
848,849,3,astar,fast,manhattan,gcompare,200,0,0,ok,20,20,391,146,149,1,96,242,368648,0.410,0,0,0,0.000018000
849,850,3,astar,fast,manhattan,gcompare,200,0,0,ok,20,20,808,301,326,9,181,482,368648,0.477,0,0,0,0.000034000
850,851,3,astar,fast,manhattan,gcompare,200,0,0,ok,26,26,4359,1643,1829,67,887,2530,368648,0.868,0,0,0,0.000220000
851,852,3,astar,fast,manhattan,gcompare,200,0,0,ok,24,24,1918,719,786,15,413,1132,368648,0.610,0,0,0,0.000089000
852,853,3,astar,fast,manhattan,gcompare,200,0,0,ok,26,26,3927,1474,1643,52,810,2284,368648,0.804,0,0,0,0.000195000
853,854,3,astar,fast,manhattan,gcompare,200,0,0,ok,24,24,2868,1072,1156,23,640,1712,368648,0.732,0,0,0,0.000138000
854,855,3,astar,fast,manhattan,gcompare,200,0,0,ok,20,20,1060,397,432,12,231,628,368648,0.508,0,0,0,0.000046000
855,856,3,astar,fast,manhattan,gcompare,200,0,0,ok,26,26,1461,551,597,21,313,864,368648,0.538,0,0,0,0.000065000
856,857,3,astar,fast,manhattan,gcompare,200,0,0,ok,22,22,1101,409,432,8,260,669,368648,0.517,0,0,0,0.000050000
857,858,3,astar,fast,manhattan,gcompare,200,0,0,ok,20,20,915,338,370,6,207,545,368648,0.502,0,0,0,0.000039000
858,859,3,astar,fast,manhattan,gcompare,200,0,0,ok,20,20,764,285,307,3,172,457,368648,0.491,0,0,0,0.000032000
859,860,3,astar,fast,manhattan,gcompare,200,0,0,ok,18,18,200,72,72,0,56,128,368648,0.387,0,0,0,0.000018000
860,861,3,astar,fast,manhattan,gcompare,200,0,0,ok,18,18,852,316,345,5,191,507,368648,0.501,0,0,0,0.000036000
861,862,3,astar,fast,manhattan,gcompare,200,0,0,ok,16,16,83,30,29,0,24,54,368648,0.366,0,0,0,0.000004000
862,863,3,astar,fast,manhattan,gcompare,200,0,0,ok,22,22,1293,485,520,14,288,773,368648,0.528,0,0,0,0.000054000
863,864,3,astar,fast,manhattan,gcompare,200,0,0,ok,26,26,4202,1577,1747,54,878,2455,368648,0.880,0,0,0,0.000212000
864,865,3,astar,fast,manhattan,gcompare,200,0,0,ok,16,16,269,97,100,2,72,169,368648,0.407,0,0,0,0.000012000
865,866,3,astar,fast,manhattan,gcompare,200,0,0,ok,24,24,1779,666,715,22,398,1064,368648,0.597,0,0,0,0.000083000
866,867,3,astar,fast,manhattan,gcompare,200,0,0,ok,26,26,2143,809,874,21,460,1269,368648,0.641,0,0,0,0.000099000
867,868,3,astar,fast,manhattan,gcompare,200,0,0,ok,20,20,450,167,178,1,105,272,368648,0.452,0,0,0,0.000019000
868,869,3,astar,fast,manhattan,gcompare,200,0,0,ok,26,26,3117,1171,1283,41,663,1834,368648,0.728,0,0,0,0.000150000
869,870,3,astar,fast,manhattan,gcompare,200,0,0,ok,24,24,1543,581,625,18,337,918,368648,0.565,0,0,0,0.000073000
870,871,3,astar,fast,manhattan,gcompare,200,0,0,ok,22,22,477,177,184,2,116,293,368648,0.437,0,0,0,0.000021000
871,872,3,astar,fast,manhattan,gcompare,200,0,0,ok,16,16,204,76,77,0,51,127,368648,0.399,0,0,0,0.000009000
872,873,3,astar,fast,manhattan,gcompare,200,0,0,ok,22,22,1143,427,449,5,267,694,368648,0.514,0,0,0,0.000047000
873,874,3,astar,fast,manhattan,gcompare,200,0,0,ok,20,20,1020,379,406,10,235,614,368648,0.511,0,0,0,0.000043000
874,875,3,astar,fast,manhattan,gcompare,200,0,0,ok,16,16,228,83,88,3,57,140,368648,0.432,0,0,0,0.000010000
875,876,3,astar,fast,manhattan,gcompare,200,0,0,ok,22,22,869,324,355,12,190,514,368648,0.503,0,0,0,0.000039000
876,877,3,astar,fast,manhattan,gcompare,200,0,0,ok,22,22,2159,805,866,19,488,1293,368648,0.639,0,0,0,0.000097000
877,878,3,astar,fast,manhattan,gcompare,200,0,0,ok,20,20,511,189,199,4,123,312,368648,0.469,0,0,0,0.000022000
878,879,3,astar,fast,manhattan,gcompare,200,0,0,ok,22,22,698,262,270,3,166,428,368648,0.461,0,0,0,0.000030000
879,880,3,astar,fast,manhattan,gcompare,200,0,0,ok,22,22,2183,807,890,33,486,1293,368648,0.664,0,0,0,0.000100000
880,881,3,astar,fast,manhattan,gcompare,200,0,0,ok,24,24,624,234,245,5,145,379,368648,0.472,0,0,0,0.000027000
881,882,3,astar,fast,manhattan,gcompare,200,0,0,ok,20,20,760,282,298,3,180,462,368648,0.470,0,0,0,0.000032000
882,883,3,astar,fast,manhattan,gcompare,200,0,0,ok,20,20,650,243,257,5,150,393,368648,0.487,0,0,0,0.000028000
883,884,3,astar,fast,manhattan,gcompare,200,0,0,ok,24,24,4512,1683,1852,40,977,2660,368648,0.892,0,0,0,0.000226000
884,885,3,astar,fast,manhattan,gcompare,200,0,0,ok,28,28,13516,5081,5761,172,2674,7755,425992,1.341,0,0,0,0.000831000
885,886,3,astar,fast,manhattan,gcompare,200,0,0,ok,22,22,1698,634,693,15,371,1005,368648,0.592,0,0,0,0.000079000
886,887,3,astar,fast,manhattan,gcompare,200,0,0,ok,20,20,647,241,255,4,151,392,368648,0.466,0,0,0,0.000028000
887,888,3,astar,fast,manhattan,gcompare,200,0,0,ok,28,28,4900,1855,2047,79,998,2853,368648,0.912,0,0,0,0.000248000
888,889,3,astar,fast,manhattan,gcompare,200,0,0,ok,20,20,552,206,214,4,132,338,368648,0.428,0,0,0,0.000026000
889,890,3,astar,fast,manhattan,gcompare,200,0,0,ok,20,20,993,369,393,8,231,600,368648,0.499,0,0,0,0.000041000
890,891,3,astar,fast,manhattan,gcompare,200,0,0,ok,28,28,7523,2840,3180,114,1503,4343,409608,1.140,0,0,0,0.000443000
891,892,3,astar,fast,manhattan,gcompare,200,0,0,ok,24,24,2015,757,830,27,428,1185,368648,0.581,0,0,0,0.000090000
892,893,3,astar,fast,manhattan,gcompare,200,0,0,ok,22,22,1511,566,621,23,324,890,368648,0.575,0,0,0,0.000070000
893,894,3,astar,fast,manhattan,gcompare,200,0,0,ok,26,26,3674,1380,1515,46,779,2159,368648,0.790,0,0,0,0.000184000
894,895,3,astar,fast,manhattan,gcompare,200,0,0,ok,22,22,1500,557,594,10,349,906,368648,0.566,0,0,0,0.000067000
895,896,3,astar,fast,manhattan,gcompare,200,0,0,ok,26,26,2196,827,908,29,461,1288,368648,0.641,0,0,0,0.000104000
896,897,3,astar,fast,manhattan,gcompare,200,0,0,ok,24,24,2579,970,1047,19,562,1532,368648,0.701,0,0,0,0.000122000
897,898,3,astar,fast,manhattan,gcompare,200,0,0,ok,20,20,313,116,122,3,75,191,368648,0.436,0,0,0,0.000015000
898,899,3,astar,fast,manhattan,gcompare,200,0,0,ok,22,22,1325,493,523,10,309,802,368648,0.562,0,0,0,0.000060000
899,900,3,astar,fast,manhattan,gcompare,200,0,0,ok,18,18,274,103,105,1,66,169,368648,0.407,0,0,0,0.000014000
900,901,3,astar,fast,manhattan,gcompare,200,0,0,ok,24,24,2664,1000,1089,27,575,1575,368648,0.714,0,0,0,0.000127000
901,902,3,astar,fast,manhattan,gcompare,200,0,0,ok,24,24,1698,640,687,18,371,1011,368648,0.603,0,0,0,0.000089000
902,903,3,astar,fast,manhattan,gcompare,200,0,0,ok,16,16,315,115,118,1,82,197,368648,0.420,0,0,0,0.000017000
903,904,3,astar,fast,manhattan,gcompare,200,0,0,ok,22,22,1356,503,543,16,310,813,368648,0.531,0,0,0,0.000061000
904,905,3,astar,fast,manhattan,gcompare,200,0,0,ok,26,26,4586,1718,1927,66,941,2659,368648,0.892,0,0,0,0.000243000
905,906,3,astar,fast,manhattan,gcompare,200,0,0,ok,20,20,1247,462,510,16,275,737,368648,0.546,0,0,0,0.000055000
906,907,3,astar,fast,manhattan,gcompare,200,0,0,ok,20,20,555,210,216,2,129,339,368648,0.431,0,0,0,0.000025000
907,908,3,astar,fast,manhattan,gcompare,200,0,0,ok,24,24,2651,990,1080,32,581,1571,368648,0.683,0,0,0,0.000122000
908,909,3,astar,fast,manhattan,gcompare,200,0,0,ok,26,26,2801,1051,1154,37,596,1647,368648,0.722,0,0,0,0.000131000
909,910,3,astar,fast,manhattan,gcompare,200,0,0,ok,20,20,851,316,327,3,208,524,368648,0.464,0,0,0,0.000035000
910,911,3,astar,fast,manhattan,gcompare,200,0,0,ok,22,22,1350,502,539,13,309,811,368648,0.545,0,0,0,0.000059000
911,912,3,astar,fast,manhattan,gcompare,200,0,0,ok,18,18,185,67,68,1,50,117,368648,0.402,0,0,0,0.000008000
912,913,3,astar,fast,manhattan,gcompare,200,0,0,ok,24,24,3060,1147,1264,39,649,1796,368648,0.747,0,0,0,0.000144000
913,914,3,astar,fast,manhattan,gcompare,200,0,0,ok,22,22,3274,1221,1345,29,708,1929,368648,0.784,0,0,0,0.000159000
914,915,3,astar,fast,manhattan,gcompare,200,0,0,ok,22,22,999,372,403,14,224,596,368648,0.523,0,0,0,0.000045000
915,916,3,astar,fast,manhattan,gcompare,200,0,0,ok,22,22,885,331,355,12,199,530,368648,0.511,0,0,0,0.000038000
916,917,3,astar,fast,manhattan,gcompare,200,0,0,ok,24,24,485,185,194,4,106,291,368648,0.465,0,0,0,0.000022000
917,918,3,astar,fast,manhattan,gcompare,200,0,0,ok,18,18,617,225,247,11,145,370,368648,0.471,0,0,0,0.000027000
918,919,3,astar,fast,manhattan,gcompare,200,0,0,ok,24,24,2333,875,971,37,487,1362,368648,0.663,0,0,0,0.000104000
919,920,3,astar,fast,manhattan,gcompare,200,0,0,ok,28,28,10756,4047,4589,173,2120,6167,425992,1.231,0,0,0,0.000647000
920,921,3,astar,fast,manhattan,gcompare,200,0,0,ok,22,22,1672,619,675,10,378,997,368648,0.595,0,0,0,0.000075000
921,922,3,astar,fast,manhattan,gcompare,200,0,0,ok,24,24,1992,748,823,34,421,1169,368648,0.609,0,0,0,0.000090000
922,923,3,astar,fast,manhattan,gcompare,200,0,0,ok,24,24,2928,1100,1209,45,619,1719,368648,0.712,0,0,0,0.000141000
923,924,3,astar,fast,manhattan,gcompare,200,0,0,ok,22,22,1480,549,588,11,343,892,368648,0.577,0,0,0,0.000073000
924,925,3,astar,fast,manhattan,gcompare,200,0,0,ok,26,26,1424,541,570,9,313,854,368648,0.550,0,0,0,0.000065000
925,926,3,astar,fast,manhattan,gcompare,200,0,0,ok,18,18,458,169,181,5,108,277,368648,0.438,0,0,0,0.000021000
926,927,3,astar,fast,manhattan,gcompare,200,0,0,ok,18,18,278,103,108,2,67,170,368648,0.422,0,0,0,0.000012000
927,928,3,astar,fast,manhattan,gcompare,200,0,0,ok,10,10,32,10,9,0,13,23,368648,0.290,0,0,0,0.000002000
928,929,3,astar,fast,manhattan,gcompare,200,0,0,ok,24,24,4393,1640,1832,59,921,2561,368648,0.888,0,0,0,0.000219000
929,930,3,astar,fast,manhattan,gcompare,200,0,0,ok,20,20,732,272,295,6,165,437,368648,0.475,0,0,0,0.000031000
930,931,3,astar,fast,manhattan,gcompare,200,0,0,ok,24,24,1394,528,561,9,305,833,368648,0.548,0,0,0,0.000061000
931,932,3,astar,fast,manhattan,gcompare,200,0,0,ok,24,24,1469,548,599,21,322,870,368648,0.567,0,0,0,0.000067000
932,933,3,astar,fast,manhattan,gcompare,200,0,0,ok,22,22,1118,416,438,5,264,680,368648,0.525,0,0,0,0.000048000
933,934,3,astar,fast,manhattan,gcompare,200,0,0,ok,16,16,150,53,52,0,45,98,368648,0.376,0,0,0,0.000006000
934,935,3,astar,fast,manhattan,gcompare,200,0,0,ok,24,24,4197,1565,1759,55,873,2438,368648,0.882,0,0,0,0.000205000
935,936,3,astar,fast,manhattan,gcompare,200,0,0,ok,26,26,4326,1631,1789,53,906,2537,368648,0.880,0,0,0,0.000210000
936,937,3,astar,fast,manhattan,gcompare,200,0,0,ok,20,20,1163,429,458,7,276,705,368648,0.517,0,0,0,0.000055000
937,938,3,astar,fast,manhattan,gcompare,200,0,0,ok,22,22,1478,556,616,29,306,862,368648,0.561,0,0,0,0.000066000
938,939,3,astar,fast,manhattan,gcompare,200,0,0,ok,26,26,3254,1220,1327,37,707,1927,368648,0.729,0,0,0,0.000160000
939,940,3,astar,fast,manhattan,gcompare,200,0,0,ok,24,24,3230,1213,1320,28,697,1910,368648,0.771,0,0,0,0.000161000
940,941,3,astar,fast,manhattan,gcompare,200,0,0,ok,22,22,1163,432,467,10,264,696,368648,0.525,0,0,0,0.000054000
941,942,3,astar,fast,manhattan,gcompare,200,0,0,ok,24,24,1545,580,628,8,337,917,368648,0.562,0,0,0,0.000070000
942,943,3,astar,fast,manhattan,gcompare,200,0,0,ok,24,24,3680,1378,1558,73,744,2122,368648,0.783,0,0,0,0.000179000
943,944,3,astar,fast,manhattan,gcompare,200,0,0,ok,28,28,13139,4917,5651,195,2571,7488,425992,1.319,0,0,0,0.000815000
944,945,3,astar,fast,manhattan,gcompare,200,0,0,ok,20,20,757,280,305,11,172,452,368648,0.522,0,0,0,0.000034000
945,946,3,astar,fast,manhattan,gcompare,200,0,0,ok,22,22,1388,517,561,16,310,827,368648,0.528,0,0,0,0.000062000
946,947,3,astar,fast,manhattan,gcompare,200,0,0,ok,22,22,1252,470,505,10,277,747,368648,0.536,0,0,0,0.000059000
947,948,3,astar,fast,manhattan,gcompare,200,0,0,ok,24,24,2399,900,968,25,531,1431,368648,0.643,0,0,0,0.000111000
948,949,3,astar,fast,manhattan,gcompare,200,0,0,ok,24,24,4180,1562,1743,43,875,2437,368648,0.862,0,0,0,0.000211000
949,950,3,astar,fast,manhattan,gcompare,200,0,0,ok,24,24,3793,1425,1544,33,824,2249,368648,0.828,0,0,0,0.000189000
950,951,3,astar,fast,manhattan,gcompare,200,0,0,ok,22,22,767,288,299,1,180,468,368648,0.479,0,0,0,0.000034000
951,952,3,astar,fast,manhattan,gcompare,200,0,0,ok,22,22,1391,521,554,10,316,837,368648,0.542,0,0,0,0.000061000
952,953,3,astar,fast,manhattan,gcompare,200,0,0,ok,22,22,1947,732,792,22,423,1155,368648,0.605,0,0,0,0.000089000
953,954,3,astar,fast,manhattan,gcompare,200,0,0,ok,20,20,299,111,110,0,78,189,368648,0.409,0,0,0,0.000014000
954,955,3,astar,fast,manhattan,gcompare,200,0,0,ok,26,26,8752,3285,3708,121,1759,5044,409608,1.173,0,0,0,0.000516000
955,956,3,astar,fast,manhattan,gcompare,200,0,0,ok,22,22,381,143,151,3,87,230,368648,0.418,0,0,0,0.000019000
956,957,3,astar,fast,manhattan,gcompare,200,0,0,ok,22,22,433,163,168,3,102,265,368648,0.433,0,0,0,0.000019000
957,958,3,astar,fast,manhattan,gcompare,200,0,0,ok,18,18,202,74,75,1,53,127,368648,0.383,0,0,0,0.000010000
958,959,3,astar,fast,manhattan,gcompare,200,0,0,ok,26,26,4645,1745,1943,60,957,2702,368648,0.910,0,0,0,0.000235000
959,960,3,astar,fast,manhattan,gcompare,200,0,0,ok,20,20,199,74,74,0,51,125,368648,0.399,0,0,0,0.000010000
960,961,3,astar,fast,manhattan,gcompare,200,0,0,ok,18,18,816,300,333,8,183,483,368648,0.493,0,0,0,0.000035000
961,962,3,astar,fast,manhattan,gcompare,200,0,0,ok,20,20,990,370,408,15,212,582,368648,0.491,0,0,0,0.000042000
962,963,3,astar,fast,manhattan,gcompare,200,0,0,ok,10,10,44,15,14,0,15,30,368648,0.326,0,0,0,0.000002000
963,964,3,astar,fast,manhattan,gcompare,200,0,0,ok,20,20,1186,439,464,8,283,722,368648,0.517,0,0,0,0.000049000
964,965,3,astar,fast,manhattan,gcompare,200,0,0,ok,22,22,1907,705,763,23,439,1144,368648,0.643,0,0,0,0.000088000
965,966,3,astar,fast,manhattan,gcompare,200,0,0,ok,22,22,1114,416,444,12,254,670,368648,0.517,0,0,0,0.000049000
966,967,3,astar,fast,manhattan,gcompare,200,0,0,ok,22,22,1535,575,624,17,336,911,368648,0.586,0,0,0,0.000067000
967,968,3,astar,fast,manhattan,gcompare,200,0,0,ok,18,18,103,37,36,0,30,67,368648,0.363,0,0,0,0.000006000
968,969,3,astar,fast,manhattan,gcompare,200,0,0,ok,22,22,1832,680,749,19,403,1083,368648,0.647,0,0,0,0.000083000
969,970,3,astar,fast,manhattan,gcompare,200,0,0,ok,24,24,1493,562,602,18,329,891,368648,0.564,0,0,0,0.000067000
970,971,3,astar,fast,manhattan,gcompare,200,0,0,ok,26,26,8292,3103,3514,116,1675,4778,409608,1.180,0,0,0,0.000494000
971,972,3,astar,fast,manhattan,gcompare,200,0,0,ok,24,24,2133,801,871,26,461,1262,368648,0.628,0,0,0,0.000099000
972,973,3,astar,fast,manhattan,gcompare,200,0,0,ok,24,24,2752,1030,1135,42,587,1617,368648,0.688,0,0,0,0.000128000
973,974,3,astar,fast,manhattan,gcompare,200,0,0,ok,22,22,1592,591,641,21,360,951,368648,0.585,0,0,0,0.000081000
974,975,3,astar,fast,manhattan,gcompare,200,0,0,ok,24,24,1498,560,587,11,351,911,368648,0.562,0,0,0,0.000068000
975,976,3,astar,fast,manhattan,gcompare,200,0,0,ok,22,22,1117,418,448,10,251,669,368648,0.526,0,0,0,0.000050000
976,977,3,astar,fast,manhattan,gcompare,200,0,0,ok,20,20,287,106,109,1,72,178,368648,0.406,0,0,0,0.000012000
977,978,3,astar,fast,manhattan,gcompare,200,0,0,ok,20,20,544,202,211,4,131,333,368648,0.427,0,0,0,0.000021000
978,979,3,astar,fast,manhattan,gcompare,200,0,0,ok,24,24,4089,1530,1708,47,851,2381,368648,0.831,0,0,0,0.000194000
979,980,3,astar,fast,manhattan,gcompare,200,0,0,ok,20,20,1223,454,495,17,274,728,368648,0.556,0,0,0,0.000055000
980,981,3,astar,fast,manhattan,gcompare,200,0,0,ok,12,12,35,12,11,0,12,24,368648,0.324,0,0,0,0.000002000
981,982,3,astar,fast,manhattan,gcompare,200,0,0,ok,18,18,732,274,291,1,167,441,368648,0.487,0,0,0,0.000030000
982,983,3,astar,fast,manhattan,gcompare,200,0,0,ok,22,22,2629,984,1070,15,575,1559,368648,0.694,0,0,0,0.000119000
983,984,3,astar,fast,manhattan,gcompare,200,0,0,ok,24,24,3300,1233,1355,39,712,1945,368648,0.755,0,0,0,0.000159000
984,985,3,astar,fast,manhattan,gcompare,200,0,0,ok,20,20,907,337,368,9,202,539,368648,0.502,0,0,0,0.000039000
985,986,3,astar,fast,manhattan,gcompare,200,0,0,ok,22,22,730,272,284,6,174,446,368648,0.486,0,0,0,0.000033000
986,987,3,astar,fast,manhattan,gcompare,200,0,0,ok,22,22,880,327,354,10,199,526,368648,0.481,0,0,0,0.000038000
987,988,3,astar,fast,manhattan,gcompare,200,0,0,ok,22,22,1067,395,412,5,260,655,368648,0.490,0,0,0,0.000046000
988,989,3,astar,fast,manhattan,gcompare,200,0,0,ok,26,26,5902,2218,2485,90,1199,3417,376840,1.038,0,0,0,0.000319000
989,990,3,astar,fast,manhattan,gcompare,200,0,0,ok,22,22,1136,425,450,9,261,686,368648,0.530,0,0,0,0.000049000
990,991,3,astar,fast,manhattan,gcompare,200,0,0,ok,24,24,1650,622,671,19,357,979,368648,0.575,0,0,0,0.000075000
991,992,3,astar,fast,manhattan,gcompare,200,0,0,ok,24,24,3301,1237,1346,36,718,1955,368648,0.754,0,0,0,0.000159000
992,993,3,astar,fast,manhattan,gcompare,200,0,0,ok,20,20,168,62,61,0,45,107,368648,0.413,0,0,0,0.000009000
993,994,3,astar,fast,manhattan,gcompare,200,0,0,ok,24,24,2009,751,823,21,435,1186,368648,0.643,0,0,0,0.000092000
994,995,3,astar,fast,manhattan,gcompare,200,0,0,ok,20,20,951,353,380,6,218,571,368648,0.512,0,0,0,0.000051000
995,996,3,astar,fast,manhattan,gcompare,200,0,0,ok,26,26,3155,1188,1293,36,674,1862,368648,0.742,0,0,0,0.000150000
996,997,3,astar,fast,manhattan,gcompare,200,0,0,ok,24,24,3771,1410,1562,37,799,2209,368648,0.845,0,0,0,0.000184000
997,998,3,astar,fast,manhattan,gcompare,200,0,0,ok,24,24,2204,829,891,21,484,1313,368648,0.630,0,0,0,0.000103000
998,999,3,astar,fast,manhattan,gcompare,200,0,0,ok,22,22,926,350,372,11,204,554,368648,0.483,0,0,0,0.000042000
999,1000,3,astar,fast,manhattan,gcompare,200,0,0,ok,24,24,2231,841,918,31,472,1313,368648,0.625,0,0,0,0.000109000
